{
  "dataset_revision": "2000358ca161889fa9c082cb41daa8dcfb161a54",
  "evaluation_time": 41.86075401306152,
  "kg_co2_emissions": null,
  "mteb_version": "1.14.19",
  "scores": {
    "test": [
      {
        "hf_subset": "default",
        "languages": [
          "eng-Latn"
        ],
        "main_score": 0.5018285665585144,
        "map": 0.5018285665585144,
        "mrr": 0.6485457063711911,
        "nAUC_map_diff1": 0.119490917365881,
        "nAUC_map_max": 0.14952215406555355,
        "nAUC_map_std": 0.09543340502928323,
        "nAUC_mrr_diff1": 0.15826368787303985,
        "nAUC_mrr_max": 0.1361091317732105,
        "nAUC_mrr_std": 0.07522275230303485
      }
    ]
  },
  "task_name": "AskUbuntuDupQuestions"
}