{
  "dataset_revision": "d3fb88f8f02e40887cd149695127462bbcf29b4a",
  "evaluation_time": 7.490545749664307,
  "kg_co2_emissions": null,
  "mteb_version": "1.14.19",
  "scores": {
    "test": [
      {
        "cosine_pearson": 0.8152009651267663,
        "cosine_spearman": 0.7920180466684802,
        "euclidean_pearson": 0.7876918796044997,
        "euclidean_spearman": 0.7760297305566227,
        "hf_subset": "default",
        "languages": [
          "eng-Latn"
        ],
        "main_score": 0.7920180466684802,
        "manhattan_pearson": 0.7967331075198644,
        "manhattan_spearman": 0.7816684132547006,
        "pearson": 0.8152009651267663,
        "spearman": 0.7920180466684802
      }
    ]
  },
  "task_name": "BIOSSES"
}