{
  "dataset_revision": "59042f120c80e8afa9cdbb224f67076cec0fc9a7",
  "evaluation_time": 105.28300976753235,
  "kg_co2_emissions": null,
  "mteb_version": "1.14.20",
  "scores": {
    "test": [
      {
        "hf_subset": "default",
        "languages": [
          "eng-Latn"
        ],
        "main_score": 0.26505736374629696,
        "map": 0.26505736374629696,
        "mrr": 0.27045754687639145,
        "nAUC_map_diff1": 0.11021894027402315,
        "nAUC_map_max": -0.197675047106915,
        "nAUC_map_std": -0.13538160321159193,
        "nAUC_mrr_diff1": 0.11895041754682473,
        "nAUC_mrr_max": -0.1285188455293568,
        "nAUC_mrr_std": -0.09776442942834779
      }
    ]
  },
  "task_name": "MindSmallReranking"
}