{
  "dataset_revision": "d3c5e1fc0b855ab6097bf1cda04dd73947d7caab",
  "evaluation_time": 27.393539428710938,
  "kg_co2_emissions": null,
  "mteb_version": "1.14.20",
  "scores": {
    "test": [
      {
        "hf_subset": "default",
        "languages": [
          "eng-Latn"
        ],
        "main_score": 0.3908732241649268,
        "map": 0.3908732241649268,
        "mrr": 0.617965875809013,
        "nAUC_map_diff1": 0.21561721016789342,
        "nAUC_map_max": 0.4156360896218662,
        "nAUC_map_std": 0.3011803549648788,
        "nAUC_mrr_diff1": 0.3312934036575159,
        "nAUC_mrr_max": 0.41793366466830895,
        "nAUC_mrr_std": 0.2599346993092875
      }
    ]
  },
  "task_name": "SciDocsRR"
}