{
  "dataset_revision": "e185fbe320c72810689fc5848eb6114e1ef5ec69",
  "evaluation_time": 19.469420671463013,
  "kg_co2_emissions": null,
  "mteb_version": "1.14.20",
  "scores": {
    "test": [
      {
        "hf_subset": "default",
        "languages": [
          "eng-Latn"
        ],
        "main_score": 0.2919881304577775,
        "map": 0.2919881304577775,
        "mrr": 0.28450524149053563,
        "nAUC_map_diff1": 0.2515322458800622,
        "nAUC_map_max": 0.22563948380971907,
        "nAUC_map_std": 0.09077591759352528,
        "nAUC_mrr_diff1": 0.23740530617121153,
        "nAUC_mrr_max": 0.22571840168383506,
        "nAUC_mrr_std": 0.09630084429299947
      }
    ]
  },
  "task_name": "StackOverflowDupQuestions"
}