{
  "dataset_revision": "d3c5e1fc0b855ab6097bf1cda04dd73947d7caab",
  "evaluation_time": 47.268975496292114,
  "kg_co2_emissions": null,
  "mteb_version": "1.14.20",
  "scores": {
    "test": [
      {
        "hf_subset": "default",
        "languages": [
          "eng-Latn"
        ],
        "main_score": 0.363216697257805,
        "map": 0.363216697257805,
        "mrr": 0.5647857861093155,
        "nAUC_map_diff1": 0.18327192375804105,
        "nAUC_map_max": 0.34757283120329885,
        "nAUC_map_std": 0.22284569235241508,
        "nAUC_mrr_diff1": 0.24744609595823092,
        "nAUC_mrr_max": 0.36551874061517886,
        "nAUC_mrr_std": 0.19243818820084507
      }
    ]
  },
  "task_name": "SciDocsRR"
}