{
  "dataset_revision": "20a6d6f312dd54037fe07a32d58e5e168867909d",
  "evaluation_time": 12.419536828994751,
  "kg_co2_emissions": null,
  "mteb_version": "1.14.20",
  "scores": {
    "test": [
      {
        "cosine_pearson": 0.31684993294797237,
        "cosine_spearman": 0.32462012123096795,
        "euclidean_pearson": 0.3336039651577232,
        "euclidean_spearman": 0.3228028870994965,
        "hf_subset": "default",
        "languages": [
          "eng-Latn"
        ],
        "main_score": 0.32462012123096795,
        "manhattan_pearson": 0.33430697463333897,
        "manhattan_spearman": 0.3232618045735975,
        "pearson": 0.31684993294797237,
        "spearman": 0.32462012123096795
      }
    ]
  },
  "task_name": "SICK-R"
}