{
  "dataset_revision": "a0d554a64d88156834ff5ae9920b964011b16384",
  "evaluation_time": 6.319329023361206,
  "kg_co2_emissions": null,
  "mteb_version": "1.14.20",
  "scores": {
    "test": [
      {
        "cosine_pearson": 0.0734747640017477,
        "cosine_spearman": 0.15646524383089172,
        "euclidean_pearson": 0.12850704895417173,
        "euclidean_spearman": 0.16827479433312073,
        "hf_subset": "default",
        "languages": [
          "eng-Latn"
        ],
        "main_score": 0.15646524383089172,
        "manhattan_pearson": 0.12824738115724413,
        "manhattan_spearman": 0.16794931556027626,
        "pearson": 0.0734747640017477,
        "spearman": 0.15646524383089172
      }
    ]
  },
  "task_name": "STS12"
}