{
  "dataset_revision": "59042f120c80e8afa9cdbb224f67076cec0fc9a7",
  "evaluation_time": 119.42992115020752,
  "kg_co2_emissions": null,
  "mteb_version": "1.14.20",
  "scores": {
    "test": [
      {
        "hf_subset": "default",
        "languages": [
          "eng-Latn"
        ],
        "main_score": 0.2559346063988273,
        "map": 0.2559346063988273,
        "mrr": 0.26015254434120205,
        "nAUC_map_diff1": 0.11609716559722029,
        "nAUC_map_max": -0.21838937731670713,
        "nAUC_map_std": -0.09458898936309491,
        "nAUC_mrr_diff1": 0.10867650009748446,
        "nAUC_mrr_max": -0.1486000123430452,
        "nAUC_mrr_std": -0.05559147779492026
      }
    ]
  },
  "task_name": "MindSmallReranking"
}