{
  "dataset_revision": "ae752c7c21bf194d8b67fd573edf7ae58183cbe3",
  "evaluation_time": 8.782748460769653,
  "kg_co2_emissions": null,
  "mteb_version": "1.14.20",
  "scores": {
    "test": [
      {
        "cosine_pearson": 0.3270208305684144,
        "cosine_spearman": 0.35072818159183977,
        "euclidean_pearson": 0.32126464759068774,
        "euclidean_spearman": 0.3055674177693617,
        "hf_subset": "default",
        "languages": [
          "eng-Latn"
        ],
        "main_score": 0.35072818159183977,
        "manhattan_pearson": 0.32230393146453373,
        "manhattan_spearman": 0.30684210717379756,
        "pearson": 0.3270208305684144,
        "spearman": 0.35072818159183977
      }
    ]
  },
  "task_name": "STS15"
}