{
  "dataset_revision": "b0fddb56ed78048fa8b90373c8a3cfc37b684831",
  "evaluation_time": 4.010412931442261,
  "kg_co2_emissions": null,
  "mteb_version": "1.14.20",
  "scores": {
    "test": [
      {
        "cosine_pearson": 0.09426283436634496,
        "cosine_spearman": 0.1273765001585311,
        "euclidean_pearson": 0.12878688535648783,
        "euclidean_spearman": 0.1356507818783974,
        "hf_subset": "default",
        "languages": [
          "eng-Latn"
        ],
        "main_score": 0.1273765001585311,
        "manhattan_pearson": 0.12841422528768426,
        "manhattan_spearman": 0.13497626696641063,
        "pearson": 0.09426283436634496,
        "spearman": 0.1273765001585311
      }
    ]
  },
  "task_name": "STSBenchmark"
}