{
  "dataset_revision": "2000358ca161889fa9c082cb41daa8dcfb161a54",
  "evaluation_time": 8.258739233016968,
  "kg_co2_emissions": null,
  "mteb_version": "1.14.20",
  "scores": {
    "test": [
      {
        "hf_subset": "default",
        "languages": [
          "eng-Latn"
        ],
        "main_score": 0.431710038061444,
        "map": 0.431710038061444,
        "mrr": 0.5438156795497515,
        "nAUC_map_diff1": 0.09823432951212181,
        "nAUC_map_max": 0.10348061541867734,
        "nAUC_map_std": -0.040342400730405494,
        "nAUC_mrr_diff1": 0.11939054329087972,
        "nAUC_mrr_max": 0.1318806258783139,
        "nAUC_mrr_std": -0.0402227912094484
      }
    ]
  },
  "task_name": "AskUbuntuDupQuestions"
}