{
  "dataset_revision": "d3fb88f8f02e40887cd149695127462bbcf29b4a",
  "evaluation_time": 2.9024932384490967,
  "kg_co2_emissions": null,
  "mteb_version": "1.14.20",
  "scores": {
    "test": [
      {
        "cosine_pearson": 0.34274837035782796,
        "cosine_spearman": 0.44238959821939156,
        "euclidean_pearson": 0.35279822825177215,
        "euclidean_spearman": 0.41043103869663167,
        "hf_subset": "default",
        "languages": [
          "eng-Latn"
        ],
        "main_score": 0.44238959821939156,
        "manhattan_pearson": 0.3551799306684382,
        "manhattan_spearman": 0.41868423879958755,
        "pearson": 0.34274837035782796,
        "spearman": 0.44238959821939156
      }
    ]
  },
  "task_name": "BIOSSES"
}