{
  "dataset_revision": "20a6d6f312dd54037fe07a32d58e5e168867909d",
  "evaluation_time": 15.903462886810303,
  "kg_co2_emissions": null,
  "mteb_version": "1.14.20",
  "scores": {
    "test": [
      {
        "cosine_pearson": 0.30198695239748935,
        "cosine_spearman": 0.3123779507168493,
        "euclidean_pearson": 0.3224737174690009,
        "euclidean_spearman": 0.3114568103783062,
        "hf_subset": "default",
        "languages": [
          "eng-Latn"
        ],
        "main_score": 0.3123779507168493,
        "manhattan_pearson": 0.3220572399749513,
        "manhattan_spearman": 0.3112511834665139,
        "pearson": 0.30198695239748935,
        "spearman": 0.3123779507168493
      }
    ]
  },
  "task_name": "SICK-R"
}