{
  "dataset_revision": "ae752c7c21bf194d8b67fd573edf7ae58183cbe3",
  "evaluation_time": 10.871448755264282,
  "kg_co2_emissions": null,
  "mteb_version": "1.14.20",
  "scores": {
    "test": [
      {
        "cosine_pearson": 0.3268181454197126,
        "cosine_spearman": 0.33584788665069715,
        "euclidean_pearson": 0.33638614937953604,
        "euclidean_spearman": 0.325844646574173,
        "hf_subset": "default",
        "languages": [
          "eng-Latn"
        ],
        "main_score": 0.33584788665069715,
        "manhattan_pearson": 0.3368699064496583,
        "manhattan_spearman": 0.32628183214005757,
        "pearson": 0.3268181454197126,
        "spearman": 0.33584788665069715
      }
    ]
  },
  "task_name": "STS15"
}