{
  "dataset_revision": "b0fddb56ed78048fa8b90373c8a3cfc37b684831",
  "evaluation_time": 7.1748597621917725,
  "kg_co2_emissions": null,
  "mteb_version": "1.14.20",
  "scores": {
    "test": [
      {
        "cosine_pearson": 0.12908256402763846,
        "cosine_spearman": 0.1357488771866133,
        "euclidean_pearson": 0.14912887706244568,
        "euclidean_spearman": 0.14477136398987306,
        "hf_subset": "default",
        "languages": [
          "eng-Latn"
        ],
        "main_score": 0.1357488771866133,
        "manhattan_pearson": 0.148892573750306,
        "manhattan_spearman": 0.14399467400543314,
        "pearson": 0.12908256402763846,
        "spearman": 0.1357488771866133
      }
    ]
  },
  "task_name": "STSBenchmark"
}