{
  "dataset_revision": "d3fb88f8f02e40887cd149695127462bbcf29b4a",
  "evaluation_time": 2.67476224899292,
  "kg_co2_emissions": null,
  "mteb_version": "1.14.20",
  "scores": {
    "test": [
      {
        "cosine_pearson": -0.011754642917886282,
        "cosine_spearman": 0.03434415604886976,
        "euclidean_pearson": -0.004786008986238613,
        "euclidean_spearman": 0.035181524526468944,
        "hf_subset": "default",
        "languages": [
          "eng-Latn"
        ],
        "main_score": 0.03434415604886976,
        "manhattan_pearson": -0.0045653458874541615,
        "manhattan_spearman": 0.04083225569185042,
        "pearson": -0.011754642917886282,
        "spearman": 0.03434415604886976
      }
    ]
  },
  "task_name": "BIOSSES"
}