{
  "dataset_revision": "7e90230a92c190f1bf69ae9002b8cea547a64cca",
  "evaluation_time": 8.142301559448242,
  "kg_co2_emissions": null,
  "mteb_version": "1.14.20",
  "scores": {
    "test": [
      {
        "cosine_pearson": 0.15526446517103853,
        "cosine_spearman": 0.1823167187855273,
        "euclidean_pearson": 0.1842290078621138,
        "euclidean_spearman": 0.18876412496271186,
        "hf_subset": "default",
        "languages": [
          "eng-Latn"
        ],
        "main_score": 0.1823167187855273,
        "manhattan_pearson": 0.18450322846884495,
        "manhattan_spearman": 0.18936013662759932,
        "pearson": 0.15526446517103853,
        "spearman": 0.1823167187855273
      }
    ]
  },
  "task_name": "STS13"
}