{
  "dataset_revision": "6031580fec1f6af667f0bd2da0a551cf4f0b2375",
  "evaluation_time": 12.58861494064331,
  "kg_co2_emissions": null,
  "mteb_version": "1.14.20",
  "scores": {
    "test": [
      {
        "cosine_pearson": 0.10888500407571446,
        "cosine_spearman": 0.14022219158834498,
        "euclidean_pearson": 0.13156366660713217,
        "euclidean_spearman": 0.1424837687756973,
        "hf_subset": "default",
        "languages": [
          "eng-Latn"
        ],
        "main_score": 0.14022219158834498,
        "manhattan_pearson": 0.13072414965187262,
        "manhattan_spearman": 0.1416844022128481,
        "pearson": 0.10888500407571446,
        "spearman": 0.14022219158834498
      }
    ]
  },
  "task_name": "STS14"
}