{
  "dataset_revision": "d3c5e1fc0b855ab6097bf1cda04dd73947d7caab",
  "evaluation_time": 52.09186148643494,
  "kg_co2_emissions": null,
  "mteb_version": "1.14.20",
  "scores": {
    "test": [
      {
        "hf_subset": "default",
        "languages": [
          "eng-Latn"
        ],
        "main_score": 0.36165747028771256,
        "map": 0.36165747028771256,
        "mrr": 0.562575115516292,
        "nAUC_map_diff1": 0.1855298072832879,
        "nAUC_map_max": 0.34216521062823824,
        "nAUC_map_std": 0.23234872662562336,
        "nAUC_mrr_diff1": 0.24906332368004896,
        "nAUC_mrr_max": 0.35833585820745995,
        "nAUC_mrr_std": 0.2041991903069878
      }
    ]
  },
  "task_name": "SciDocsRR"
}