{
  "dataset_revision": "e185fbe320c72810689fc5848eb6114e1ef5ec69",
  "evaluation_time": 38.34936857223511,
  "kg_co2_emissions": null,
  "mteb_version": "1.14.20",
  "scores": {
    "test": [
      {
        "hf_subset": "default",
        "languages": [
          "eng-Latn"
        ],
        "main_score": 0.26327039127673285,
        "map": 0.26327039127673285,
        "mrr": 0.2519863816738817,
        "nAUC_map_diff1": 0.20890797610279382,
        "nAUC_map_max": 0.21378212448213008,
        "nAUC_map_std": 0.09157343480120643,
        "nAUC_mrr_diff1": 0.19917141555295184,
        "nAUC_mrr_max": 0.21297736646242352,
        "nAUC_mrr_std": 0.09773459045645394
      }
    ]
  },
  "task_name": "StackOverflowDupQuestions"
}