{
  "dataset_revision": "59042f120c80e8afa9cdbb224f67076cec0fc9a7",
  "evaluation_time": 129.2839629650116,
  "kg_co2_emissions": null,
  "mteb_version": "1.14.20",
  "scores": {
    "test": [
      {
        "hf_subset": "default",
        "languages": [
          "eng-Latn"
        ],
        "main_score": 0.2465171461938749,
        "map": 0.2465171461938749,
        "mrr": 0.25040650856750835,
        "nAUC_map_diff1": 0.20420048060146312,
        "nAUC_map_max": -0.20957940240882184,
        "nAUC_map_std": -0.16326703052110694,
        "nAUC_mrr_diff1": 0.18116892354140585,
        "nAUC_mrr_max": -0.13682732190519548,
        "nAUC_mrr_std": -0.13859827303607478
      }
    ]
  },
  "task_name": "MindSmallReranking"
}