{
  "dataset_revision": "e185fbe320c72810689fc5848eb6114e1ef5ec69",
  "evaluation_time": 67.01481747627258,
  "kg_co2_emissions": null,
  "mteb_version": "1.14.20",
  "scores": {
    "test": [
      {
        "hf_subset": "default",
        "languages": [
          "eng-Latn"
        ],
        "main_score": 0.2427286362669963,
        "map": 0.2427286362669963,
        "mrr": 0.22753440391308039,
        "nAUC_map_diff1": 0.1408894340268411,
        "nAUC_map_max": 0.2244462433239063,
        "nAUC_map_std": 0.07234487738889303,
        "nAUC_mrr_diff1": 0.13527607665176508,
        "nAUC_mrr_max": 0.22577915231313914,
        "nAUC_mrr_std": 0.07457388551267724
      }
    ]
  },
  "task_name": "StackOverflowDupQuestions"
}