{
  "dataset_revision": "ae752c7c21bf194d8b67fd573edf7ae58183cbe3",
  "evaluation_time": 13.135198831558228,
  "kg_co2_emissions": null,
  "mteb_version": "1.14.20",
  "scores": {
    "test": [
      {
        "cosine_pearson": 0.29698704518523983,
        "cosine_spearman": 0.3195259289242725,
        "euclidean_pearson": 0.32122689945876126,
        "euclidean_spearman": 0.30944307381316005,
        "hf_subset": "default",
        "languages": [
          "eng-Latn"
        ],
        "main_score": 0.3195259289242725,
        "manhattan_pearson": 0.32237120211672976,
        "manhattan_spearman": 0.31050822827722324,
        "pearson": 0.29698704518523983,
        "spearman": 0.3195259289242725
      }
    ]
  },
  "task_name": "STS15"
}