{
  "dataset_revision": "2000358ca161889fa9c082cb41daa8dcfb161a54",
  "evaluation_time": 8.024639368057251,
  "kg_co2_emissions": null,
  "mteb_version": "1.14.19",
  "scores": {
    "test": [
      {
        "hf_subset": "default",
        "languages": [
          "eng-Latn"
        ],
        "main_score": 0.46776166883740933,
        "map": 0.46776166883740933,
        "mrr": 0.6088411819021237,
        "nAUC_map_diff1": 0.15509709707464292,
        "nAUC_map_max": 0.1586581499520421,
        "nAUC_map_std": 0.054801641520682794,
        "nAUC_mrr_diff1": 0.21951265120664393,
        "nAUC_mrr_max": 0.20048801864571147,
        "nAUC_mrr_std": 0.0405637044522115
      }
    ]
  },
  "task_name": "AskUbuntuDupQuestions"
}