{
  "dataset_revision": "d3c5e1fc0b855ab6097bf1cda04dd73947d7caab",
  "evaluation_time": 37.69361901283264,
  "kg_co2_emissions": null,
  "mteb_version": "1.14.19",
  "scores": {
    "test": [
      {
        "hf_subset": "default",
        "languages": [
          "eng-Latn"
        ],
        "main_score": 0.5600772144366349,
        "map": 0.5600772144366349,
        "mrr": 0.8093425546856919,
        "nAUC_map_diff1": 0.1894392740005407,
        "nAUC_map_max": 0.48880799806305275,
        "nAUC_map_std": 0.3923707464204103,
        "nAUC_mrr_diff1": 0.4498912358716072,
        "nAUC_mrr_max": 0.5916048908093775,
        "nAUC_mrr_std": 0.40859023702265324
      }
    ]
  },
  "task_name": "SciDocsRR"
}