{
  "dataset_revision": "20a6d6f312dd54037fe07a32d58e5e168867909d",
  "evaluation_time": 11.799518585205078,
  "kg_co2_emissions": null,
  "mteb_version": "1.14.19",
  "scores": {
    "test": [
      {
        "cosine_pearson": 0.6297177418670894,
        "cosine_spearman": 0.5768565103559863,
        "euclidean_pearson": 0.5778285489799404,
        "euclidean_spearman": 0.5481492413798211,
        "hf_subset": "default",
        "languages": [
          "eng-Latn"
        ],
        "main_score": 0.5768565103559863,
        "manhattan_pearson": 0.5739310934289377,
        "manhattan_spearman": 0.5453381819438308,
        "pearson": 0.6297177418670894,
        "spearman": 0.5768565103559863
      }
    ]
  },
  "task_name": "SICK-R"
}