{
  "dataset_revision": "d66bd1f72af766a5cc4b0ca5e00c162f89e8cc46",
  "evaluation_time": 23.906208992004395,
  "kg_co2_emissions": null,
  "mteb_version": "1.14.19",
  "scores": {
    "test": [
      {
        "cosine_accuracy": 0.9936435643564356,
        "cosine_accuracy_threshold": 0.851775050163269,
        "cosine_ap": 0.643150241593379,
        "cosine_f1": 0.6260683760683761,
        "cosine_f1_threshold": 0.8346325755119324,
        "cosine_precision": 0.6720183486238532,
        "cosine_recall": 0.586,
        "dot_accuracy": 0.9905247524752475,
        "dot_accuracy_threshold": 527.2615966796875,
        "dot_ap": 0.31041284962041216,
        "dot_f1": 0.36710875331564985,
        "dot_f1_threshold": 449.3768310546875,
        "dot_precision": 0.39096045197740115,
        "dot_recall": 0.346,
        "euclidean_accuracy": 0.9927326732673267,
        "euclidean_accuracy_threshold": 11.388049125671387,
        "euclidean_ap": 0.5322899484788801,
        "euclidean_f1": 0.5376220562894888,
        "euclidean_f1_threshold": 12.325972557067871,
        "euclidean_precision": 0.631578947368421,
        "euclidean_recall": 0.468,
        "hf_subset": "default",
        "languages": [
          "eng-Latn"
        ],
        "main_score": 0.643150241593379,
        "manhattan_accuracy": 0.9925346534653465,
        "manhattan_accuracy_threshold": 343.2213134765625,
        "manhattan_ap": 0.5042640212750511,
        "manhattan_f1": 0.5099999999999999,
        "manhattan_f1_threshold": 388.3203125,
        "manhattan_precision": 0.57375,
        "manhattan_recall": 0.459,
        "max_accuracy": 0.9936435643564356,
        "max_ap": 0.643150241593379,
        "max_f1": 0.6260683760683761,
        "max_precision": 0.6720183486238532,
        "max_recall": 0.586,
        "similarity_accuracy": 0.9936435643564356,
        "similarity_accuracy_threshold": 0.851775050163269,
        "similarity_ap": 0.643150241593379,
        "similarity_f1": 0.6260683760683761,
        "similarity_f1_threshold": 0.8346325755119324,
        "similarity_precision": 0.6720183486238532,
        "similarity_recall": 0.586
      }
    ],
    "validation": [
      {
        "cosine_accuracy": 0.9925148514851485,
        "cosine_accuracy_threshold": 0.8608255982398987,
        "cosine_ap": 0.5461030270260654,
        "cosine_f1": 0.5456379223398891,
        "cosine_f1_threshold": 0.8289469480514526,
        "cosine_precision": 0.5503560528992879,
        "cosine_recall": 0.541,
        "dot_accuracy": 0.9902871287128713,
        "dot_accuracy_threshold": 533.8216552734375,
        "dot_ap": 0.2518843809351289,
        "dot_f1": 0.33080568720379144,
        "dot_f1_threshold": 447.1217041015625,
        "dot_precision": 0.3144144144144144,
        "dot_recall": 0.349,
        "euclidean_accuracy": 0.9921287128712871,
        "euclidean_accuracy_threshold": 11.271368026733398,
        "euclidean_ap": 0.43319134152374955,
        "euclidean_f1": 0.4538784067085954,
        "euclidean_f1_threshold": 12.673974990844727,
        "euclidean_precision": 0.47687224669603523,
        "euclidean_recall": 0.433,
        "hf_subset": "default",
        "languages": [
          "eng-Latn"
        ],
        "main_score": 0.5461030270260654,
        "manhattan_accuracy": 0.992,
        "manhattan_accuracy_threshold": 351.63153076171875,
        "manhattan_ap": 0.4140943751488848,
        "manhattan_f1": 0.44527363184079605,
        "manhattan_f1_threshold": 379.43597412109375,
        "manhattan_precision": 0.5888157894736842,
        "manhattan_recall": 0.358,
        "max_accuracy": 0.9925148514851485,
        "max_ap": 0.5461030270260654,
        "max_f1": 0.5456379223398891,
        "max_precision": 0.5888157894736842,
        "max_recall": 0.541,
        "similarity_accuracy": 0.9925148514851485,
        "similarity_accuracy_threshold": 0.8608255982398987,
        "similarity_ap": 0.5461030270260654,
        "similarity_f1": 0.5456379223398891,
        "similarity_f1_threshold": 0.8289469480514526,
        "similarity_precision": 0.5503560528992879,
        "similarity_recall": 0.541
      }
    ]
  },
  "task_name": "SprintDuplicateQuestions"
}