{
  "dataset_revision": "e185fbe320c72810689fc5848eb6114e1ef5ec69",
  "evaluation_time": 25.11363458633423,
  "kg_co2_emissions": null,
  "mteb_version": "1.14.19",
  "scores": {
    "test": [
      {
        "hf_subset": "default",
        "languages": [
          "eng-Latn"
        ],
        "main_score": 0.38603672989572785,
        "map": 0.38603672989572785,
        "mrr": 0.3853329778881249,
        "nAUC_map_diff1": 0.34042726826957165,
        "nAUC_map_max": 0.22626316466127475,
        "nAUC_map_std": 0.06649636150104028,
        "nAUC_mrr_diff1": 0.33714816421526617,
        "nAUC_mrr_max": 0.23731845721510061,
        "nAUC_mrr_std": 0.0812734773236842
      }
    ]
  },
  "task_name": "StackOverflowDupQuestions"
}