{
  "dataset_revision": "6031580fec1f6af667f0bd2da0a551cf4f0b2375",
  "evaluation_time": 8.443429231643677,
  "kg_co2_emissions": null,
  "mteb_version": "1.14.19",
  "scores": {
    "test": [
      {
        "cosine_pearson": 0.47606783258921787,
        "cosine_spearman": 0.47981194679263295,
        "euclidean_pearson": 0.47671405016466967,
        "euclidean_spearman": 0.471558482185378,
        "hf_subset": "default",
        "languages": [
          "eng-Latn"
        ],
        "main_score": 0.47981194679263295,
        "manhattan_pearson": 0.4918092140815998,
        "manhattan_spearman": 0.4783269615571677,
        "pearson": 0.47606783258921787,
        "spearman": 0.47981194679263295
      }
    ]
  },
  "task_name": "STS14"
}