{
  "dataset_revision": "4d8694f8f0e0100860b497b999b3dbed754a0513",
  "evaluation_time": 4.731629848480225,
  "kg_co2_emissions": null,
  "mteb_version": "1.14.19",
  "scores": {
    "test": [
      {
        "cosine_pearson": 0.5039013970437592,
        "cosine_spearman": 0.5356066901599789,
        "euclidean_pearson": 0.47362010569140395,
        "euclidean_spearman": 0.4756840572832738,
        "hf_subset": "default",
        "languages": [
          "eng-Latn"
        ],
        "main_score": 0.5356066901599789,
        "manhattan_pearson": 0.4776991344156191,
        "manhattan_spearman": 0.48227389745934807,
        "pearson": 0.5039013970437592,
        "spearman": 0.5356066901599789
      }
    ]
  },
  "task_name": "STS16"
}