{
  "dataset_revision": "59042f120c80e8afa9cdbb224f67076cec0fc9a7",
  "evaluation_time": 122.47298812866211,
  "kg_co2_emissions": null,
  "mteb_version": "1.14.20",
  "scores": {
    "test": [
      {
        "hf_subset": "default",
        "languages": [
          "eng-Latn"
        ],
        "main_score": 0.24782351082861254,
        "map": 0.24782351082861254,
        "mrr": 0.2519108906637453,
        "nAUC_map_diff1": 0.16781408052667632,
        "nAUC_map_max": -0.20125678304965264,
        "nAUC_map_std": -0.10112452838075044,
        "nAUC_mrr_diff1": 0.15159849120943103,
        "nAUC_mrr_max": -0.12883981368828487,
        "nAUC_mrr_std": -0.06392123745273147
      }
    ]
  },
  "task_name": "MindSmallReranking"
}