{
  "dataset_revision": "2000358ca161889fa9c082cb41daa8dcfb161a54",
  "evaluation_time": 7.326354026794434,
  "kg_co2_emissions": null,
  "mteb_version": "1.14.20",
  "scores": {
    "test": [
      {
        "hf_subset": "default",
        "languages": [
          "eng-Latn"
        ],
        "main_score": 0.43738838403502556,
        "map": 0.43738838403502556,
        "mrr": 0.5521512113617376,
        "nAUC_map_diff1": 0.17884728826215926,
        "nAUC_map_max": 0.20374969743107216,
        "nAUC_map_std": 0.08288863838085185,
        "nAUC_mrr_diff1": 0.18383583490437475,
        "nAUC_mrr_max": 0.2321809383541369,
        "nAUC_mrr_std": 0.098331030006751
      }
    ]
  },
  "task_name": "AskUbuntuDupQuestions"
}