{
  "dataset_revision": "20a6d6f312dd54037fe07a32d58e5e168867909d",
  "evaluation_time": 11.492277383804321,
  "kg_co2_emissions": null,
  "mteb_version": "1.14.20",
  "scores": {
    "test": [
      {
        "cosine_pearson": 0.33613407655877336,
        "cosine_spearman": 0.33670238350700504,
        "euclidean_pearson": 0.3416463790557736,
        "euclidean_spearman": 0.32715642437163567,
        "hf_subset": "default",
        "languages": [
          "eng-Latn"
        ],
        "main_score": 0.33670238350700504,
        "manhattan_pearson": 0.34025963347949895,
        "manhattan_spearman": 0.325800433941412,
        "pearson": 0.33613407655877336,
        "spearman": 0.33670238350700504
      }
    ]
  },
  "task_name": "SICK-R"
}