{
  "dataset_revision": "ae752c7c21bf194d8b67fd573edf7ae58183cbe3",
  "evaluation_time": 5.393413543701172,
  "kg_co2_emissions": null,
  "mteb_version": "1.14.20",
  "scores": {
    "test": [
      {
        "cosine_pearson": 0.36210191271764697,
        "cosine_spearman": 0.3733452003363062,
        "euclidean_pearson": 0.3529443805494138,
        "euclidean_spearman": 0.3313079926704606,
        "hf_subset": "default",
        "languages": [
          "eng-Latn"
        ],
        "main_score": 0.3733452003363062,
        "manhattan_pearson": 0.35300257440547267,
        "manhattan_spearman": 0.33133570058252126,
        "pearson": 0.36210191271764697,
        "spearman": 0.3733452003363062
      }
    ]
  },
  "task_name": "STS15"
}