{
  "dataset_revision": "7e90230a92c190f1bf69ae9002b8cea547a64cca",
  "evaluation_time": 4.590605974197388,
  "kg_co2_emissions": null,
  "mteb_version": "1.14.20",
  "scores": {
    "test": [
      {
        "cosine_pearson": 0.2234138457112134,
        "cosine_spearman": 0.23520225590703478,
        "euclidean_pearson": 0.24413222677278618,
        "euclidean_spearman": 0.24412183531039272,
        "hf_subset": "default",
        "languages": [
          "eng-Latn"
        ],
        "main_score": 0.23520225590703478,
        "manhattan_pearson": 0.24337746557758935,
        "manhattan_spearman": 0.24284888708561006,
        "pearson": 0.2234138457112134,
        "spearman": 0.23520225590703478
      }
    ]
  },
  "task_name": "STS13"
}