{
  "dataset_revision": "2000358ca161889fa9c082cb41daa8dcfb161a54",
  "evaluation_time": 6.659480333328247,
  "kg_co2_emissions": null,
  "mteb_version": "1.14.19",
  "scores": {
    "test": [
      {
        "hf_subset": "default",
        "languages": [
          "eng-Latn"
        ],
        "main_score": 0.4588889477262191,
        "map": 0.4588889477262191,
        "mrr": 0.5881073297278283,
        "nAUC_map_diff1": 0.11861653730996412,
        "nAUC_map_max": 0.11627693009106073,
        "nAUC_map_std": -0.02597317785933165,
        "nAUC_mrr_diff1": 0.1923285769624077,
        "nAUC_mrr_max": 0.17405822955495878,
        "nAUC_mrr_std": -0.06386251571964369
      }
    ]
  },
  "task_name": "AskUbuntuDupQuestions"
}