{
  "dataset_revision": "d3c5e1fc0b855ab6097bf1cda04dd73947d7caab",
  "evaluation_time": 51.42565870285034,
  "kg_co2_emissions": null,
  "mteb_version": "1.14.19",
  "scores": {
    "test": [
      {
        "hf_subset": "default",
        "languages": [
          "eng-Latn"
        ],
        "main_score": 0.6083637100692904,
        "map": 0.6083637100692904,
        "mrr": 0.8409323700990368,
        "nAUC_map_diff1": 0.15624978850641916,
        "nAUC_map_max": 0.45446467539412594,
        "nAUC_map_std": 0.35248042427337867,
        "nAUC_mrr_diff1": 0.3988680452731031,
        "nAUC_mrr_max": 0.5566942764436579,
        "nAUC_mrr_std": 0.3311623667981031
      }
    ]
  },
  "task_name": "SciDocsRR"
}