{
  "dataset_revision": "20a6d6f312dd54037fe07a32d58e5e168867909d",
  "evaluation_time": 13.12693738937378,
  "kg_co2_emissions": null,
  "mteb_version": "1.14.19",
  "scores": {
    "test": [
      {
        "cosine_pearson": 0.6191365912264095,
        "cosine_spearman": 0.5664001252093851,
        "euclidean_pearson": 0.5832951051117023,
        "euclidean_spearman": 0.5616801235035088,
        "hf_subset": "default",
        "languages": [
          "eng-Latn"
        ],
        "main_score": 0.5664001252093851,
        "manhattan_pearson": 0.5854757922457134,
        "manhattan_spearman": 0.564280418737784,
        "pearson": 0.6191365912264095,
        "spearman": 0.5664001252093851
      }
    ]
  },
  "task_name": "SICK-R"
}