{
  "dataset_revision": "e185fbe320c72810689fc5848eb6114e1ef5ec69",
  "evaluation_time": 33.610170125961304,
  "kg_co2_emissions": null,
  "mteb_version": "1.14.19",
  "scores": {
    "test": [
      {
        "hf_subset": "default",
        "languages": [
          "eng-Latn"
        ],
        "main_score": 0.3728890354217108,
        "map": 0.3728890354217108,
        "mrr": 0.37192128745437564,
        "nAUC_map_diff1": 0.3173335215842112,
        "nAUC_map_max": 0.22551808811810764,
        "nAUC_map_std": 0.04810146264900945,
        "nAUC_mrr_diff1": 0.3112130907864297,
        "nAUC_mrr_max": 0.2355412501326569,
        "nAUC_mrr_std": 0.051294626653548475
      }
    ]
  },
  "task_name": "StackOverflowDupQuestions"
}