{
  "dataset_revision": "4d8694f8f0e0100860b497b999b3dbed754a0513",
  "evaluation_time": 3.7036776542663574,
  "kg_co2_emissions": null,
  "mteb_version": "1.14.19",
  "scores": {
    "test": [
      {
        "cosine_pearson": 0.44943640079730085,
        "cosine_spearman": 0.48835952077871075,
        "euclidean_pearson": 0.4977755974901812,
        "euclidean_spearman": 0.4879206979317798,
        "hf_subset": "default",
        "languages": [
          "eng-Latn"
        ],
        "main_score": 0.48835952077871075,
        "manhattan_pearson": 0.5150194595467879,
        "manhattan_spearman": 0.5070245523887846,
        "pearson": 0.44943640079730085,
        "spearman": 0.48835952077871075
      }
    ]
  },
  "task_name": "STS16"
}