{
  "dataset_revision": "6031580fec1f6af667f0bd2da0a551cf4f0b2375",
  "evaluation_time": 8.175269365310669,
  "kg_co2_emissions": null,
  "mteb_version": "1.14.19",
  "scores": {
    "test": [
      {
        "cosine_pearson": 0.46674535720509525,
        "cosine_spearman": 0.4684814363379678,
        "euclidean_pearson": 0.4808119269816851,
        "euclidean_spearman": 0.4711821235217799,
        "hf_subset": "default",
        "languages": [
          "eng-Latn"
        ],
        "main_score": 0.4684814363379678,
        "manhattan_pearson": 0.5282978708641439,
        "manhattan_spearman": 0.5115053267144034,
        "pearson": 0.46674535720509525,
        "spearman": 0.4684814363379678
      }
    ]
  },
  "task_name": "STS14"
}