{
  "dataset_revision": "8b6510b0b1fa4e4c4f879467980e9be563ec1cdf",
  "evaluation_time": 30.24393630027771,
  "kg_co2_emissions": null,
  "mteb_version": "1.14.19",
  "scores": {
    "test": [
      {
        "cosine_accuracy": 0.8280358598207009,
        "cosine_accuracy_threshold": 0.959265947341919,
        "cosine_ap": 0.6863105506090628,
        "cosine_f1": 0.6119487586441447,
        "cosine_f1_threshold": 0.9486729502677917,
        "cosine_precision": 0.6008905380333952,
        "cosine_recall": 0.6234216199568833,
        "dot_accuracy": 0.7489812550937245,
        "dot_accuracy_threshold": 4403.5146484375,
        "dot_ap": 0.30197575636777635,
        "dot_f1": 0.4030191771324121,
        "dot_f1_threshold": 2905.386962890625,
        "dot_precision": 0.25336318427674204,
        "dot_recall": 0.9846011703110563,
        "euclidean_accuracy": 0.8311406062017309,
        "euclidean_accuracy_threshold": 18.288532257080078,
        "euclidean_ap": 0.6971494430946593,
        "euclidean_f1": 0.6231131309852297,
        "euclidean_f1_threshold": 19.612171173095703,
        "euclidean_precision": 0.658716540837337,
        "euclidean_recall": 0.5911610717585464,
        "hf_subset": "default",
        "languages": [
          "eng-Latn"
        ],
        "main_score": 0.7394324405587206,
        "manhattan_accuracy": 0.8465867194473552,
        "manhattan_accuracy_threshold": 557.172119140625,
        "manhattan_ap": 0.7394324405587206,
        "manhattan_f1": 0.6648517846339987,
        "manhattan_f1_threshold": 608.377197265625,
        "manhattan_precision": 0.6531946508172363,
        "manhattan_recall": 0.6769325531259625,
        "max_accuracy": 0.8465867194473552,
        "max_ap": 0.7394324405587206,
        "max_f1": 0.6648517846339987,
        "max_precision": 0.658716540837337,
        "max_recall": 0.9846011703110563,
        "similarity_accuracy": 0.8280358598207009,
        "similarity_accuracy_threshold": 0.959265947341919,
        "similarity_ap": 0.6863105506090628,
        "similarity_f1": 0.6119487586441447,
        "similarity_f1_threshold": 0.9486729502677917,
        "similarity_precision": 0.6008905380333952,
        "similarity_recall": 0.6234216199568833
      }
    ]
  },
  "task_name": "TwitterURLCorpus"
}