{
  "dataset_revision": "d3fb88f8f02e40887cd149695127462bbcf29b4a",
  "evaluation_time": 2.4482715129852295,
  "kg_co2_emissions": null,
  "mteb_version": "1.14.20",
  "scores": {
    "test": [
      {
        "cosine_pearson": -0.01662193748513259,
        "cosine_spearman": 0.019614904770236797,
        "euclidean_pearson": 0.00653115341592584,
        "euclidean_spearman": 0.0407720133553325,
        "hf_subset": "default",
        "languages": [
          "eng-Latn"
        ],
        "main_score": 0.019614904770236797,
        "manhattan_pearson": 0.009016232046337265,
        "manhattan_spearman": 0.046597447296615975,
        "pearson": -0.01662193748513259,
        "spearman": 0.019614904770236797
      }
    ]
  },
  "task_name": "BIOSSES"
}