{
  "dataset_revision": "d3c5e1fc0b855ab6097bf1cda04dd73947d7caab",
  "evaluation_time": 63.91976046562195,
  "kg_co2_emissions": null,
  "mteb_version": "1.14.20",
  "scores": {
    "test": [
      {
        "hf_subset": "default",
        "languages": [
          "eng-Latn"
        ],
        "main_score": 0.32969491273466073,
        "map": 0.32969491273466073,
        "mrr": 0.5187200236219844,
        "nAUC_map_diff1": 0.21471112848065846,
        "nAUC_map_max": 0.3395169190941399,
        "nAUC_map_std": 0.23795243674536154,
        "nAUC_mrr_diff1": 0.31378417948256904,
        "nAUC_mrr_max": 0.3658295711829223,
        "nAUC_mrr_std": 0.21943411233570584
      }
    ]
  },
  "task_name": "SciDocsRR"
}