{
  "dataset_revision": "20a6d6f312dd54037fe07a32d58e5e168867909d",
  "evaluation_time": 13.546369075775146,
  "kg_co2_emissions": null,
  "mteb_version": "1.14.20",
  "scores": {
    "test": [
      {
        "cosine_pearson": 0.27903964909007195,
        "cosine_spearman": 0.29899297823531745,
        "euclidean_pearson": 0.297700018541322,
        "euclidean_spearman": 0.29204738092886606,
        "hf_subset": "default",
        "languages": [
          "eng-Latn"
        ],
        "main_score": 0.29899297823531745,
        "manhattan_pearson": 0.29717051928745314,
        "manhattan_spearman": 0.29146227148277165,
        "pearson": 0.27903964909007195,
        "spearman": 0.29899297823531745
      }
    ]
  },
  "task_name": "SICK-R"
}