{
  "dataset_revision": "4d8694f8f0e0100860b497b999b3dbed754a0513",
  "evaluation_time": 6.746047496795654,
  "kg_co2_emissions": null,
  "mteb_version": "1.14.20",
  "scores": {
    "test": [
      {
        "cosine_pearson": 0.27439220122083985,
        "cosine_spearman": 0.2938500119906745,
        "euclidean_pearson": 0.27659037803033043,
        "euclidean_spearman": 0.2753722999059554,
        "hf_subset": "default",
        "languages": [
          "eng-Latn"
        ],
        "main_score": 0.2938500119906745,
        "manhattan_pearson": 0.27652000499088647,
        "manhattan_spearman": 0.275266280907394,
        "pearson": 0.27439220122083985,
        "spearman": 0.2938500119906745
      }
    ]
  },
  "task_name": "STS16"
}