{
  "dataset_revision": "d3fb88f8f02e40887cd149695127462bbcf29b4a",
  "evaluation_time": 2.039935827255249,
  "kg_co2_emissions": null,
  "mteb_version": "1.14.20",
  "scores": {
    "test": [
      {
        "cosine_pearson": 0.36623205044191287,
        "cosine_spearman": 0.4365159704088938,
        "euclidean_pearson": 0.3619992747051915,
        "euclidean_spearman": 0.3984126925613054,
        "hf_subset": "default",
        "languages": [
          "eng-Latn"
        ],
        "main_score": 0.4365159704088938,
        "manhattan_pearson": 0.36252103121149976,
        "manhattan_spearman": 0.41079851694939107,
        "pearson": 0.36623205044191287,
        "spearman": 0.4365159704088938
      }
    ]
  },
  "task_name": "BIOSSES"
}