{
  "dataset_revision": "e185fbe320c72810689fc5848eb6114e1ef5ec69",
  "evaluation_time": 67.02720212936401,
  "kg_co2_emissions": null,
  "mteb_version": "1.14.20",
  "scores": {
    "test": [
      {
        "hf_subset": "default",
        "languages": [
          "eng-Latn"
        ],
        "main_score": 0.25704504300745507,
        "map": 0.25704504300745507,
        "mrr": 0.24429908326967148,
        "nAUC_map_diff1": 0.1910150993030183,
        "nAUC_map_max": 0.20073399473660306,
        "nAUC_map_std": 0.1014302799666156,
        "nAUC_mrr_diff1": 0.17800381641647595,
        "nAUC_mrr_max": 0.20056612052143882,
        "nAUC_mrr_std": 0.10982044017797812
      }
    ]
  },
  "task_name": "StackOverflowDupQuestions"
}