{
  "dataset_revision": "a0d554a64d88156834ff5ae9920b964011b16384",
  "evaluation_time": 12.16391372680664,
  "kg_co2_emissions": null,
  "mteb_version": "1.14.20",
  "scores": {
    "test": [
      {
        "cosine_pearson": 0.08534814319229196,
        "cosine_spearman": 0.16604804161893202,
        "euclidean_pearson": 0.13762945523671033,
        "euclidean_spearman": 0.1801880332334736,
        "hf_subset": "default",
        "languages": [
          "eng-Latn"
        ],
        "main_score": 0.16604804161893202,
        "manhattan_pearson": 0.13754744642831906,
        "manhattan_spearman": 0.17992848577484388,
        "pearson": 0.08534814319229196,
        "spearman": 0.16604804161893202
      }
    ]
  },
  "task_name": "STS12"
}