{
  "dataset_revision": "7e90230a92c190f1bf69ae9002b8cea547a64cca",
  "evaluation_time": 7.220061540603638,
  "kg_co2_emissions": null,
  "mteb_version": "1.14.20",
  "scores": {
    "test": [
      {
        "cosine_pearson": 0.212111764772471,
        "cosine_spearman": 0.20096661579550643,
        "euclidean_pearson": 0.23071562947014754,
        "euclidean_spearman": 0.2232315622172684,
        "hf_subset": "default",
        "languages": [
          "eng-Latn"
        ],
        "main_score": 0.20096661579550643,
        "manhattan_pearson": 0.23059674800360241,
        "manhattan_spearman": 0.22367519442420353,
        "pearson": 0.212111764772471,
        "spearman": 0.20096661579550643
      }
    ]
  },
  "task_name": "STS13"
}