{
  "dataset_revision": "6031580fec1f6af667f0bd2da0a551cf4f0b2375",
  "evaluation_time": 12.199504852294922,
  "kg_co2_emissions": null,
  "mteb_version": "1.14.20",
  "scores": {
    "test": [
      {
        "cosine_pearson": 0.1643420461458693,
        "cosine_spearman": 0.16506179601478405,
        "euclidean_pearson": 0.18980199751446022,
        "euclidean_spearman": 0.18469306626798365,
        "hf_subset": "default",
        "languages": [
          "eng-Latn"
        ],
        "main_score": 0.16506179601478405,
        "manhattan_pearson": 0.18996007400442413,
        "manhattan_spearman": 0.1850085542647809,
        "pearson": 0.1643420461458693,
        "spearman": 0.16506179601478405
      }
    ]
  },
  "task_name": "STS14"
}