{
  "dataset_revision": "b0fddb56ed78048fa8b90373c8a3cfc37b684831",
  "evaluation_time": 6.280677795410156,
  "kg_co2_emissions": null,
  "mteb_version": "1.14.20",
  "scores": {
    "test": [
      {
        "cosine_pearson": 0.12848068896494094,
        "cosine_spearman": 0.1360870545205491,
        "euclidean_pearson": 0.14983174325312043,
        "euclidean_spearman": 0.14464822428951457,
        "hf_subset": "default",
        "languages": [
          "eng-Latn"
        ],
        "main_score": 0.1360870545205491,
        "manhattan_pearson": 0.1495220681180508,
        "manhattan_spearman": 0.14445225816319807,
        "pearson": 0.12848068896494094,
        "spearman": 0.1360870545205491
      }
    ]
  },
  "task_name": "STSBenchmark"
}