{
  "dataset_revision": "2000358ca161889fa9c082cb41daa8dcfb161a54",
  "evaluation_time": 52.68184518814087,
  "kg_co2_emissions": null,
  "mteb_version": "1.14.19",
  "scores": {
    "test": [
      {
        "hf_subset": "default",
        "languages": [
          "eng-Latn"
        ],
        "main_score": 0.48895908464144583,
        "map": 0.48895908464144583,
        "mrr": 0.6308490524557007,
        "nAUC_map_diff1": 0.14977723433867884,
        "nAUC_map_max": 0.1644029908337156,
        "nAUC_map_std": 0.06021153915542215,
        "nAUC_mrr_diff1": 0.18536414191476103,
        "nAUC_mrr_max": 0.16500656665544267,
        "nAUC_mrr_std": 0.05116714285673436
      }
    ]
  },
  "task_name": "AskUbuntuDupQuestions"
}