{
  "dataset_revision": "59042f120c80e8afa9cdbb224f67076cec0fc9a7",
  "evaluation_time": 133.81274724006653,
  "kg_co2_emissions": null,
  "mteb_version": "1.14.20",
  "scores": {
    "test": [
      {
        "hf_subset": "default",
        "languages": [
          "eng-Latn"
        ],
        "main_score": 0.2636950693574463,
        "map": 0.2636950693574463,
        "mrr": 0.2669084662349908,
        "nAUC_map_diff1": 0.15507212362111664,
        "nAUC_map_max": -0.2363608660174876,
        "nAUC_map_std": -0.19931246193459312,
        "nAUC_mrr_diff1": 0.14757376175177986,
        "nAUC_mrr_max": -0.17546688965035867,
        "nAUC_mrr_std": -0.17924506621446082
      }
    ]
  },
  "task_name": "MindSmallReranking"
}