{
  "dataset_revision": "6031580fec1f6af667f0bd2da0a551cf4f0b2375",
  "evaluation_time": 14.488438129425049,
  "kg_co2_emissions": null,
  "mteb_version": "1.14.20",
  "scores": {
    "test": [
      {
        "cosine_pearson": 0.15663508041843613,
        "cosine_spearman": 0.16228931350072634,
        "euclidean_pearson": 0.1774446233776941,
        "euclidean_spearman": 0.17589420892672608,
        "hf_subset": "default",
        "languages": [
          "eng-Latn"
        ],
        "main_score": 0.16228931350072634,
        "manhattan_pearson": 0.17798876624596469,
        "manhattan_spearman": 0.17655214015021523,
        "pearson": 0.15663508041843613,
        "spearman": 0.16228931350072634
      }
    ]
  },
  "task_name": "STS14"
}