{
  "dataset_revision": "2000358ca161889fa9c082cb41daa8dcfb161a54",
  "evaluation_time": 9.055897951126099,
  "kg_co2_emissions": null,
  "mteb_version": "1.14.20",
  "scores": {
    "test": [
      {
        "hf_subset": "default",
        "languages": [
          "eng-Latn"
        ],
        "main_score": 0.42412296955252515,
        "map": 0.42412296955252515,
        "mrr": 0.5346897946620939,
        "nAUC_map_diff1": 0.12632578715289167,
        "nAUC_map_max": 0.18719251643314197,
        "nAUC_map_std": 0.013669539724295682,
        "nAUC_mrr_diff1": 0.1634566645512231,
        "nAUC_mrr_max": 0.25018788136604814,
        "nAUC_mrr_std": 0.03788353014500741
      }
    ]
  },
  "task_name": "AskUbuntuDupQuestions"
}