{
  "dataset_revision": "d3fb88f8f02e40887cd149695127462bbcf29b4a",
  "evaluation_time": 2.3365936279296875,
  "kg_co2_emissions": null,
  "mteb_version": "1.14.20",
  "scores": {
    "test": [
      {
        "cosine_pearson": 0.05488272723485706,
        "cosine_spearman": 0.09638171419503024,
        "euclidean_pearson": 0.053702965023275095,
        "euclidean_spearman": 0.09350815474312517,
        "hf_subset": "default",
        "languages": [
          "eng-Latn"
        ],
        "main_score": 0.09638171419503024,
        "manhattan_pearson": 0.05642142219440769,
        "manhattan_spearman": 0.09909261933833692,
        "pearson": 0.05488272723485706,
        "spearman": 0.09638171419503024
      }
    ]
  },
  "task_name": "BIOSSES"
}