{
  "dataset_revision": "e185fbe320c72810689fc5848eb6114e1ef5ec69",
  "evaluation_time": 84.04827380180359,
  "kg_co2_emissions": null,
  "mteb_version": "1.14.20",
  "scores": {
    "test": [
      {
        "hf_subset": "default",
        "languages": [
          "eng-Latn"
        ],
        "main_score": 0.23964237031776695,
        "map": 0.23964237031776695,
        "mrr": 0.22428725277989986,
        "nAUC_map_diff1": 0.16337303062246153,
        "nAUC_map_max": 0.2048877525993968,
        "nAUC_map_std": 0.05284729485481149,
        "nAUC_mrr_diff1": 0.1545465933940511,
        "nAUC_mrr_max": 0.20831215558346952,
        "nAUC_mrr_std": 0.05650512006068835
      }
    ]
  },
  "task_name": "StackOverflowDupQuestions"
}