{
  "dataset_revision": "2000358ca161889fa9c082cb41daa8dcfb161a54",
  "evaluation_time": 7.024724006652832,
  "kg_co2_emissions": null,
  "mteb_version": "1.14.20",
  "scores": {
    "test": [
      {
        "hf_subset": "default",
        "languages": [
          "eng-Latn"
        ],
        "main_score": 0.44058372684194663,
        "map": 0.44058372684194663,
        "mrr": 0.5639240645473333,
        "nAUC_map_diff1": 0.15829042378831143,
        "nAUC_map_max": 0.1901185777874726,
        "nAUC_map_std": 0.09678810539592492,
        "nAUC_mrr_diff1": 0.1609604490111614,
        "nAUC_mrr_max": 0.21661791495349447,
        "nAUC_mrr_std": 0.0965298078201133
      }
    ]
  },
  "task_name": "AskUbuntuDupQuestions"
}