{
  "dataset_revision": "6031580fec1f6af667f0bd2da0a551cf4f0b2375",
  "evaluation_time": 12.417517900466919,
  "kg_co2_emissions": null,
  "mteb_version": "1.14.20",
  "scores": {
    "test": [
      {
        "cosine_pearson": 0.11929846674554846,
        "cosine_spearman": 0.15714739092444105,
        "euclidean_pearson": 0.14310138775174708,
        "euclidean_spearman": 0.15826606217364553,
        "hf_subset": "default",
        "languages": [
          "eng-Latn"
        ],
        "main_score": 0.15714739092444105,
        "manhattan_pearson": 0.14269664462863368,
        "manhattan_spearman": 0.15760729626439146,
        "pearson": 0.11929846674554846,
        "spearman": 0.15714739092444105
      }
    ]
  },
  "task_name": "STS14"
}