{
  "dataset_revision": "a0d554a64d88156834ff5ae9920b964011b16384",
  "evaluation_time": 6.369622230529785,
  "kg_co2_emissions": null,
  "mteb_version": "1.14.20",
  "scores": {
    "test": [
      {
        "cosine_pearson": 0.1133589196009992,
        "cosine_spearman": 0.1958062115589355,
        "euclidean_pearson": 0.1797665199767918,
        "euclidean_spearman": 0.2028920299458526,
        "hf_subset": "default",
        "languages": [
          "eng-Latn"
        ],
        "main_score": 0.1958062115589355,
        "manhattan_pearson": 0.18017527714474213,
        "manhattan_spearman": 0.20346940707047148,
        "pearson": 0.1133589196009992,
        "spearman": 0.1958062115589355
      }
    ]
  },
  "task_name": "STS12"
}