{
  "dataset_revision": "b0fddb56ed78048fa8b90373c8a3cfc37b684831",
  "evaluation_time": 3.285053253173828,
  "kg_co2_emissions": null,
  "mteb_version": "1.14.20",
  "scores": {
    "test": [
      {
        "cosine_pearson": 0.1651783678795486,
        "cosine_spearman": 0.18972113659195283,
        "euclidean_pearson": 0.18965227620700262,
        "euclidean_spearman": 0.19063012226645162,
        "hf_subset": "default",
        "languages": [
          "eng-Latn"
        ],
        "main_score": 0.18972113659195283,
        "manhattan_pearson": 0.1895851706382353,
        "manhattan_spearman": 0.19080655775274175,
        "pearson": 0.1651783678795486,
        "spearman": 0.18972113659195283
      }
    ]
  },
  "task_name": "STSBenchmark"
}