{
  "dataset_revision": "20a6d6f312dd54037fe07a32d58e5e168867909d",
  "evaluation_time": 16.34204626083374,
  "kg_co2_emissions": null,
  "mteb_version": "1.14.20",
  "scores": {
    "test": [
      {
        "cosine_pearson": 0.30255837591959056,
        "cosine_spearman": 0.31236881492934354,
        "euclidean_pearson": 0.32305350472118327,
        "euclidean_spearman": 0.3119560113215566,
        "hf_subset": "default",
        "languages": [
          "eng-Latn"
        ],
        "main_score": 0.31236881492934354,
        "manhattan_pearson": 0.32327557217798203,
        "manhattan_spearman": 0.31207999815098697,
        "pearson": 0.30255837591959056,
        "spearman": 0.31236881492934354
      }
    ]
  },
  "task_name": "SICK-R"
}