{
  "dataset_revision": "ae752c7c21bf194d8b67fd573edf7ae58183cbe3",
  "evaluation_time": 11.75353193283081,
  "kg_co2_emissions": null,
  "mteb_version": "1.14.20",
  "scores": {
    "test": [
      {
        "cosine_pearson": 0.3126772906789307,
        "cosine_spearman": 0.32578088014445555,
        "euclidean_pearson": 0.3358457369396939,
        "euclidean_spearman": 0.3260539808840835,
        "hf_subset": "default",
        "languages": [
          "eng-Latn"
        ],
        "main_score": 0.32578088014445555,
        "manhattan_pearson": 0.33548633897122937,
        "manhattan_spearman": 0.3257704957490893,
        "pearson": 0.3126772906789307,
        "spearman": 0.32578088014445555
      }
    ]
  },
  "task_name": "STS15"
}