{
  "dataset_revision": "d3fb88f8f02e40887cd149695127462bbcf29b4a",
  "evaluation_time": 1.8020789623260498,
  "kg_co2_emissions": null,
  "mteb_version": "1.14.20",
  "scores": {
    "test": [
      {
        "cosine_pearson": 0.5095558314207141,
        "cosine_spearman": 0.5290241023658213,
        "euclidean_pearson": 0.2978328845669423,
        "euclidean_spearman": 0.32315796578311184,
        "hf_subset": "default",
        "languages": [
          "eng-Latn"
        ],
        "main_score": 0.5290241023658213,
        "manhattan_pearson": 0.30081277567531883,
        "manhattan_spearman": 0.3243025701769525,
        "pearson": 0.5095558314207141,
        "spearman": 0.5290241023658213
      }
    ]
  },
  "task_name": "BIOSSES"
}