{
  "dataset_revision": "d3c5e1fc0b855ab6097bf1cda04dd73947d7caab",
  "evaluation_time": 22.922892332077026,
  "kg_co2_emissions": null,
  "mteb_version": "1.14.20",
  "scores": {
    "test": [
      {
        "hf_subset": "default",
        "languages": [
          "eng-Latn"
        ],
        "main_score": 0.48524299386074343,
        "map": 0.48524299386074343,
        "mrr": 0.7456492853551677,
        "nAUC_map_diff1": 0.302810606486612,
        "nAUC_map_max": 0.532729905293485,
        "nAUC_map_std": 0.5041845981424342,
        "nAUC_mrr_diff1": 0.5520809433798469,
        "nAUC_mrr_max": 0.605633005935585,
        "nAUC_mrr_std": 0.47614406459422415
      }
    ]
  },
  "task_name": "SciDocsRR"
}