{
  "dataset_revision": "ae752c7c21bf194d8b67fd573edf7ae58183cbe3",
  "evaluation_time": 4.111453294754028,
  "kg_co2_emissions": null,
  "mteb_version": "1.14.20",
  "scores": {
    "test": [
      {
        "cosine_pearson": 0.6565613937139152,
        "cosine_spearman": 0.6530832997650812,
        "euclidean_pearson": 0.5021707532514019,
        "euclidean_spearman": 0.5088135895097071,
        "hf_subset": "default",
        "languages": [
          "eng-Latn"
        ],
        "main_score": 0.6530832997650812,
        "manhattan_pearson": 0.5023312414648853,
        "manhattan_spearman": 0.5086624455935695,
        "pearson": 0.6565613937139152,
        "spearman": 0.6530832997650812
      }
    ]
  },
  "task_name": "STS15"
}