{
  "dataset_revision": "d3c5e1fc0b855ab6097bf1cda04dd73947d7caab",
  "evaluation_time": 117.58392238616943,
  "kg_co2_emissions": null,
  "mteb_version": "1.14.20",
  "scores": {
    "test": [
      {
        "hf_subset": "default",
        "languages": [
          "eng-Latn"
        ],
        "main_score": 0.3241047927747552,
        "map": 0.3241047927747552,
        "mrr": 0.4974430797960209,
        "nAUC_map_diff1": 0.17296109976639637,
        "nAUC_map_max": 0.30146204646469915,
        "nAUC_map_std": 0.08082960919001475,
        "nAUC_mrr_diff1": 0.24651610850709307,
        "nAUC_mrr_max": 0.29967205337415126,
        "nAUC_mrr_std": 0.04020546321693213
      }
    ]
  },
  "task_name": "SciDocsRR"
}