{
  "dataset_revision": "e185fbe320c72810689fc5848eb6114e1ef5ec69",
  "evaluation_time": 81.83732342720032,
  "kg_co2_emissions": null,
  "mteb_version": "1.14.20",
  "scores": {
    "test": [
      {
        "hf_subset": "default",
        "languages": [
          "eng-Latn"
        ],
        "main_score": 0.2446591399893206,
        "map": 0.2446591399893206,
        "mrr": 0.22936706879721586,
        "nAUC_map_diff1": 0.17042873965287297,
        "nAUC_map_max": 0.19240890438915528,
        "nAUC_map_std": 0.06241579986018817,
        "nAUC_mrr_diff1": 0.1589943504657205,
        "nAUC_mrr_max": 0.19535387170299195,
        "nAUC_mrr_std": 0.06844448209778287
      }
    ]
  },
  "task_name": "StackOverflowDupQuestions"
}