{
  "dataset_revision": "4d8694f8f0e0100860b497b999b3dbed754a0513",
  "evaluation_time": 8.657368898391724,
  "kg_co2_emissions": null,
  "mteb_version": "1.14.20",
  "scores": {
    "test": [
      {
        "cosine_pearson": 0.21784886363055445,
        "cosine_spearman": 0.2594498418116016,
        "euclidean_pearson": 0.24880265271518617,
        "euclidean_spearman": 0.2508578098753755,
        "hf_subset": "default",
        "languages": [
          "eng-Latn"
        ],
        "main_score": 0.2594498418116016,
        "manhattan_pearson": 0.24824135597308808,
        "manhattan_spearman": 0.2503903397530151,
        "pearson": 0.21784886363055445,
        "spearman": 0.2594498418116016
      }
    ]
  },
  "task_name": "STS16"
}