{
  "dataset_revision": "7e90230a92c190f1bf69ae9002b8cea547a64cca",
  "evaluation_time": 8.598766803741455,
  "kg_co2_emissions": null,
  "mteb_version": "1.14.20",
  "scores": {
    "test": [
      {
        "cosine_pearson": 0.1693587144409185,
        "cosine_spearman": 0.17082465410207953,
        "euclidean_pearson": 0.1837703585571018,
        "euclidean_spearman": 0.17693837789041916,
        "hf_subset": "default",
        "languages": [
          "eng-Latn"
        ],
        "main_score": 0.17082465410207953,
        "manhattan_pearson": 0.18368057237526145,
        "manhattan_spearman": 0.1769736131488146,
        "pearson": 0.1693587144409185,
        "spearman": 0.17082465410207953
      }
    ]
  },
  "task_name": "STS13"
}