{
  "dataset_revision": "20a6d6f312dd54037fe07a32d58e5e168867909d",
  "evaluation_time": 15.256699562072754,
  "kg_co2_emissions": null,
  "mteb_version": "1.14.20",
  "scores": {
    "test": [
      {
        "cosine_pearson": 0.2578566201340946,
        "cosine_spearman": 0.27445714625656337,
        "euclidean_pearson": 0.28389056969549537,
        "euclidean_spearman": 0.2742218093574866,
        "hf_subset": "default",
        "languages": [
          "eng-Latn"
        ],
        "main_score": 0.27445714625656337,
        "manhattan_pearson": 0.2844903458181139,
        "manhattan_spearman": 0.2744451338052771,
        "pearson": 0.2578566201340946,
        "spearman": 0.27445714625656337
      }
    ]
  },
  "task_name": "SICK-R"
}