{
  "dataset_revision": "e185fbe320c72810689fc5848eb6114e1ef5ec69",
  "evaluation_time": 61.27885365486145,
  "kg_co2_emissions": null,
  "mteb_version": "1.14.20",
  "scores": {
    "test": [
      {
        "hf_subset": "default",
        "languages": [
          "eng-Latn"
        ],
        "main_score": 0.2432940036599267,
        "map": 0.2432940036599267,
        "mrr": 0.22887289385451148,
        "nAUC_map_diff1": 0.15589654076978987,
        "nAUC_map_max": 0.23051618728652065,
        "nAUC_map_std": 0.0783335524133751,
        "nAUC_mrr_diff1": 0.14652413723408747,
        "nAUC_mrr_max": 0.2297418675110768,
        "nAUC_mrr_std": 0.08016735060566905
      }
    ]
  },
  "task_name": "StackOverflowDupQuestions"
}