{
  "dataset_revision": "2000358ca161889fa9c082cb41daa8dcfb161a54",
  "evaluation_time": 6.29051399230957,
  "kg_co2_emissions": null,
  "mteb_version": "1.14.19",
  "scores": {
    "test": [
      {
        "hf_subset": "default",
        "languages": [
          "eng-Latn"
        ],
        "main_score": 0.46319310971493877,
        "map": 0.46319310971493877,
        "mrr": 0.6001165193685969,
        "nAUC_map_diff1": 0.12480928640932223,
        "nAUC_map_max": 0.13474386465242721,
        "nAUC_map_std": 0.059011975743509464,
        "nAUC_mrr_diff1": 0.19554797880903163,
        "nAUC_mrr_max": 0.17338392542420739,
        "nAUC_mrr_std": 0.05598187778871915
      }
    ]
  },
  "task_name": "AskUbuntuDupQuestions"
}