{
  "dataset_revision": "d3fb88f8f02e40887cd149695127462bbcf29b4a",
  "evaluation_time": 2.317939043045044,
  "kg_co2_emissions": null,
  "mteb_version": "1.14.19",
  "scores": {
    "test": [
      {
        "cosine_pearson": 0.3777587005693107,
        "cosine_spearman": 0.4548959072805131,
        "euclidean_pearson": 0.4030217095302232,
        "euclidean_spearman": 0.45295007981098406,
        "hf_subset": "default",
        "languages": [
          "eng-Latn"
        ],
        "main_score": 0.4548959072805131,
        "manhattan_pearson": 0.42502317568125575,
        "manhattan_spearman": 0.46447443878686334,
        "pearson": 0.3777587005693107,
        "spearman": 0.4548959072805131
      }
    ]
  },
  "task_name": "BIOSSES"
}