{
  "dataset_revision": "59042f120c80e8afa9cdbb224f67076cec0fc9a7",
  "evaluation_time": 115.58287310600281,
  "kg_co2_emissions": null,
  "mteb_version": "1.14.19",
  "scores": {
    "test": [
      {
        "hf_subset": "default",
        "languages": [
          "eng-Latn"
        ],
        "main_score": 0.2489368728787624,
        "map": 0.2489368728787624,
        "mrr": 0.24470864228857123,
        "nAUC_map_diff1": 0.13336017458401223,
        "nAUC_map_max": -0.39208543061356227,
        "nAUC_map_std": -0.2727167930181435,
        "nAUC_mrr_diff1": 0.12383590075340538,
        "nAUC_mrr_max": -0.3502173968776532,
        "nAUC_mrr_std": -0.24685019903370412
      }
    ]
  },
  "task_name": "MindSmallReranking"
}