{
  "dataset_revision": "d3c5e1fc0b855ab6097bf1cda04dd73947d7caab",
  "evaluation_time": 30.297725677490234,
  "kg_co2_emissions": null,
  "mteb_version": "1.14.19",
  "scores": {
    "test": [
      {
        "hf_subset": "default",
        "languages": [
          "eng-Latn"
        ],
        "main_score": 0.516330602476505,
        "map": 0.516330602476505,
        "mrr": 0.7682475839338584,
        "nAUC_map_diff1": 0.21314543957337162,
        "nAUC_map_max": 0.47006797756540764,
        "nAUC_map_std": 0.2903225157040542,
        "nAUC_mrr_diff1": 0.457032608889087,
        "nAUC_mrr_max": 0.5616334510755878,
        "nAUC_mrr_std": 0.27587335437877925
      }
    ]
  },
  "task_name": "SciDocsRR"
}