{
  "dataset_revision": "d66bd1f72af766a5cc4b0ca5e00c162f89e8cc46",
  "evaluation_time": 18.902443170547485,
  "kg_co2_emissions": null,
  "mteb_version": "1.14.19",
  "scores": {
    "test": [
      {
        "cosine_accuracy": 0.9926831683168317,
        "cosine_accuracy_threshold": 0.8240323066711426,
        "cosine_ap": 0.5442313558671174,
        "cosine_f1": 0.5469432314410481,
        "cosine_f1_threshold": 0.7941156625747681,
        "cosine_precision": 0.6021634615384616,
        "cosine_recall": 0.501,
        "dot_accuracy": 0.9906039603960396,
        "dot_accuracy_threshold": 614.2183227539062,
        "dot_ap": 0.29328497932828057,
        "dot_f1": 0.34324324324324323,
        "dot_f1_threshold": 524.1156005859375,
        "dot_precision": 0.3122950819672131,
        "dot_recall": 0.381,
        "euclidean_accuracy": 0.9922673267326733,
        "euclidean_accuracy_threshold": 14.218404769897461,
        "euclidean_ap": 0.4801783720986472,
        "euclidean_f1": 0.5026423957721667,
        "euclidean_f1_threshold": 15.499825477600098,
        "euclidean_precision": 0.6088193456614509,
        "euclidean_recall": 0.428,
        "hf_subset": "default",
        "languages": [
          "eng-Latn"
        ],
        "main_score": 0.5442313558671174,
        "manhattan_accuracy": 0.9925148514851485,
        "manhattan_accuracy_threshold": 507.1632995605469,
        "manhattan_ap": 0.5030477081527492,
        "manhattan_f1": 0.5115257958287596,
        "manhattan_f1_threshold": 556.772216796875,
        "manhattan_precision": 0.5669099756690997,
        "manhattan_recall": 0.466,
        "max_accuracy": 0.9926831683168317,
        "max_ap": 0.5442313558671174,
        "max_f1": 0.5469432314410481,
        "max_precision": 0.6088193456614509,
        "max_recall": 0.501,
        "similarity_accuracy": 0.9926831683168317,
        "similarity_accuracy_threshold": 0.8240323066711426,
        "similarity_ap": 0.5442313558671174,
        "similarity_f1": 0.5469432314410481,
        "similarity_f1_threshold": 0.7941156625747681,
        "similarity_precision": 0.6021634615384616,
        "similarity_recall": 0.501
      }
    ],
    "validation": [
      {
        "cosine_accuracy": 0.9919009900990099,
        "cosine_accuracy_threshold": 0.8246638774871826,
        "cosine_ap": 0.4620793171684233,
        "cosine_f1": 0.48022922636103155,
        "cosine_f1_threshold": 0.7956234812736511,
        "cosine_precision": 0.5624161073825503,
        "cosine_recall": 0.419,
        "dot_accuracy": 0.9904653465346535,
        "dot_accuracy_threshold": 628.3167724609375,
        "dot_ap": 0.2564077934288539,
        "dot_f1": 0.31612034126627747,
        "dot_f1_threshold": 527.0687255859375,
        "dot_precision": 0.28687856560717195,
        "dot_recall": 0.352,
        "euclidean_accuracy": 0.9918415841584158,
        "euclidean_accuracy_threshold": 14.614721298217773,
        "euclidean_ap": 0.40864511700604284,
        "euclidean_f1": 0.44268357105124145,
        "euclidean_f1_threshold": 16.092744827270508,
        "euclidean_precision": 0.46920492721164614,
        "euclidean_recall": 0.419,
        "hf_subset": "default",
        "languages": [
          "eng-Latn"
        ],
        "main_score": 0.4620793171684233,
        "manhattan_accuracy": 0.9921485148514851,
        "manhattan_accuracy_threshold": 514.01220703125,
        "manhattan_ap": 0.4354046325272578,
        "manhattan_f1": 0.4633251833740831,
        "manhattan_f1_threshold": 545.44091796875,
        "manhattan_precision": 0.5959119496855346,
        "manhattan_recall": 0.379,
        "max_accuracy": 0.9921485148514851,
        "max_ap": 0.4620793171684233,
        "max_f1": 0.48022922636103155,
        "max_precision": 0.5959119496855346,
        "max_recall": 0.419,
        "similarity_accuracy": 0.9919009900990099,
        "similarity_accuracy_threshold": 0.8246638774871826,
        "similarity_ap": 0.4620793171684233,
        "similarity_f1": 0.48022922636103155,
        "similarity_f1_threshold": 0.7956234812736511,
        "similarity_precision": 0.5624161073825503,
        "similarity_recall": 0.419
      }
    ]
  },
  "task_name": "SprintDuplicateQuestions"
}