{
  "dataset_revision": "e185fbe320c72810689fc5848eb6114e1ef5ec69",
  "evaluation_time": 21.405957221984863,
  "kg_co2_emissions": null,
  "mteb_version": "1.14.19",
  "scores": {
    "test": [
      {
        "hf_subset": "default",
        "languages": [
          "eng-Latn"
        ],
        "main_score": 0.3773888845340192,
        "map": 0.3773888845340192,
        "mrr": 0.377308404422375,
        "nAUC_map_diff1": 0.32214498015314263,
        "nAUC_map_max": 0.20529482063698262,
        "nAUC_map_std": 0.05865941347654741,
        "nAUC_mrr_diff1": 0.3193241801085223,
        "nAUC_mrr_max": 0.21794925794218925,
        "nAUC_mrr_std": 0.06776428421715547
      }
    ]
  },
  "task_name": "StackOverflowDupQuestions"
}