{
  "dataset_revision": "6031580fec1f6af667f0bd2da0a551cf4f0b2375",
  "evaluation_time": 8.29277515411377,
  "kg_co2_emissions": null,
  "mteb_version": "1.14.19",
  "scores": {
    "test": [
      {
        "cosine_pearson": 0.4377606553183622,
        "cosine_spearman": 0.4625263288183353,
        "euclidean_pearson": 0.47564408733464103,
        "euclidean_spearman": 0.47665623226427334,
        "hf_subset": "default",
        "languages": [
          "eng-Latn"
        ],
        "main_score": 0.4625263288183353,
        "manhattan_pearson": 0.48092510461036087,
        "manhattan_spearman": 0.4796246267080552,
        "pearson": 0.4377606553183622,
        "spearman": 0.4625263288183353
      }
    ]
  },
  "task_name": "STS14"
}