{
  "dataset_revision": "ae752c7c21bf194d8b67fd573edf7ae58183cbe3",
  "evaluation_time": 5.353296279907227,
  "kg_co2_emissions": null,
  "mteb_version": "1.14.19",
  "scores": {
    "test": [
      {
        "cosine_pearson": 0.5613955823876665,
        "cosine_spearman": 0.5921412805772052,
        "euclidean_pearson": 0.5401459910372615,
        "euclidean_spearman": 0.5541561633493121,
        "hf_subset": "default",
        "languages": [
          "eng-Latn"
        ],
        "main_score": 0.5921412805772052,
        "manhattan_pearson": 0.5453005221711217,
        "manhattan_spearman": 0.5574524524585268,
        "pearson": 0.5613955823876665,
        "spearman": 0.5921412805772052
      }
    ]
  },
  "task_name": "STS15"
}