{
  "dataset_revision": "b0fddb56ed78048fa8b90373c8a3cfc37b684831",
  "evaluation_time": 3.7081198692321777,
  "kg_co2_emissions": null,
  "mteb_version": "1.14.19",
  "scores": {
    "test": [
      {
        "cosine_pearson": 0.39531568203146067,
        "cosine_spearman": 0.41957980676876744,
        "euclidean_pearson": 0.4474317666606412,
        "euclidean_spearman": 0.4509525048356655,
        "hf_subset": "default",
        "languages": [
          "eng-Latn"
        ],
        "main_score": 0.41957980676876744,
        "manhattan_pearson": 0.45766566978940004,
        "manhattan_spearman": 0.45937629203995495,
        "pearson": 0.39531568203146067,
        "spearman": 0.41957980676876744
      }
    ]
  },
  "task_name": "STSBenchmark"
}