{
  "dataset_revision": "d3c5e1fc0b855ab6097bf1cda04dd73947d7caab",
  "evaluation_time": 25.90903949737549,
  "kg_co2_emissions": null,
  "mteb_version": "1.14.20",
  "scores": {
    "test": [
      {
        "hf_subset": "default",
        "languages": [
          "eng-Latn"
        ],
        "main_score": 0.4182682182555856,
        "map": 0.4182682182555856,
        "mrr": 0.658831110791895,
        "nAUC_map_diff1": 0.2469231197742836,
        "nAUC_map_max": 0.41659717337434216,
        "nAUC_map_std": 0.36478994459244973,
        "nAUC_mrr_diff1": 0.4029766152673942,
        "nAUC_mrr_max": 0.4407370331621124,
        "nAUC_mrr_std": 0.33088718769569625
      }
    ]
  },
  "task_name": "SciDocsRR"
}