{
  "dataset_revision": "20a6d6f312dd54037fe07a32d58e5e168867909d",
  "evaluation_time": 7.946544647216797,
  "kg_co2_emissions": null,
  "mteb_version": "1.14.20",
  "scores": {
    "test": [
      {
        "cosine_pearson": 0.4642930613174829,
        "cosine_spearman": 0.4405629542333977,
        "euclidean_pearson": 0.44140988237518586,
        "euclidean_spearman": 0.41848274029810145,
        "hf_subset": "default",
        "languages": [
          "eng-Latn"
        ],
        "main_score": 0.4405629542333977,
        "manhattan_pearson": 0.44010227429120763,
        "manhattan_spearman": 0.41701513257951356,
        "pearson": 0.4642930613174829,
        "spearman": 0.4405629542333977
      }
    ]
  },
  "task_name": "SICK-R"
}