{
  "dataset_revision": "e185fbe320c72810689fc5848eb6114e1ef5ec69",
  "evaluation_time": 21.999449968338013,
  "kg_co2_emissions": null,
  "mteb_version": "1.14.20",
  "scores": {
    "test": [
      {
        "hf_subset": "default",
        "languages": [
          "eng-Latn"
        ],
        "main_score": 0.2983579835778562,
        "map": 0.2983579835778562,
        "mrr": 0.29093163780663783,
        "nAUC_map_diff1": 0.2680323897002041,
        "nAUC_map_max": 0.21604755649863241,
        "nAUC_map_std": 0.07067394284455171,
        "nAUC_mrr_diff1": 0.2541778905380882,
        "nAUC_mrr_max": 0.2151333915371362,
        "nAUC_mrr_std": 0.07646421669618461
      }
    ]
  },
  "task_name": "StackOverflowDupQuestions"
}