{
  "dataset_revision": "7e90230a92c190f1bf69ae9002b8cea547a64cca",
  "evaluation_time": 8.043510437011719,
  "kg_co2_emissions": null,
  "mteb_version": "1.14.20",
  "scores": {
    "test": [
      {
        "cosine_pearson": 0.1602630186899415,
        "cosine_spearman": 0.18512165798940158,
        "euclidean_pearson": 0.1865200480411476,
        "euclidean_spearman": 0.19055588082628522,
        "hf_subset": "default",
        "languages": [
          "eng-Latn"
        ],
        "main_score": 0.18512165798940158,
        "manhattan_pearson": 0.18694533443516795,
        "manhattan_spearman": 0.191403032458238,
        "pearson": 0.1602630186899415,
        "spearman": 0.18512165798940158
      }
    ]
  },
  "task_name": "STS13"
}