{
  "dataset_revision": "d3fb88f8f02e40887cd149695127462bbcf29b4a",
  "evaluation_time": 3.021305799484253,
  "kg_co2_emissions": null,
  "mteb_version": "1.14.20",
  "scores": {
    "test": [
      {
        "cosine_pearson": 0.3340953108658045,
        "cosine_spearman": 0.43016642813990436,
        "euclidean_pearson": 0.3533400472622362,
        "euclidean_spearman": 0.4082080964791202,
        "hf_subset": "default",
        "languages": [
          "eng-Latn"
        ],
        "main_score": 0.43016642813990436,
        "manhattan_pearson": 0.35534589505148245,
        "manhattan_spearman": 0.418642069164025,
        "pearson": 0.3340953108658045,
        "spearman": 0.43016642813990436
      }
    ]
  },
  "task_name": "BIOSSES"
}