{
  "dataset_revision": "d3fb88f8f02e40887cd149695127462bbcf29b4a",
  "evaluation_time": 2.1107637882232666,
  "kg_co2_emissions": null,
  "mteb_version": "1.14.20",
  "scores": {
    "test": [
      {
        "cosine_pearson": 0.005184044496289704,
        "cosine_spearman": 0.030723591624142402,
        "euclidean_pearson": -0.00048624641250301034,
        "euclidean_spearman": 0.028163292322130534,
        "hf_subset": "default",
        "languages": [
          "eng-Latn"
        ],
        "main_score": 0.030723591624142402,
        "manhattan_pearson": 0.004372488940529688,
        "manhattan_spearman": 0.030940464035606935,
        "pearson": 0.005184044496289704,
        "spearman": 0.030723591624142402
      }
    ]
  },
  "task_name": "BIOSSES"
}