{
  "dataset_revision": "e185fbe320c72810689fc5848eb6114e1ef5ec69",
  "evaluation_time": 53.84792685508728,
  "kg_co2_emissions": null,
  "mteb_version": "1.14.20",
  "scores": {
    "test": [
      {
        "hf_subset": "default",
        "languages": [
          "eng-Latn"
        ],
        "main_score": 0.2480111470472988,
        "map": 0.2480111470472988,
        "mrr": 0.23363731856378916,
        "nAUC_map_diff1": 0.17080674026217924,
        "nAUC_map_max": 0.2281153360353848,
        "nAUC_map_std": 0.06928141284578078,
        "nAUC_mrr_diff1": 0.16203313175969405,
        "nAUC_mrr_max": 0.2287714909382861,
        "nAUC_mrr_std": 0.07277297399681788
      }
    ]
  },
  "task_name": "StackOverflowDupQuestions"
}