{
  "dataset_revision": "6031580fec1f6af667f0bd2da0a551cf4f0b2375",
  "evaluation_time": 13.363104820251465,
  "kg_co2_emissions": null,
  "mteb_version": "1.14.20",
  "scores": {
    "test": [
      {
        "cosine_pearson": 0.1442275337312464,
        "cosine_spearman": 0.177157711581069,
        "euclidean_pearson": 0.15822282456043035,
        "euclidean_spearman": 0.17259297861726244,
        "hf_subset": "default",
        "languages": [
          "eng-Latn"
        ],
        "main_score": 0.177157711581069,
        "manhattan_pearson": 0.15775551231512788,
        "manhattan_spearman": 0.17207810652569744,
        "pearson": 0.1442275337312464,
        "spearman": 0.177157711581069
      }
    ]
  },
  "task_name": "STS14"
}