{
  "dataset_revision": "a0d554a64d88156834ff5ae9920b964011b16384",
  "evaluation_time": 9.430430173873901,
  "kg_co2_emissions": null,
  "mteb_version": "1.14.20",
  "scores": {
    "test": [
      {
        "cosine_pearson": 0.07129615405838238,
        "cosine_spearman": 0.1674488080065427,
        "euclidean_pearson": 0.13812848783580103,
        "euclidean_spearman": 0.17654798415803621,
        "hf_subset": "default",
        "languages": [
          "eng-Latn"
        ],
        "main_score": 0.1674488080065427,
        "manhattan_pearson": 0.1383610856799454,
        "manhattan_spearman": 0.1768510781505854,
        "pearson": 0.07129615405838238,
        "spearman": 0.1674488080065427
      }
    ]
  },
  "task_name": "STS12"
}