{
  "dataset_revision": "d66bd1f72af766a5cc4b0ca5e00c162f89e8cc46",
  "evaluation_time": 13.479456901550293,
  "kg_co2_emissions": null,
  "mteb_version": "1.14.20",
  "scores": {
    "test": [
      {
        "cosine_accuracy": 0.9901287128712871,
        "cosine_accuracy_threshold": 0.9417043924331665,
        "cosine_ap": 0.04481576514570776,
        "cosine_f1": 0.09753954305799649,
        "cosine_f1_threshold": 0.7765956521034241,
        "cosine_precision": 0.08699059561128526,
        "cosine_recall": 0.111,
        "dot_accuracy": 0.9901089108910891,
        "dot_accuracy_threshold": 545.9835815429688,
        "dot_ap": 0.041829912735195374,
        "dot_f1": 0.09022556390977444,
        "dot_f1_threshold": 350.4627380371094,
        "dot_precision": 0.09045226130653267,
        "dot_recall": 0.09,
        "euclidean_accuracy": 0.9901188118811881,
        "euclidean_accuracy_threshold": 4.798006057739258,
        "euclidean_ap": 0.03498684926347574,
        "euclidean_f1": 0.08109965635738832,
        "euclidean_f1_threshold": 13.684459686279297,
        "euclidean_precision": 0.061780104712041886,
        "euclidean_recall": 0.118,
        "hf_subset": "default",
        "languages": [
          "eng-Latn"
        ],
        "main_score": 0.04481576514570776,
        "manhattan_accuracy": 0.9901287128712871,
        "manhattan_accuracy_threshold": 154.13519287109375,
        "manhattan_ap": 0.035155775416613855,
        "manhattan_f1": 0.08029441284710605,
        "manhattan_f1_threshold": 351.45404052734375,
        "manhattan_precision": 0.06033182503770739,
        "manhattan_recall": 0.12,
        "max_accuracy": 0.9901287128712871,
        "max_ap": 0.04481576514570776,
        "max_f1": 0.09753954305799649,
        "max_precision": 0.09045226130653267,
        "max_recall": 0.12,
        "similarity_accuracy": 0.9901287128712871,
        "similarity_accuracy_threshold": 0.9417043924331665,
        "similarity_ap": 0.04481576514570776,
        "similarity_f1": 0.09753954305799649,
        "similarity_f1_threshold": 0.7765956521034241,
        "similarity_precision": 0.08699059561128526,
        "similarity_recall": 0.111
      }
    ]
  },
  "task_name": "SprintDuplicateQuestions"
}