{
  "dataset_revision": "e185fbe320c72810689fc5848eb6114e1ef5ec69",
  "evaluation_time": 64.04981136322021,
  "kg_co2_emissions": null,
  "mteb_version": "1.14.20",
  "scores": {
    "test": [
      {
        "hf_subset": "default",
        "languages": [
          "eng-Latn"
        ],
        "main_score": 0.25723272334340347,
        "map": 0.25723272334340347,
        "mrr": 0.24447826479076482,
        "nAUC_map_diff1": 0.1990182732443904,
        "nAUC_map_max": 0.20594926638586605,
        "nAUC_map_std": 0.10874874659602136,
        "nAUC_mrr_diff1": 0.18404836488841003,
        "nAUC_mrr_max": 0.20383785451870998,
        "nAUC_mrr_std": 0.11428300926874771
      }
    ]
  },
  "task_name": "StackOverflowDupQuestions"
}