{
  "dataset_revision": "d3fb88f8f02e40887cd149695127462bbcf29b4a",
  "evaluation_time": 2.332136631011963,
  "kg_co2_emissions": null,
  "mteb_version": "1.14.20",
  "scores": {
    "test": [
      {
        "cosine_pearson": 0.053540065764201526,
        "cosine_spearman": 0.09432142628611716,
        "euclidean_pearson": 0.04140813254851052,
        "euclidean_spearman": 0.0696943591175889,
        "hf_subset": "default",
        "languages": [
          "eng-Latn"
        ],
        "main_score": 0.09432142628611716,
        "manhattan_pearson": 0.047316175179569334,
        "manhattan_spearman": 0.07630294343360541,
        "pearson": 0.053540065764201526,
        "spearman": 0.09432142628611716
      }
    ]
  },
  "task_name": "BIOSSES"
}