{
  "dataset_revision": "20a6d6f312dd54037fe07a32d58e5e168867909d",
  "evaluation_time": 11.619394779205322,
  "kg_co2_emissions": null,
  "mteb_version": "1.14.20",
  "scores": {
    "test": [
      {
        "cosine_pearson": 0.29142185429265244,
        "cosine_spearman": 0.3056204201057889,
        "euclidean_pearson": 0.30891073872056624,
        "euclidean_spearman": 0.2989826222249009,
        "hf_subset": "default",
        "languages": [
          "eng-Latn"
        ],
        "main_score": 0.3056204201057889,
        "manhattan_pearson": 0.30824818689847183,
        "manhattan_spearman": 0.2985760443266154,
        "pearson": 0.29142185429265244,
        "spearman": 0.3056204201057889
      }
    ]
  },
  "task_name": "SICK-R"
}