{
  "dataset_revision": "a0d554a64d88156834ff5ae9920b964011b16384",
  "evaluation_time": 6.6395649909973145,
  "kg_co2_emissions": null,
  "mteb_version": "1.14.20",
  "scores": {
    "test": [
      {
        "cosine_pearson": 0.09499922062633673,
        "cosine_spearman": 0.18437344600217112,
        "euclidean_pearson": 0.16230056068134252,
        "euclidean_spearman": 0.1902554780322683,
        "hf_subset": "default",
        "languages": [
          "eng-Latn"
        ],
        "main_score": 0.18437344600217112,
        "manhattan_pearson": 0.16254617016127157,
        "manhattan_spearman": 0.19045334428333366,
        "pearson": 0.09499922062633673,
        "spearman": 0.18437344600217112
      }
    ]
  },
  "task_name": "STS12"
}