{
  "dataset_revision": "ae752c7c21bf194d8b67fd573edf7ae58183cbe3",
  "evaluation_time": 7.928221940994263,
  "kg_co2_emissions": null,
  "mteb_version": "1.14.20",
  "scores": {
    "test": [
      {
        "cosine_pearson": 0.35298431423051685,
        "cosine_spearman": 0.36592171809077934,
        "euclidean_pearson": 0.34918447734994273,
        "euclidean_spearman": 0.32796915167674423,
        "hf_subset": "default",
        "languages": [
          "eng-Latn"
        ],
        "main_score": 0.36592171809077934,
        "manhattan_pearson": 0.3491607248662732,
        "manhattan_spearman": 0.32772954166594237,
        "pearson": 0.35298431423051685,
        "spearman": 0.36592171809077934
      }
    ]
  },
  "task_name": "STS15"
}