{
  "dataset_revision": "7e90230a92c190f1bf69ae9002b8cea547a64cca",
  "evaluation_time": 4.37929105758667,
  "kg_co2_emissions": null,
  "mteb_version": "1.14.20",
  "scores": {
    "test": [
      {
        "cosine_pearson": 0.21626892168983639,
        "cosine_spearman": 0.24785243079684108,
        "euclidean_pearson": 0.23755343292771644,
        "euclidean_spearman": 0.24265482713387482,
        "hf_subset": "default",
        "languages": [
          "eng-Latn"
        ],
        "main_score": 0.24785243079684108,
        "manhattan_pearson": 0.23744527177730185,
        "manhattan_spearman": 0.2428039679589157,
        "pearson": 0.21626892168983639,
        "spearman": 0.24785243079684108
      }
    ]
  },
  "task_name": "STS13"
}