{
  "dataset_revision": "2000358ca161889fa9c082cb41daa8dcfb161a54",
  "evaluation_time": 10.849876880645752,
  "kg_co2_emissions": null,
  "mteb_version": "1.14.19",
  "scores": {
    "test": [
      {
        "hf_subset": "default",
        "languages": [
          "eng-Latn"
        ],
        "main_score": 0.4764002322952548,
        "map": 0.4764002322952548,
        "mrr": 0.6032383590555336,
        "nAUC_map_diff1": 0.14106522436833116,
        "nAUC_map_max": 0.18489636048226607,
        "nAUC_map_std": -0.01682129526108508,
        "nAUC_mrr_diff1": 0.23159067738317332,
        "nAUC_mrr_max": 0.2621342947252696,
        "nAUC_mrr_std": -0.023130669946005683
      }
    ]
  },
  "task_name": "AskUbuntuDupQuestions"
}