{
  "dataset_revision": "59042f120c80e8afa9cdbb224f67076cec0fc9a7",
  "evaluation_time": 127.16719126701355,
  "kg_co2_emissions": null,
  "mteb_version": "1.14.19",
  "scores": {
    "test": [
      {
        "hf_subset": "default",
        "languages": [
          "eng-Latn"
        ],
        "main_score": 0.290809885511149,
        "map": 0.290809885511149,
        "mrr": 0.3004554334726457,
        "nAUC_map_diff1": 0.26141220652661756,
        "nAUC_map_max": -0.19309009194505106,
        "nAUC_map_std": 0.0023576235476343646,
        "nAUC_mrr_diff1": 0.22891069189072433,
        "nAUC_mrr_max": -0.13462784740998796,
        "nAUC_mrr_std": -4.993771783947778e-05
      }
    ]
  },
  "task_name": "MindSmallReranking"
}