{
  "dataset_revision": "d66bd1f72af766a5cc4b0ca5e00c162f89e8cc46",
  "evaluation_time": 32.77508544921875,
  "kg_co2_emissions": null,
  "mteb_version": "1.14.19",
  "scores": {
    "test": [
      {
        "cosine_accuracy": 0.9908514851485148,
        "cosine_accuracy_threshold": 0.9524922370910645,
        "cosine_ap": 0.2659370462375693,
        "cosine_f1": 0.336108220603538,
        "cosine_f1_threshold": 0.9390357732772827,
        "cosine_precision": 0.35032537960954446,
        "cosine_recall": 0.323,
        "dot_accuracy": 0.9901089108910891,
        "dot_accuracy_threshold": 3649.03759765625,
        "dot_ap": 0.03984542710875044,
        "dot_f1": 0.09233891425672247,
        "dot_f1_threshold": 3237.052978515625,
        "dot_precision": 0.0937178166838311,
        "dot_recall": 0.091,
        "euclidean_accuracy": 0.9908217821782178,
        "euclidean_accuracy_threshold": 16.656652450561523,
        "euclidean_ap": 0.2474871565548068,
        "euclidean_f1": 0.31353337415799143,
        "euclidean_f1_threshold": 18.71725082397461,
        "euclidean_precision": 0.40442338072669826,
        "euclidean_recall": 0.256,
        "hf_subset": "default",
        "languages": [
          "eng-Latn"
        ],
        "main_score": 0.3140328255542907,
        "manhattan_accuracy": 0.9910792079207921,
        "manhattan_accuracy_threshold": 502.778564453125,
        "manhattan_ap": 0.3140328255542907,
        "manhattan_f1": 0.3673695893451721,
        "manhattan_f1_threshold": 572.5763549804688,
        "manhattan_precision": 0.41271820448877805,
        "manhattan_recall": 0.331,
        "max_accuracy": 0.9910792079207921,
        "max_ap": 0.3140328255542907,
        "max_f1": 0.3673695893451721,
        "max_precision": 0.41271820448877805,
        "max_recall": 0.331,
        "similarity_accuracy": 0.9908514851485148,
        "similarity_accuracy_threshold": 0.9524922370910645,
        "similarity_ap": 0.2659370462375693,
        "similarity_f1": 0.336108220603538,
        "similarity_f1_threshold": 0.9390357732772827,
        "similarity_precision": 0.35032537960954446,
        "similarity_recall": 0.323
      }
    ],
    "validation": [
      {
        "cosine_accuracy": 0.9903762376237624,
        "cosine_accuracy_threshold": 0.9611897468566895,
        "cosine_ap": 0.16774188910214194,
        "cosine_f1": 0.23441108545034642,
        "cosine_f1_threshold": 0.9391231536865234,
        "cosine_precision": 0.2773224043715847,
        "cosine_recall": 0.203,
        "dot_accuracy": 0.9901287128712871,
        "dot_accuracy_threshold": 3789.163330078125,
        "dot_ap": 0.030773278641420494,
        "dot_f1": 0.06635747413485552,
        "dot_f1_threshold": 3168.02734375,
        "dot_precision": 0.051580698835274545,
        "dot_recall": 0.093,
        "euclidean_accuracy": 0.9904059405940594,
        "euclidean_accuracy_threshold": 15.792240142822266,
        "euclidean_ap": 0.15852035737236708,
        "euclidean_f1": 0.22400756143667294,
        "euclidean_f1_threshold": 19.913524627685547,
        "euclidean_precision": 0.21236559139784947,
        "euclidean_recall": 0.237,
        "hf_subset": "default",
        "languages": [
          "eng-Latn"
        ],
        "main_score": 0.21642508738570718,
        "manhattan_accuracy": 0.9905742574257426,
        "manhattan_accuracy_threshold": 492.05145263671875,
        "manhattan_ap": 0.21642508738570718,
        "manhattan_f1": 0.2925739810161921,
        "manhattan_f1_threshold": 582.161376953125,
        "manhattan_precision": 0.33122629582806573,
        "manhattan_recall": 0.262,
        "max_accuracy": 0.9905742574257426,
        "max_ap": 0.21642508738570718,
        "max_f1": 0.2925739810161921,
        "max_precision": 0.33122629582806573,
        "max_recall": 0.262,
        "similarity_accuracy": 0.9903762376237624,
        "similarity_accuracy_threshold": 0.9611897468566895,
        "similarity_ap": 0.16774188910214194,
        "similarity_f1": 0.23441108545034642,
        "similarity_f1_threshold": 0.9391231536865234,
        "similarity_precision": 0.2773224043715847,
        "similarity_recall": 0.203
      }
    ]
  },
  "task_name": "SprintDuplicateQuestions"
}