{
  "dataset_revision": "e185fbe320c72810689fc5848eb6114e1ef5ec69",
  "evaluation_time": 61.060407400131226,
  "kg_co2_emissions": null,
  "mteb_version": "1.14.19",
  "scores": {
    "test": [
      {
        "hf_subset": "default",
        "languages": [
          "eng-Latn"
        ],
        "main_score": 0.36286442511636924,
        "map": 0.36286442511636924,
        "mrr": 0.3624380623461506,
        "nAUC_map_diff1": 0.2880889020389576,
        "nAUC_map_max": 0.20639391024855383,
        "nAUC_map_std": 0.06158911889849429,
        "nAUC_mrr_diff1": 0.285678638908454,
        "nAUC_mrr_max": 0.2134362605041485,
        "nAUC_mrr_std": 0.06973759525125442
      }
    ]
  },
  "task_name": "StackOverflowDupQuestions"
}