{
  "dataset_revision": "4d8694f8f0e0100860b497b999b3dbed754a0513",
  "evaluation_time": 5.902944564819336,
  "kg_co2_emissions": null,
  "mteb_version": "1.14.19",
  "scores": {
    "test": [
      {
        "cosine_pearson": 0.5175542724742217,
        "cosine_spearman": 0.5204927887344366,
        "euclidean_pearson": 0.5248929310677194,
        "euclidean_spearman": 0.5210896531856789,
        "hf_subset": "default",
        "languages": [
          "eng-Latn"
        ],
        "main_score": 0.5204927887344366,
        "manhattan_pearson": 0.5144354874957032,
        "manhattan_spearman": 0.5118357331436245,
        "pearson": 0.5175542724742217,
        "spearman": 0.5204927887344366
      }
    ]
  },
  "task_name": "STS16"
}