{
  "dataset_revision": "2000358ca161889fa9c082cb41daa8dcfb161a54",
  "evaluation_time": 8.144009113311768,
  "kg_co2_emissions": null,
  "mteb_version": "1.14.20",
  "scores": {
    "test": [
      {
        "hf_subset": "default",
        "languages": [
          "eng-Latn"
        ],
        "main_score": 0.441116533536819,
        "map": 0.441116533536819,
        "mrr": 0.5568680473112606,
        "nAUC_map_diff1": 0.13745128760802824,
        "nAUC_map_max": 0.19868717509373,
        "nAUC_map_std": 0.10016901878043878,
        "nAUC_mrr_diff1": 0.14136752655914978,
        "nAUC_mrr_max": 0.2406359908501904,
        "nAUC_mrr_std": 0.1377682198632693
      }
    ]
  },
  "task_name": "AskUbuntuDupQuestions"
}