{
  "dataset_revision": "d3fb88f8f02e40887cd149695127462bbcf29b4a",
  "evaluation_time": 1.5578651428222656,
  "kg_co2_emissions": null,
  "mteb_version": "1.14.20",
  "scores": {
    "test": [
      {
        "cosine_pearson": 0.00684928275900132,
        "cosine_spearman": 0.04329616725543361,
        "euclidean_pearson": 0.02569779359661889,
        "euclidean_spearman": 0.050452956833763246,
        "hf_subset": "default",
        "languages": [
          "eng-Latn"
        ],
        "main_score": 0.04329616725543361,
        "manhattan_pearson": 0.02797194020255304,
        "manhattan_spearman": 0.051874675975586315,
        "pearson": 0.00684928275900132,
        "spearman": 0.04329616725543361
      }
    ]
  },
  "task_name": "BIOSSES"
}