{
  "dataset_revision": "59042f120c80e8afa9cdbb224f67076cec0fc9a7",
  "evaluation_time": 119.50303483009338,
  "kg_co2_emissions": null,
  "mteb_version": "1.14.20",
  "scores": {
    "test": [
      {
        "hf_subset": "default",
        "languages": [
          "eng-Latn"
        ],
        "main_score": 0.2546882344563861,
        "map": 0.2546882344563861,
        "mrr": 0.2588880262979476,
        "nAUC_map_diff1": 0.11617695925200248,
        "nAUC_map_max": -0.212436527107671,
        "nAUC_map_std": -0.08230426037602706,
        "nAUC_mrr_diff1": 0.10989202190593908,
        "nAUC_mrr_max": -0.14153465980140564,
        "nAUC_mrr_std": -0.04278074228507362
      }
    ]
  },
  "task_name": "MindSmallReranking"
}