{
  "dataset_revision": "20a6d6f312dd54037fe07a32d58e5e168867909d",
  "evaluation_time": 12.098668098449707,
  "kg_co2_emissions": null,
  "mteb_version": "1.14.20",
  "scores": {
    "test": [
      {
        "cosine_pearson": 0.28460919989268396,
        "cosine_spearman": 0.3047416211236456,
        "euclidean_pearson": 0.30285026735393633,
        "euclidean_spearman": 0.2965696499916827,
        "hf_subset": "default",
        "languages": [
          "eng-Latn"
        ],
        "main_score": 0.3047416211236456,
        "manhattan_pearson": 0.30350912579255074,
        "manhattan_spearman": 0.2972285015760348,
        "pearson": 0.28460919989268396,
        "spearman": 0.3047416211236456
      }
    ]
  },
  "task_name": "SICK-R"
}