{
  "dataset_revision": "4d8694f8f0e0100860b497b999b3dbed754a0513",
  "evaluation_time": 4.73781418800354,
  "kg_co2_emissions": null,
  "mteb_version": "1.14.20",
  "scores": {
    "test": [
      {
        "cosine_pearson": 0.28829639697653897,
        "cosine_spearman": 0.30585192888185037,
        "euclidean_pearson": 0.2869846728995448,
        "euclidean_spearman": 0.2842454030908971,
        "hf_subset": "default",
        "languages": [
          "eng-Latn"
        ],
        "main_score": 0.30585192888185037,
        "manhattan_pearson": 0.28717560964273364,
        "manhattan_spearman": 0.28450423552951987,
        "pearson": 0.28829639697653897,
        "spearman": 0.30585192888185037
      }
    ]
  },
  "task_name": "STS16"
}