{
  "dataset_revision": "6031580fec1f6af667f0bd2da0a551cf4f0b2375",
  "evaluation_time": 9.488961696624756,
  "kg_co2_emissions": null,
  "mteb_version": "1.14.20",
  "scores": {
    "test": [
      {
        "cosine_pearson": 0.14458787488006453,
        "cosine_spearman": 0.1884424611719385,
        "euclidean_pearson": 0.1687249943191852,
        "euclidean_spearman": 0.18440461999949798,
        "hf_subset": "default",
        "languages": [
          "eng-Latn"
        ],
        "main_score": 0.1884424611719385,
        "manhattan_pearson": 0.16881043584835329,
        "manhattan_spearman": 0.1842575757179593,
        "pearson": 0.14458787488006453,
        "spearman": 0.1884424611719385
      }
    ]
  },
  "task_name": "STS14"
}