{
  "dataset_revision": "d3fb88f8f02e40887cd149695127462bbcf29b4a",
  "evaluation_time": 1.8668549060821533,
  "kg_co2_emissions": null,
  "mteb_version": "1.14.20",
  "scores": {
    "test": [
      {
        "cosine_pearson": -0.04120838402518265,
        "cosine_spearman": 0.0005361567950095439,
        "euclidean_pearson": -0.016879772337775285,
        "euclidean_spearman": 0.018205234095717324,
        "hf_subset": "default",
        "languages": [
          "eng-Latn"
        ],
        "main_score": 0.0005361567950095439,
        "manhattan_pearson": -0.015790714669169762,
        "manhattan_spearman": 0.02924163014580141,
        "pearson": -0.04120838402518265,
        "spearman": 0.0005361567950095439
      }
    ]
  },
  "task_name": "BIOSSES"
}