{
  "dataset_revision": "d3c5e1fc0b855ab6097bf1cda04dd73947d7caab",
  "evaluation_time": 76.85556840896606,
  "kg_co2_emissions": null,
  "mteb_version": "1.14.20",
  "scores": {
    "test": [
      {
        "hf_subset": "default",
        "languages": [
          "eng-Latn"
        ],
        "main_score": 0.3242244961933472,
        "map": 0.3242244961933472,
        "mrr": 0.5107253585194761,
        "nAUC_map_diff1": 0.2084969744355883,
        "nAUC_map_max": 0.3300884757254982,
        "nAUC_map_std": 0.2188130203705027,
        "nAUC_mrr_diff1": 0.3072405308282979,
        "nAUC_mrr_max": 0.3553574951664675,
        "nAUC_mrr_std": 0.19287433326483783
      }
    ]
  },
  "task_name": "SciDocsRR"
}