{
  "dataset_revision": "20a6d6f312dd54037fe07a32d58e5e168867909d",
  "evaluation_time": 14.09595799446106,
  "kg_co2_emissions": null,
  "mteb_version": "1.14.20",
  "scores": {
    "test": [
      {
        "cosine_pearson": 0.27421440500966326,
        "cosine_spearman": 0.2929269527245742,
        "euclidean_pearson": 0.29216313961014456,
        "euclidean_spearman": 0.28634720860355045,
        "hf_subset": "default",
        "languages": [
          "eng-Latn"
        ],
        "main_score": 0.2929269527245742,
        "manhattan_pearson": 0.29152445667663096,
        "manhattan_spearman": 0.28582639731718135,
        "pearson": 0.27421440500966326,
        "spearman": 0.2929269527245742
      }
    ]
  },
  "task_name": "SICK-R"
}