{
  "dataset_revision": "e185fbe320c72810689fc5848eb6114e1ef5ec69",
  "evaluation_time": 54.11576461791992,
  "kg_co2_emissions": null,
  "mteb_version": "1.14.20",
  "scores": {
    "test": [
      {
        "hf_subset": "default",
        "languages": [
          "eng-Latn"
        ],
        "main_score": 0.25042065151222753,
        "map": 0.25042065151222753,
        "mrr": 0.2362845895934131,
        "nAUC_map_diff1": 0.1610973377479661,
        "nAUC_map_max": 0.2238373721491724,
        "nAUC_map_std": 0.046092516682523704,
        "nAUC_mrr_diff1": 0.14901511718981528,
        "nAUC_mrr_max": 0.22698166777620865,
        "nAUC_mrr_std": 0.05254521239938729
      }
    ]
  },
  "task_name": "StackOverflowDupQuestions"
}