{
  "dataset_revision": "7e90230a92c190f1bf69ae9002b8cea547a64cca",
  "evaluation_time": 6.0588133335113525,
  "kg_co2_emissions": null,
  "mteb_version": "1.14.20",
  "scores": {
    "test": [
      {
        "cosine_pearson": 0.18250080492947143,
        "cosine_spearman": 0.20434615771010264,
        "euclidean_pearson": 0.19945858790596296,
        "euclidean_spearman": 0.20485922300361573,
        "hf_subset": "default",
        "languages": [
          "eng-Latn"
        ],
        "main_score": 0.20434615771010264,
        "manhattan_pearson": 0.19954233146884268,
        "manhattan_spearman": 0.20515861878342487,
        "pearson": 0.18250080492947143,
        "spearman": 0.20434615771010264
      }
    ]
  },
  "task_name": "STS13"
}