{
  "dataset_revision": "d3fb88f8f02e40887cd149695127462bbcf29b4a",
  "evaluation_time": 1.9421148300170898,
  "kg_co2_emissions": null,
  "mteb_version": "1.14.20",
  "scores": {
    "test": [
      {
        "cosine_pearson": 0.035090873298478445,
        "cosine_spearman": 0.0708329392777777,
        "euclidean_pearson": 0.04741659456584311,
        "euclidean_spearman": 0.07348360208456646,
        "hf_subset": "default",
        "languages": [
          "eng-Latn"
        ],
        "main_score": 0.0708329392777777,
        "manhattan_pearson": 0.052096817953472735,
        "manhattan_spearman": 0.07405590428148677,
        "pearson": 0.035090873298478445,
        "spearman": 0.0708329392777777
      }
    ]
  },
  "task_name": "BIOSSES"
}