{
  "dataset_revision": "d66bd1f72af766a5cc4b0ca5e00c162f89e8cc46",
  "evaluation_time": 11.65359354019165,
  "kg_co2_emissions": null,
  "mteb_version": "1.14.20",
  "scores": {
    "test": [
      {
        "cosine_accuracy": 0.9901386138613861,
        "cosine_accuracy_threshold": 0.9139604568481445,
        "cosine_ap": 0.03074145176276575,
        "cosine_f1": 0.052971576227390176,
        "cosine_f1_threshold": 0.3720143735408783,
        "cosine_precision": 0.02968146718146718,
        "cosine_recall": 0.246,
        "dot_accuracy": 0.9900891089108911,
        "dot_accuracy_threshold": 441.9732666015625,
        "dot_ap": 0.023115097576837138,
        "dot_f1": 0.05185516316495306,
        "dot_f1_threshold": 135.41461181640625,
        "dot_precision": 0.0291897332662305,
        "dot_recall": 0.232,
        "euclidean_accuracy": 0.9901485148514851,
        "euclidean_accuracy_threshold": 8.309966087341309,
        "euclidean_ap": 0.029445478906473567,
        "euclidean_f1": 0.04825737265415549,
        "euclidean_f1_threshold": 20.313522338867188,
        "euclidean_precision": 0.027477102414654453,
        "euclidean_recall": 0.198,
        "hf_subset": "default",
        "languages": [
          "eng-Latn"
        ],
        "main_score": 0.03074145176276575,
        "manhattan_accuracy": 0.9901485148514851,
        "manhattan_accuracy_threshold": 212.874755859375,
        "manhattan_ap": 0.029619548404517766,
        "manhattan_f1": 0.04896174863387978,
        "manhattan_f1_threshold": 484.2529296875,
        "manhattan_precision": 0.03132867132867133,
        "manhattan_recall": 0.112,
        "max_accuracy": 0.9901485148514851,
        "max_ap": 0.03074145176276575,
        "max_f1": 0.052971576227390176,
        "max_precision": 0.03132867132867133,
        "max_recall": 0.246,
        "similarity_accuracy": 0.9901386138613861,
        "similarity_accuracy_threshold": 0.9139604568481445,
        "similarity_ap": 0.03074145176276575,
        "similarity_f1": 0.052971576227390176,
        "similarity_f1_threshold": 0.3720143735408783,
        "similarity_precision": 0.02968146718146718,
        "similarity_recall": 0.246
      }
    ]
  },
  "task_name": "SprintDuplicateQuestions"
}