{
  "dataset_revision": "2000358ca161889fa9c082cb41daa8dcfb161a54",
  "evaluation_time": 9.908278703689575,
  "kg_co2_emissions": null,
  "mteb_version": "1.14.19",
  "scores": {
    "test": [
      {
        "hf_subset": "default",
        "languages": [
          "eng-Latn"
        ],
        "main_score": 0.484212319457823,
        "map": 0.484212319457823,
        "mrr": 0.6212120212812734,
        "nAUC_map_diff1": 0.07959504677597308,
        "nAUC_map_max": 0.18290858033418037,
        "nAUC_map_std": 0.011081144840134989,
        "nAUC_mrr_diff1": 0.1580761441731457,
        "nAUC_mrr_max": 0.24004689808995608,
        "nAUC_mrr_std": -0.02577052048561362
      }
    ]
  },
  "task_name": "AskUbuntuDupQuestions"
}