{
  "dataset_revision": "d66bd1f72af766a5cc4b0ca5e00c162f89e8cc46",
  "evaluation_time": 29.665066957473755,
  "kg_co2_emissions": null,
  "mteb_version": "1.14.19",
  "scores": {
    "test": [
      {
        "cosine_accuracy": 0.9918514851485148,
        "cosine_accuracy_threshold": 0.9481600522994995,
        "cosine_ap": 0.41995041191162924,
        "cosine_f1": 0.45749440715883666,
        "cosine_f1_threshold": 0.9372678995132446,
        "cosine_precision": 0.5190355329949239,
        "cosine_recall": 0.409,
        "dot_accuracy": 0.9901881188118812,
        "dot_accuracy_threshold": 3087.43359375,
        "dot_ap": 0.061329123288941384,
        "dot_f1": 0.11170212765957448,
        "dot_f1_threshold": 2868.260009765625,
        "dot_precision": 0.11931818181818182,
        "dot_recall": 0.105,
        "euclidean_accuracy": 0.9915544554455445,
        "euclidean_accuracy_threshold": 16.50580406188965,
        "euclidean_ap": 0.3745956999384198,
        "euclidean_f1": 0.40528128587830076,
        "euclidean_f1_threshold": 18.417808532714844,
        "euclidean_precision": 0.4757412398921833,
        "euclidean_recall": 0.353,
        "hf_subset": "default",
        "languages": [
          "eng-Latn"
        ],
        "main_score": 0.4327048280461692,
        "manhattan_accuracy": 0.9918019801980198,
        "manhattan_accuracy_threshold": 516.74462890625,
        "manhattan_ap": 0.4327048280461692,
        "manhattan_f1": 0.45679012345679015,
        "manhattan_f1_threshold": 557.2972412109375,
        "manhattan_precision": 0.520460358056266,
        "manhattan_recall": 0.407,
        "max_accuracy": 0.9918514851485148,
        "max_ap": 0.4327048280461692,
        "max_f1": 0.45749440715883666,
        "max_precision": 0.520460358056266,
        "max_recall": 0.409,
        "similarity_accuracy": 0.9918514851485148,
        "similarity_accuracy_threshold": 0.9481600522994995,
        "similarity_ap": 0.41995041191162924,
        "similarity_f1": 0.45749440715883666,
        "similarity_f1_threshold": 0.9372678995132446,
        "similarity_precision": 0.5190355329949239,
        "similarity_recall": 0.409
      }
    ],
    "validation": [
      {
        "cosine_accuracy": 0.990970297029703,
        "cosine_accuracy_threshold": 0.9483981728553772,
        "cosine_ap": 0.29738593820170955,
        "cosine_f1": 0.36089494163424124,
        "cosine_f1_threshold": 0.9307248592376709,
        "cosine_precision": 0.35132575757575757,
        "cosine_recall": 0.371,
        "dot_accuracy": 0.9901287128712871,
        "dot_accuracy_threshold": 3386.15087890625,
        "dot_ap": 0.040260684044623254,
        "dot_f1": 0.08582375478927202,
        "dot_f1_threshold": 2805.64697265625,
        "dot_precision": 0.06956521739130435,
        "dot_recall": 0.112,
        "euclidean_accuracy": 0.9908712871287129,
        "euclidean_accuracy_threshold": 16.553884506225586,
        "euclidean_ap": 0.25903844051119485,
        "euclidean_f1": 0.3239652529381707,
        "euclidean_f1_threshold": 19.170093536376953,
        "euclidean_precision": 0.33124346917450365,
        "euclidean_recall": 0.317,
        "hf_subset": "default",
        "languages": [
          "eng-Latn"
        ],
        "main_score": 0.326843267488959,
        "manhattan_accuracy": 0.9910891089108911,
        "manhattan_accuracy_threshold": 515.4149169921875,
        "manhattan_ap": 0.326843267488959,
        "manhattan_f1": 0.38357588357588357,
        "manhattan_f1_threshold": 576.5518798828125,
        "manhattan_precision": 0.39935064935064934,
        "manhattan_recall": 0.369,
        "max_accuracy": 0.9910891089108911,
        "max_ap": 0.326843267488959,
        "max_f1": 0.38357588357588357,
        "max_precision": 0.39935064935064934,
        "max_recall": 0.371,
        "similarity_accuracy": 0.990970297029703,
        "similarity_accuracy_threshold": 0.9483981728553772,
        "similarity_ap": 0.29738593820170955,
        "similarity_f1": 0.36089494163424124,
        "similarity_f1_threshold": 0.9307248592376709,
        "similarity_precision": 0.35132575757575757,
        "similarity_recall": 0.371
      }
    ]
  },
  "task_name": "SprintDuplicateQuestions"
}