{
  "dataset_revision": "e185fbe320c72810689fc5848eb6114e1ef5ec69",
  "evaluation_time": 52.24060654640198,
  "kg_co2_emissions": null,
  "mteb_version": "1.14.19",
  "scores": {
    "test": [
      {
        "hf_subset": "default",
        "languages": [
          "eng-Latn"
        ],
        "main_score": 0.38526484419660106,
        "map": 0.38526484419660106,
        "mrr": 0.3864888379594262,
        "nAUC_map_diff1": 0.2944644440153258,
        "nAUC_map_max": 0.2086067434837065,
        "nAUC_map_std": 0.07032904992229032,
        "nAUC_mrr_diff1": 0.28917564347176705,
        "nAUC_mrr_max": 0.21573053211751256,
        "nAUC_mrr_std": 0.07854267755559786
      }
    ]
  },
  "task_name": "StackOverflowDupQuestions"
}