{
  "dataset_revision": "ae752c7c21bf194d8b67fd573edf7ae58183cbe3",
  "evaluation_time": 10.033397674560547,
  "kg_co2_emissions": null,
  "mteb_version": "1.14.19",
  "scores": {
    "test": [
      {
        "cosine_pearson": 0.5694223016280617,
        "cosine_spearman": 0.5978022691222874,
        "euclidean_pearson": 0.6108237611137096,
        "euclidean_spearman": 0.6260149332229619,
        "hf_subset": "default",
        "languages": [
          "eng-Latn"
        ],
        "main_score": 0.5978022691222874,
        "manhattan_pearson": 0.6206248645074253,
        "manhattan_spearman": 0.639698188513018,
        "pearson": 0.5694223016280617,
        "spearman": 0.5978022691222874
      }
    ]
  },
  "task_name": "STS15"
}