{
  "dataset_revision": "4d8694f8f0e0100860b497b999b3dbed754a0513",
  "evaluation_time": 5.3092265129089355,
  "kg_co2_emissions": null,
  "mteb_version": "1.14.19",
  "scores": {
    "test": [
      {
        "cosine_pearson": 0.5414592015014092,
        "cosine_spearman": 0.5434690246664879,
        "euclidean_pearson": 0.5406431780073473,
        "euclidean_spearman": 0.5368449943105789,
        "hf_subset": "default",
        "languages": [
          "eng-Latn"
        ],
        "main_score": 0.5434690246664879,
        "manhattan_pearson": 0.5355008212993081,
        "manhattan_spearman": 0.5341205260463678,
        "pearson": 0.5414592015014092,
        "spearman": 0.5434690246664879
      }
    ]
  },
  "task_name": "STS16"
}