{
  "dataset_revision": "d3fb88f8f02e40887cd149695127462bbcf29b4a",
  "evaluation_time": 2.1127216815948486,
  "kg_co2_emissions": null,
  "mteb_version": "1.14.20",
  "scores": {
    "test": [
      {
        "cosine_pearson": 0.37151484930891177,
        "cosine_spearman": 0.3719241371943732,
        "euclidean_pearson": 0.347138661146492,
        "euclidean_spearman": 0.3458271570148076,
        "hf_subset": "default",
        "languages": [
          "eng-Latn"
        ],
        "main_score": 0.3719241371943732,
        "manhattan_pearson": 0.35297832190353995,
        "manhattan_spearman": 0.35040557459016997,
        "pearson": 0.37151484930891177,
        "spearman": 0.3719241371943732
      }
    ]
  },
  "task_name": "BIOSSES"
}