{
  "dataset_revision": "6031580fec1f6af667f0bd2da0a551cf4f0b2375",
  "evaluation_time": 8.024452447891235,
  "kg_co2_emissions": null,
  "mteb_version": "1.14.20",
  "scores": {
    "test": [
      {
        "cosine_pearson": 0.17852622707435448,
        "cosine_spearman": 0.17525047635028124,
        "euclidean_pearson": 0.19921768461318168,
        "euclidean_spearman": 0.19424893292519227,
        "hf_subset": "default",
        "languages": [
          "eng-Latn"
        ],
        "main_score": 0.17525047635028124,
        "manhattan_pearson": 0.1987779011471708,
        "manhattan_spearman": 0.19399063680241396,
        "pearson": 0.17852622707435448,
        "spearman": 0.17525047635028124
      }
    ]
  },
  "task_name": "STS14"
}