{
  "dataset_revision": "d3fb88f8f02e40887cd149695127462bbcf29b4a",
  "evaluation_time": 3.1392641067504883,
  "kg_co2_emissions": null,
  "mteb_version": "1.14.20",
  "scores": {
    "test": [
      {
        "cosine_pearson": 0.0387353429058516,
        "cosine_spearman": 0.06186887960391028,
        "euclidean_pearson": 0.05008765413304525,
        "euclidean_spearman": 0.08092955487818215,
        "hf_subset": "default",
        "languages": [
          "eng-Latn"
        ],
        "main_score": 0.06186887960391028,
        "manhattan_pearson": 0.04286090320002631,
        "manhattan_spearman": 0.0761523375923106,
        "pearson": 0.0387353429058516,
        "spearman": 0.06186887960391028
      }
    ]
  },
  "task_name": "BIOSSES"
}