{
  "dataset_revision": "59042f120c80e8afa9cdbb224f67076cec0fc9a7",
  "evaluation_time": 128.9987132549286,
  "kg_co2_emissions": null,
  "mteb_version": "1.14.20",
  "scores": {
    "test": [
      {
        "hf_subset": "default",
        "languages": [
          "eng-Latn"
        ],
        "main_score": 0.2466291061894507,
        "map": 0.2466291061894507,
        "mrr": 0.24708286511762792,
        "nAUC_map_diff1": 0.27571122004196824,
        "nAUC_map_max": -0.24778272946567134,
        "nAUC_map_std": -0.16330505724282934,
        "nAUC_mrr_diff1": 0.2488191203576947,
        "nAUC_mrr_max": -0.18196611449716324,
        "nAUC_mrr_std": -0.14386886080820377
      }
    ]
  },
  "task_name": "MindSmallReranking"
}