{
  "dataset_revision": "7e90230a92c190f1bf69ae9002b8cea547a64cca",
  "evaluation_time": 7.607738018035889,
  "kg_co2_emissions": null,
  "mteb_version": "1.14.20",
  "scores": {
    "test": [
      {
        "cosine_pearson": 0.17455667747380563,
        "cosine_spearman": 0.17614232014131614,
        "euclidean_pearson": 0.19350983123666546,
        "euclidean_spearman": 0.188987846877085,
        "hf_subset": "default",
        "languages": [
          "eng-Latn"
        ],
        "main_score": 0.17614232014131614,
        "manhattan_pearson": 0.19351000142316913,
        "manhattan_spearman": 0.18886585290365054,
        "pearson": 0.17455667747380563,
        "spearman": 0.17614232014131614
      }
    ]
  },
  "task_name": "STS13"
}