{
  "dataset_revision": "ae752c7c21bf194d8b67fd573edf7ae58183cbe3",
  "evaluation_time": 10.824645519256592,
  "kg_co2_emissions": null,
  "mteb_version": "1.14.20",
  "scores": {
    "test": [
      {
        "cosine_pearson": 0.30351778862554013,
        "cosine_spearman": 0.3135965661120798,
        "euclidean_pearson": 0.3042144498245443,
        "euclidean_spearman": 0.2888514908831749,
        "hf_subset": "default",
        "languages": [
          "eng-Latn"
        ],
        "main_score": 0.3135965661120798,
        "manhattan_pearson": 0.30352308632470554,
        "manhattan_spearman": 0.288091645046495,
        "pearson": 0.30351778862554013,
        "spearman": 0.3135965661120798
      }
    ]
  },
  "task_name": "STS15"
}