{
  "dataset_revision": "6031580fec1f6af667f0bd2da0a551cf4f0b2375",
  "evaluation_time": 12.28682827949524,
  "kg_co2_emissions": null,
  "mteb_version": "1.14.20",
  "scores": {
    "test": [
      {
        "cosine_pearson": 0.1262364733725876,
        "cosine_spearman": 0.14401007389790793,
        "euclidean_pearson": 0.15056216468620234,
        "euclidean_spearman": 0.15391329085384942,
        "hf_subset": "default",
        "languages": [
          "eng-Latn"
        ],
        "main_score": 0.14401007389790793,
        "manhattan_pearson": 0.15026657483249234,
        "manhattan_spearman": 0.1535107960056702,
        "pearson": 0.1262364733725876,
        "spearman": 0.14401007389790793
      }
    ]
  },
  "task_name": "STS14"
}