{
  "dataset_revision": "59042f120c80e8afa9cdbb224f67076cec0fc9a7",
  "evaluation_time": 146.6561143398285,
  "kg_co2_emissions": null,
  "mteb_version": "1.14.19",
  "scores": {
    "test": [
      {
        "hf_subset": "default",
        "languages": [
          "eng-Latn"
        ],
        "main_score": 0.2769371588094409,
        "map": 0.2769371588094409,
        "mrr": 0.2823506509373041,
        "nAUC_map_diff1": 0.24108963880311438,
        "nAUC_map_max": -0.2380612580603209,
        "nAUC_map_std": -0.04810621036209506,
        "nAUC_mrr_diff1": 0.21638957563818695,
        "nAUC_mrr_max": -0.17975534433764717,
        "nAUC_mrr_std": -0.039468329718391475
      }
    ]
  },
  "task_name": "MindSmallReranking"
}