{
  "dataset_revision": "d3c5e1fc0b855ab6097bf1cda04dd73947d7caab",
  "evaluation_time": 62.28004717826843,
  "kg_co2_emissions": null,
  "mteb_version": "1.14.19",
  "scores": {
    "test": [
      {
        "hf_subset": "default",
        "languages": [
          "eng-Latn"
        ],
        "main_score": 0.6812797991674775,
        "map": 0.6812797991674775,
        "mrr": 0.8827750045887301,
        "nAUC_map_diff1": 0.12537462244370817,
        "nAUC_map_max": 0.4855045504811027,
        "nAUC_map_std": 0.5019446977759884,
        "nAUC_mrr_diff1": 0.41112863673261757,
        "nAUC_mrr_max": 0.6139007250255764,
        "nAUC_mrr_std": 0.44146181707397836
      }
    ]
  },
  "task_name": "SciDocsRR"
}