{
  "dataset_revision": "d66bd1f72af766a5cc4b0ca5e00c162f89e8cc46",
  "evaluation_time": 27.08855962753296,
  "kg_co2_emissions": null,
  "mteb_version": "1.14.19",
  "scores": {
    "test": [
      {
        "cosine_accuracy": 0.9926831683168317,
        "cosine_accuracy_threshold": 0.9151967167854309,
        "cosine_ap": 0.5328331921555094,
        "cosine_f1": 0.5341685649202733,
        "cosine_f1_threshold": 0.9058482646942139,
        "cosine_precision": 0.6203703703703703,
        "cosine_recall": 0.469,
        "dot_accuracy": 0.9901089108910891,
        "dot_accuracy_threshold": 2574.525390625,
        "dot_ap": 0.057452955905363166,
        "dot_f1": 0.12881679389312978,
        "dot_f1_threshold": 1901.270263671875,
        "dot_precision": 0.12317518248175183,
        "dot_recall": 0.135,
        "euclidean_accuracy": 0.991990099009901,
        "euclidean_accuracy_threshold": 17.138813018798828,
        "euclidean_ap": 0.4425456455078873,
        "euclidean_f1": 0.4610951008645533,
        "euclidean_f1_threshold": 18.313718795776367,
        "euclidean_precision": 0.54421768707483,
        "euclidean_recall": 0.4,
        "hf_subset": "default",
        "languages": [
          "eng-Latn"
        ],
        "main_score": 0.5328331921555094,
        "manhattan_accuracy": 0.9924653465346535,
        "manhattan_accuracy_threshold": 545.5867919921875,
        "manhattan_ap": 0.51055579451575,
        "manhattan_f1": 0.5157593123209169,
        "manhattan_f1_threshold": 586.5999145507812,
        "manhattan_precision": 0.6040268456375839,
        "manhattan_recall": 0.45,
        "max_accuracy": 0.9926831683168317,
        "max_ap": 0.5328331921555094,
        "max_f1": 0.5341685649202733,
        "max_precision": 0.6203703703703703,
        "max_recall": 0.469,
        "similarity_accuracy": 0.9926831683168317,
        "similarity_accuracy_threshold": 0.9151967167854309,
        "similarity_ap": 0.5328331921555094,
        "similarity_f1": 0.5341685649202733,
        "similarity_f1_threshold": 0.9058482646942139,
        "similarity_precision": 0.6203703703703703,
        "similarity_recall": 0.469
      }
    ],
    "validation": [
      {
        "cosine_accuracy": 0.9918316831683168,
        "cosine_accuracy_threshold": 0.9106595516204834,
        "cosine_ap": 0.4333627491268751,
        "cosine_f1": 0.47245017584994137,
        "cosine_f1_threshold": 0.9020102024078369,
        "cosine_precision": 0.5708215297450425,
        "cosine_recall": 0.403,
        "dot_accuracy": 0.9901287128712871,
        "dot_accuracy_threshold": 2528.676025390625,
        "dot_ap": 0.04449510628881105,
        "dot_f1": 0.09303520945772294,
        "dot_f1_threshold": 1833.8525390625,
        "dot_precision": 0.06260809408509166,
        "dot_recall": 0.181,
        "euclidean_accuracy": 0.9913069306930693,
        "euclidean_accuracy_threshold": 17.362396240234375,
        "euclidean_ap": 0.33228885858869806,
        "euclidean_f1": 0.3937761819269898,
        "euclidean_f1_threshold": 18.661962509155273,
        "euclidean_precision": 0.4903129657228018,
        "euclidean_recall": 0.329,
        "hf_subset": "default",
        "languages": [
          "eng-Latn"
        ],
        "main_score": 0.4333627491268751,
        "manhattan_accuracy": 0.9919405940594059,
        "manhattan_accuracy_threshold": 548.70263671875,
        "manhattan_ap": 0.4203266133128279,
        "manhattan_f1": 0.4607679465776293,
        "manhattan_f1_threshold": 605.3216552734375,
        "manhattan_precision": 0.5194479297365119,
        "manhattan_recall": 0.414,
        "max_accuracy": 0.9919405940594059,
        "max_ap": 0.4333627491268751,
        "max_f1": 0.47245017584994137,
        "max_precision": 0.5708215297450425,
        "max_recall": 0.414,
        "similarity_accuracy": 0.9918316831683168,
        "similarity_accuracy_threshold": 0.9106595516204834,
        "similarity_ap": 0.4333627491268751,
        "similarity_f1": 0.47245017584994137,
        "similarity_f1_threshold": 0.9020102024078369,
        "similarity_precision": 0.5708215297450425,
        "similarity_recall": 0.403
      }
    ]
  },
  "task_name": "SprintDuplicateQuestions"
}