{
  "dataset_revision": "e185fbe320c72810689fc5848eb6114e1ef5ec69",
  "evaluation_time": 39.64323425292969,
  "kg_co2_emissions": null,
  "mteb_version": "1.14.19",
  "scores": {
    "test": [
      {
        "hf_subset": "default",
        "languages": [
          "eng-Latn"
        ],
        "main_score": 0.38310607798074625,
        "map": 0.38310607798074625,
        "mrr": 0.3843535141329259,
        "nAUC_map_diff1": 0.30891761177436344,
        "nAUC_map_max": 0.21473159672726053,
        "nAUC_map_std": 0.09592023962910234,
        "nAUC_mrr_diff1": 0.30209298460932393,
        "nAUC_mrr_max": 0.22397126530002862,
        "nAUC_mrr_std": 0.10512282114683719
      }
    ]
  },
  "task_name": "StackOverflowDupQuestions"
}