{
  "dataset_revision": "7e90230a92c190f1bf69ae9002b8cea547a64cca",
  "evaluation_time": 5.318188667297363,
  "kg_co2_emissions": null,
  "mteb_version": "1.14.19",
  "scores": {
    "test": [
      {
        "cosine_pearson": 0.5450256887693872,
        "cosine_spearman": 0.5549025122163513,
        "euclidean_pearson": 0.5514741514091397,
        "euclidean_spearman": 0.5523720490982371,
        "hf_subset": "default",
        "languages": [
          "eng-Latn"
        ],
        "main_score": 0.5549025122163513,
        "manhattan_pearson": 0.5532186810302785,
        "manhattan_spearman": 0.5536019911251056,
        "pearson": 0.5450256887693872,
        "spearman": 0.5549025122163513
      }
    ]
  },
  "task_name": "STS13"
}