{
  "dataset_revision": "a0d554a64d88156834ff5ae9920b964011b16384",
  "evaluation_time": 7.738226890563965,
  "kg_co2_emissions": null,
  "mteb_version": "1.14.19",
  "scores": {
    "test": [
      {
        "cosine_pearson": 0.4419906312913365,
        "cosine_spearman": 0.42981641377459157,
        "euclidean_pearson": 0.4224292602347692,
        "euclidean_spearman": 0.40822958287187144,
        "hf_subset": "default",
        "languages": [
          "eng-Latn"
        ],
        "main_score": 0.42981641377459157,
        "manhattan_pearson": 0.43319275611456026,
        "manhattan_spearman": 0.40428073602713177,
        "pearson": 0.4419906312913365,
        "spearman": 0.42981641377459157
      }
    ]
  },
  "task_name": "STS12"
}