{
  "dataset_revision": "6031580fec1f6af667f0bd2da0a551cf4f0b2375",
  "evaluation_time": 12.264776229858398,
  "kg_co2_emissions": null,
  "mteb_version": "1.14.19",
  "scores": {
    "test": [
      {
        "cosine_pearson": 0.5203183375426558,
        "cosine_spearman": 0.48401057563481276,
        "euclidean_pearson": 0.5017651641123274,
        "euclidean_spearman": 0.4779650085584776,
        "hf_subset": "default",
        "languages": [
          "eng-Latn"
        ],
        "main_score": 0.48401057563481276,
        "manhattan_pearson": 0.5157510368758098,
        "manhattan_spearman": 0.4913949582183674,
        "pearson": 0.5203183375426558,
        "spearman": 0.48401057563481276
      }
    ]
  },
  "task_name": "STS14"
}