{
  "dataset_revision": "59042f120c80e8afa9cdbb224f67076cec0fc9a7",
  "evaluation_time": 122.28824019432068,
  "kg_co2_emissions": null,
  "mteb_version": "1.14.20",
  "scores": {
    "test": [
      {
        "hf_subset": "default",
        "languages": [
          "eng-Latn"
        ],
        "main_score": 0.24711705589411131,
        "map": 0.24711705589411131,
        "mrr": 0.25099395984958023,
        "nAUC_map_diff1": 0.17638405869368334,
        "nAUC_map_max": -0.20523844587821263,
        "nAUC_map_std": -0.11189340647599756,
        "nAUC_mrr_diff1": 0.15832362643574313,
        "nAUC_mrr_max": -0.13312625306805573,
        "nAUC_mrr_std": -0.07687596590280643
      }
    ]
  },
  "task_name": "MindSmallReranking"
}