{
  "dataset_revision": "6031580fec1f6af667f0bd2da0a551cf4f0b2375",
  "evaluation_time": 11.458730936050415,
  "kg_co2_emissions": null,
  "mteb_version": "1.14.20",
  "scores": {
    "test": [
      {
        "cosine_pearson": 0.1478572692082255,
        "cosine_spearman": 0.18228303610058497,
        "euclidean_pearson": 0.1616301211242205,
        "euclidean_spearman": 0.17698161767880247,
        "hf_subset": "default",
        "languages": [
          "eng-Latn"
        ],
        "main_score": 0.18228303610058497,
        "manhattan_pearson": 0.16117314346587386,
        "manhattan_spearman": 0.1764618628193054,
        "pearson": 0.1478572692082255,
        "spearman": 0.18228303610058497
      }
    ]
  },
  "task_name": "STS14"
}