{
  "dataset_revision": "a0d554a64d88156834ff5ae9920b964011b16384",
  "evaluation_time": 9.019980907440186,
  "kg_co2_emissions": null,
  "mteb_version": "1.14.20",
  "scores": {
    "test": [
      {
        "cosine_pearson": 0.07024428268925086,
        "cosine_spearman": 0.1672174811418419,
        "euclidean_pearson": 0.13910677279937456,
        "euclidean_spearman": 0.17714148948425057,
        "hf_subset": "default",
        "languages": [
          "eng-Latn"
        ],
        "main_score": 0.1672174811418419,
        "manhattan_pearson": 0.13937041807179176,
        "manhattan_spearman": 0.17732928440208806,
        "pearson": 0.07024428268925086,
        "spearman": 0.1672174811418419
      }
    ]
  },
  "task_name": "STS12"
}