{
  "dataset_revision": "b0fddb56ed78048fa8b90373c8a3cfc37b684831",
  "evaluation_time": 4.3930723667144775,
  "kg_co2_emissions": null,
  "mteb_version": "1.14.20",
  "scores": {
    "test": [
      {
        "cosine_pearson": 0.1281997039238728,
        "cosine_spearman": 0.15788322229104543,
        "euclidean_pearson": 0.1473089287979118,
        "euclidean_spearman": 0.15466085910679617,
        "hf_subset": "default",
        "languages": [
          "eng-Latn"
        ],
        "main_score": 0.15788322229104543,
        "manhattan_pearson": 0.1480582476801531,
        "manhattan_spearman": 0.1554197089992205,
        "pearson": 0.1281997039238728,
        "spearman": 0.15788322229104543
      }
    ]
  },
  "task_name": "STSBenchmark"
}