{
  "dataset_revision": "2000358ca161889fa9c082cb41daa8dcfb161a54",
  "evaluation_time": 8.814682483673096,
  "kg_co2_emissions": null,
  "mteb_version": "1.14.19",
  "scores": {
    "test": [
      {
        "hf_subset": "default",
        "languages": [
          "eng-Latn"
        ],
        "main_score": 0.4937106957352256,
        "map": 0.4937106957352256,
        "mrr": 0.6277865716923888,
        "nAUC_map_diff1": 0.1250314892703789,
        "nAUC_map_max": 0.1901113875352944,
        "nAUC_map_std": 0.03712223417014046,
        "nAUC_mrr_diff1": 0.2383308620556496,
        "nAUC_mrr_max": 0.2467193046548988,
        "nAUC_mrr_std": 0.04166351515759391
      }
    ]
  },
  "task_name": "AskUbuntuDupQuestions"
}