{
  "dataset_revision": "d66bd1f72af766a5cc4b0ca5e00c162f89e8cc46",
  "evaluation_time": 26.263721466064453,
  "kg_co2_emissions": null,
  "mteb_version": "1.14.19",
  "scores": {
    "test": [
      {
        "cosine_accuracy": 0.9933069306930693,
        "cosine_accuracy_threshold": 0.9147058725357056,
        "cosine_ap": 0.5906212600240994,
        "cosine_f1": 0.5886442641946698,
        "cosine_f1_threshold": 0.9081904888153076,
        "cosine_precision": 0.699724517906336,
        "cosine_recall": 0.508,
        "dot_accuracy": 0.9901089108910891,
        "dot_accuracy_threshold": 2218.95458984375,
        "dot_ap": 0.07777296945157017,
        "dot_f1": 0.16249361267245785,
        "dot_f1_threshold": 1727.028564453125,
        "dot_precision": 0.16614420062695925,
        "dot_recall": 0.159,
        "euclidean_accuracy": 0.9925841584158416,
        "euclidean_accuracy_threshold": 16.57779884338379,
        "euclidean_ap": 0.5159828055056408,
        "euclidean_f1": 0.5266862170087977,
        "euclidean_f1_threshold": 17.427719116210938,
        "euclidean_precision": 0.6368794326241135,
        "euclidean_recall": 0.449,
        "hf_subset": "default",
        "languages": [
          "eng-Latn"
        ],
        "main_score": 0.5906212600240994,
        "manhattan_accuracy": 0.9929405940594059,
        "manhattan_accuracy_threshold": 527.1622924804688,
        "manhattan_ap": 0.5655990345523637,
        "manhattan_f1": 0.5641310383120488,
        "manhattan_f1_threshold": 554.0911865234375,
        "manhattan_precision": 0.634207240948814,
        "manhattan_recall": 0.508,
        "max_accuracy": 0.9933069306930693,
        "max_ap": 0.5906212600240994,
        "max_f1": 0.5886442641946698,
        "max_precision": 0.699724517906336,
        "max_recall": 0.508,
        "similarity_accuracy": 0.9933069306930693,
        "similarity_accuracy_threshold": 0.9147058725357056,
        "similarity_ap": 0.5906212600240994,
        "similarity_f1": 0.5886442641946698,
        "similarity_f1_threshold": 0.9081904888153076,
        "similarity_precision": 0.699724517906336,
        "similarity_recall": 0.508
      }
    ],
    "validation": [
      {
        "cosine_accuracy": 0.9926039603960396,
        "cosine_accuracy_threshold": 0.9121744632720947,
        "cosine_ap": 0.49947557792483144,
        "cosine_f1": 0.5111111111111111,
        "cosine_f1_threshold": 0.9061098098754883,
        "cosine_precision": 0.667741935483871,
        "cosine_recall": 0.414,
        "dot_accuracy": 0.9901386138613861,
        "dot_accuracy_threshold": 2214.1376953125,
        "dot_ap": 0.05694628502872786,
        "dot_f1": 0.11685655857434998,
        "dot_f1_threshold": 1669.4384765625,
        "dot_precision": 0.08254230293025175,
        "dot_recall": 0.2,
        "euclidean_accuracy": 0.9918712871287129,
        "euclidean_accuracy_threshold": 16.299076080322266,
        "euclidean_ap": 0.41128501220990044,
        "euclidean_f1": 0.45081506464305793,
        "euclidean_f1_threshold": 18.085405349731445,
        "euclidean_precision": 0.5147625160462131,
        "euclidean_recall": 0.401,
        "hf_subset": "default",
        "languages": [
          "eng-Latn"
        ],
        "main_score": 0.49947557792483144,
        "manhattan_accuracy": 0.9923168316831683,
        "manhattan_accuracy_threshold": 530.031494140625,
        "manhattan_ap": 0.4819297450756601,
        "manhattan_f1": 0.5040042712226375,
        "manhattan_f1_threshold": 573.3658447265625,
        "manhattan_precision": 0.5406643757159221,
        "manhattan_recall": 0.472,
        "max_accuracy": 0.9926039603960396,
        "max_ap": 0.49947557792483144,
        "max_f1": 0.5111111111111111,
        "max_precision": 0.667741935483871,
        "max_recall": 0.472,
        "similarity_accuracy": 0.9926039603960396,
        "similarity_accuracy_threshold": 0.9121744632720947,
        "similarity_ap": 0.49947557792483144,
        "similarity_f1": 0.5111111111111111,
        "similarity_f1_threshold": 0.9061098098754883,
        "similarity_precision": 0.667741935483871,
        "similarity_recall": 0.414
      }
    ]
  },
  "task_name": "SprintDuplicateQuestions"
}