{
  "dataset_revision": "a0d554a64d88156834ff5ae9920b964011b16384",
  "evaluation_time": 7.998212099075317,
  "kg_co2_emissions": null,
  "mteb_version": "1.14.19",
  "scores": {
    "test": [
      {
        "cosine_pearson": 0.4835954738979082,
        "cosine_spearman": 0.45019630973855235,
        "euclidean_pearson": 0.45897862132447104,
        "euclidean_spearman": 0.4318850980425192,
        "hf_subset": "default",
        "languages": [
          "eng-Latn"
        ],
        "main_score": 0.45019630973855235,
        "manhattan_pearson": 0.4694728163411534,
        "manhattan_spearman": 0.43069187135092024,
        "pearson": 0.4835954738979082,
        "spearman": 0.45019630973855235
      }
    ]
  },
  "task_name": "STS12"
}