{
  "dataset_revision": "7e90230a92c190f1bf69ae9002b8cea547a64cca",
  "evaluation_time": 5.354154348373413,
  "kg_co2_emissions": null,
  "mteb_version": "1.14.19",
  "scores": {
    "test": [
      {
        "cosine_pearson": 0.5721547783613344,
        "cosine_spearman": 0.5834135109836966,
        "euclidean_pearson": 0.5748834458754093,
        "euclidean_spearman": 0.5750603222103668,
        "hf_subset": "default",
        "languages": [
          "eng-Latn"
        ],
        "main_score": 0.5834135109836966,
        "manhattan_pearson": 0.5663054665340936,
        "manhattan_spearman": 0.5664179622801031,
        "pearson": 0.5721547783613344,
        "spearman": 0.5834135109836966
      }
    ]
  },
  "task_name": "STS13"
}