{
  "dataset_revision": "2000358ca161889fa9c082cb41daa8dcfb161a54",
  "evaluation_time": 4.347294330596924,
  "kg_co2_emissions": null,
  "mteb_version": "1.14.20",
  "scores": {
    "test": [
      {
        "hf_subset": "default",
        "languages": [
          "eng-Latn"
        ],
        "main_score": 0.4526334627602135,
        "map": 0.4526334627602135,
        "mrr": 0.5725893681572352,
        "nAUC_map_diff1": 0.14730722372810734,
        "nAUC_map_max": 0.1627456599401385,
        "nAUC_map_std": 0.06791237576168968,
        "nAUC_mrr_diff1": 0.16095362564161128,
        "nAUC_mrr_max": 0.2179227640255479,
        "nAUC_mrr_std": 0.085793720537396
      }
    ]
  },
  "task_name": "AskUbuntuDupQuestions"
}