{
  "dataset_revision": "d3fb88f8f02e40887cd149695127462bbcf29b4a",
  "evaluation_time": 1.7413825988769531,
  "kg_co2_emissions": null,
  "mteb_version": "1.14.20",
  "scores": {
    "test": [
      {
        "cosine_pearson": 0.3081922006891397,
        "cosine_spearman": 0.3182843607588116,
        "euclidean_pearson": 0.2971270810377518,
        "euclidean_spearman": 0.306567226306075,
        "hf_subset": "default",
        "languages": [
          "eng-Latn"
        ],
        "main_score": 0.3182843607588116,
        "manhattan_pearson": 0.2969344572432432,
        "manhattan_spearman": 0.3131878590893951,
        "pearson": 0.3081922006891397,
        "spearman": 0.3182843607588116
      }
    ]
  },
  "task_name": "BIOSSES"
}