{
  "dataset_revision": "4d8694f8f0e0100860b497b999b3dbed754a0513",
  "evaluation_time": 3.0518596172332764,
  "kg_co2_emissions": null,
  "mteb_version": "1.14.20",
  "scores": {
    "test": [
      {
        "cosine_pearson": 0.37757234127046285,
        "cosine_spearman": 0.391783611224272,
        "euclidean_pearson": 0.3771272048127167,
        "euclidean_spearman": 0.3655520403808846,
        "hf_subset": "default",
        "languages": [
          "eng-Latn"
        ],
        "main_score": 0.391783611224272,
        "manhattan_pearson": 0.37561819741768976,
        "manhattan_spearman": 0.36405805869872404,
        "pearson": 0.37757234127046285,
        "spearman": 0.391783611224272
      }
    ]
  },
  "task_name": "STS16"
}