{
  "dataset_revision": "6031580fec1f6af667f0bd2da0a551cf4f0b2375",
  "evaluation_time": 6.166062116622925,
  "kg_co2_emissions": null,
  "mteb_version": "1.14.20",
  "scores": {
    "test": [
      {
        "cosine_pearson": 0.2895555250963452,
        "cosine_spearman": 0.2817265198235136,
        "euclidean_pearson": 0.32557234330006696,
        "euclidean_spearman": 0.3091048939516314,
        "hf_subset": "default",
        "languages": [
          "eng-Latn"
        ],
        "main_score": 0.2817265198235136,
        "manhattan_pearson": 0.3248438154749745,
        "manhattan_spearman": 0.30832251361375734,
        "pearson": 0.2895555250963452,
        "spearman": 0.2817265198235136
      }
    ]
  },
  "task_name": "STS14"
}