{
  "dataset_revision": "2000358ca161889fa9c082cb41daa8dcfb161a54",
  "evaluation_time": 49.58067440986633,
  "kg_co2_emissions": null,
  "mteb_version": "1.14.19",
  "scores": {
    "test": [
      {
        "hf_subset": "default",
        "languages": [
          "eng-Latn"
        ],
        "main_score": 0.49470979898003636,
        "map": 0.49470979898003636,
        "mrr": 0.6425328672558589,
        "nAUC_map_diff1": 0.14619714025204866,
        "nAUC_map_max": 0.16350946758566406,
        "nAUC_map_std": 0.07805822248889133,
        "nAUC_mrr_diff1": 0.1541659251093642,
        "nAUC_mrr_max": 0.1541809993151308,
        "nAUC_mrr_std": 0.05280773848855967
      }
    ]
  },
  "task_name": "AskUbuntuDupQuestions"
}