{
  "dataset_revision": "d3c5e1fc0b855ab6097bf1cda04dd73947d7caab",
  "evaluation_time": 75.10400867462158,
  "kg_co2_emissions": null,
  "mteb_version": "1.14.19",
  "scores": {
    "test": [
      {
        "hf_subset": "default",
        "languages": [
          "eng-Latn"
        ],
        "main_score": 0.6943413673919573,
        "map": 0.6943413673919573,
        "mrr": 0.885714185959284,
        "nAUC_map_diff1": 0.09107927326535331,
        "nAUC_map_max": 0.47261490875311446,
        "nAUC_map_std": 0.4572215661978185,
        "nAUC_mrr_diff1": 0.3685184431253806,
        "nAUC_mrr_max": 0.6066633262688327,
        "nAUC_mrr_std": 0.4131279089054894
      }
    ]
  },
  "task_name": "SciDocsRR"
}