{
  "dataset_revision": "20a6d6f312dd54037fe07a32d58e5e168867909d",
  "evaluation_time": 16.223782539367676,
  "kg_co2_emissions": null,
  "mteb_version": "1.14.19",
  "scores": {
    "test": [
      {
        "cosine_pearson": 0.6069221775930941,
        "cosine_spearman": 0.5598889433795149,
        "euclidean_pearson": 0.5707995410948444,
        "euclidean_spearman": 0.5527567428754605,
        "hf_subset": "default",
        "languages": [
          "eng-Latn"
        ],
        "main_score": 0.5598889433795149,
        "manhattan_pearson": 0.5675053949636948,
        "manhattan_spearman": 0.55178388635642,
        "pearson": 0.6069221775930941,
        "spearman": 0.5598889433795149
      }
    ]
  },
  "task_name": "SICK-R"
}