{
  "dataset_revision": "e185fbe320c72810689fc5848eb6114e1ef5ec69",
  "evaluation_time": 48.391358852386475,
  "kg_co2_emissions": null,
  "mteb_version": "1.14.19",
  "scores": {
    "test": [
      {
        "hf_subset": "default",
        "languages": [
          "eng-Latn"
        ],
        "main_score": 0.38911804740072053,
        "map": 0.38911804740072053,
        "mrr": 0.39096386660724897,
        "nAUC_map_diff1": 0.3021609880765075,
        "nAUC_map_max": 0.21962907439602514,
        "nAUC_map_std": 0.08528988370586783,
        "nAUC_mrr_diff1": 0.30042335635246775,
        "nAUC_mrr_max": 0.22811572110992814,
        "nAUC_mrr_std": 0.09286795834878775
      }
    ]
  },
  "task_name": "StackOverflowDupQuestions"
}