{
  "dataset_revision": "d3fb88f8f02e40887cd149695127462bbcf29b4a",
  "evaluation_time": 1.7998337745666504,
  "kg_co2_emissions": null,
  "mteb_version": "1.14.20",
  "scores": {
    "test": [
      {
        "cosine_pearson": 0.06922250659220454,
        "cosine_spearman": 0.08165848715004904,
        "euclidean_pearson": 0.06865659453701162,
        "euclidean_spearman": 0.092002096330177,
        "hf_subset": "default",
        "languages": [
          "eng-Latn"
        ],
        "main_score": 0.08165848715004904,
        "manhattan_pearson": 0.06497401869246333,
        "manhattan_spearman": 0.08952613629929024,
        "pearson": 0.06922250659220454,
        "spearman": 0.08165848715004904
      }
    ]
  },
  "task_name": "BIOSSES"
}