{
  "dataset_revision": "20a6d6f312dd54037fe07a32d58e5e168867909d",
  "evaluation_time": 14.005130529403687,
  "kg_co2_emissions": null,
  "mteb_version": "1.14.20",
  "scores": {
    "test": [
      {
        "cosine_pearson": 0.30026549057741025,
        "cosine_spearman": 0.30871979182069303,
        "euclidean_pearson": 0.31107482996381874,
        "euclidean_spearman": 0.3023121260916773,
        "hf_subset": "default",
        "languages": [
          "eng-Latn"
        ],
        "main_score": 0.30871979182069303,
        "manhattan_pearson": 0.3095426104087796,
        "manhattan_spearman": 0.3009955798408138,
        "pearson": 0.30026549057741025,
        "spearman": 0.30871979182069303
      }
    ]
  },
  "task_name": "SICK-R"
}