{
  "dataset_revision": "e185fbe320c72810689fc5848eb6114e1ef5ec69",
  "evaluation_time": 47.71866750717163,
  "kg_co2_emissions": null,
  "mteb_version": "1.14.20",
  "scores": {
    "test": [
      {
        "hf_subset": "default",
        "languages": [
          "eng-Latn"
        ],
        "main_score": 0.25307059619992384,
        "map": 0.25307059619992384,
        "mrr": 0.238822309226721,
        "nAUC_map_diff1": 0.17877570621059452,
        "nAUC_map_max": 0.2163154160623991,
        "nAUC_map_std": 0.06849959685874728,
        "nAUC_mrr_diff1": 0.17419971620738967,
        "nAUC_mrr_max": 0.2149396737344181,
        "nAUC_mrr_std": 0.07268291125114094
      }
    ]
  },
  "task_name": "StackOverflowDupQuestions"
}