{
  "dataset_revision": "d3fb88f8f02e40887cd149695127462bbcf29b4a",
  "evaluation_time": 2.4065639972686768,
  "kg_co2_emissions": null,
  "mteb_version": "1.14.20",
  "scores": {
    "test": [
      {
        "cosine_pearson": 0.06022727485741608,
        "cosine_spearman": 0.06279661158628634,
        "euclidean_pearson": 0.056755694323288065,
        "euclidean_spearman": 0.0765559612469807,
        "hf_subset": "default",
        "languages": [
          "eng-Latn"
        ],
        "main_score": 0.06279661158628634,
        "manhattan_pearson": 0.05001048247933578,
        "manhattan_spearman": 0.07265225784061909,
        "pearson": 0.06022727485741608,
        "spearman": 0.06279661158628634
      }
    ]
  },
  "task_name": "BIOSSES"
}