{
  "dataset_revision": "e185fbe320c72810689fc5848eb6114e1ef5ec69",
  "evaluation_time": 62.50550603866577,
  "kg_co2_emissions": null,
  "mteb_version": "1.14.20",
  "scores": {
    "test": [
      {
        "hf_subset": "default",
        "languages": [
          "eng-Latn"
        ],
        "main_score": 0.24951218389728214,
        "map": 0.24951218389728214,
        "mrr": 0.23456518971224852,
        "nAUC_map_diff1": 0.1852381260253565,
        "nAUC_map_max": 0.21050977714301103,
        "nAUC_map_std": 0.08207543045844691,
        "nAUC_mrr_diff1": 0.1805024542982203,
        "nAUC_mrr_max": 0.21064945695498688,
        "nAUC_mrr_std": 0.0885954634174297
      }
    ]
  },
  "task_name": "StackOverflowDupQuestions"
}