{
  "dataset_revision": "a0d554a64d88156834ff5ae9920b964011b16384",
  "evaluation_time": 9.79294228553772,
  "kg_co2_emissions": null,
  "mteb_version": "1.14.20",
  "scores": {
    "test": [
      {
        "cosine_pearson": 0.017047107919485938,
        "cosine_spearman": 0.11304664644539024,
        "euclidean_pearson": 0.1017027811860719,
        "euclidean_spearman": 0.15111567300653822,
        "hf_subset": "default",
        "languages": [
          "eng-Latn"
        ],
        "main_score": 0.11304664644539024,
        "manhattan_pearson": 0.10238335228430527,
        "manhattan_spearman": 0.15160103841314673,
        "pearson": 0.017047107919485938,
        "spearman": 0.11304664644539024
      }
    ]
  },
  "task_name": "STS12"
}