{
  "dataset_revision": "ae752c7c21bf194d8b67fd573edf7ae58183cbe3",
  "evaluation_time": 12.348094463348389,
  "kg_co2_emissions": null,
  "mteb_version": "1.14.20",
  "scores": {
    "test": [
      {
        "cosine_pearson": 0.31064122018525836,
        "cosine_spearman": 0.3204678959577936,
        "euclidean_pearson": 0.3092377236863472,
        "euclidean_spearman": 0.292636090057681,
        "hf_subset": "default",
        "languages": [
          "eng-Latn"
        ],
        "main_score": 0.3204678959577936,
        "manhattan_pearson": 0.3092590055108162,
        "manhattan_spearman": 0.2927729425307186,
        "pearson": 0.31064122018525836,
        "spearman": 0.3204678959577936
      }
    ]
  },
  "task_name": "STS15"
}