{
  "dataset_revision": "2000358ca161889fa9c082cb41daa8dcfb161a54",
  "evaluation_time": 5.24631142616272,
  "kg_co2_emissions": null,
  "mteb_version": "1.14.20",
  "scores": {
    "test": [
      {
        "hf_subset": "default",
        "languages": [
          "eng-Latn"
        ],
        "main_score": 0.4517787648655223,
        "map": 0.4517787648655223,
        "mrr": 0.5683518005540167,
        "nAUC_map_diff1": 0.17548987921362688,
        "nAUC_map_max": 0.193680993968419,
        "nAUC_map_std": 0.09486681193677825,
        "nAUC_mrr_diff1": 0.16897481727612207,
        "nAUC_mrr_max": 0.21767742180123045,
        "nAUC_mrr_std": 0.11797500502198924
      }
    ]
  },
  "task_name": "AskUbuntuDupQuestions"
}