{
  "dataset_revision": "d3fb88f8f02e40887cd149695127462bbcf29b4a",
  "evaluation_time": 2.4658288955688477,
  "kg_co2_emissions": null,
  "mteb_version": "1.14.20",
  "scores": {
    "test": [
      {
        "cosine_pearson": 0.1471338842918969,
        "cosine_spearman": 0.1922754654642653,
        "euclidean_pearson": 0.10324817134735115,
        "euclidean_spearman": 0.13632238330641536,
        "hf_subset": "default",
        "languages": [
          "eng-Latn"
        ],
        "main_score": 0.1922754654642653,
        "manhattan_pearson": 0.10299397516273642,
        "manhattan_spearman": 0.14540090341966683,
        "pearson": 0.1471338842918969,
        "spearman": 0.1922754654642653
      }
    ]
  },
  "task_name": "BIOSSES"
}