{
  "dataset_revision": "e185fbe320c72810689fc5848eb6114e1ef5ec69",
  "evaluation_time": 25.336577653884888,
  "kg_co2_emissions": null,
  "mteb_version": "1.14.20",
  "scores": {
    "test": [
      {
        "hf_subset": "default",
        "languages": [
          "eng-Latn"
        ],
        "main_score": 0.27698649574253903,
        "map": 0.27698649574253903,
        "mrr": 0.26645485845853495,
        "nAUC_map_diff1": 0.21057791971539752,
        "nAUC_map_max": 0.21584561372190975,
        "nAUC_map_std": 0.05141294703943187,
        "nAUC_mrr_diff1": 0.19969972082311208,
        "nAUC_mrr_max": 0.21494593576536059,
        "nAUC_mrr_std": 0.05363126047907821
      }
    ]
  },
  "task_name": "StackOverflowDupQuestions"
}