{
  "dataset_revision": "4d8694f8f0e0100860b497b999b3dbed754a0513",
  "evaluation_time": 5.33293890953064,
  "kg_co2_emissions": null,
  "mteb_version": "1.14.20",
  "scores": {
    "test": [
      {
        "cosine_pearson": 0.3540234834420941,
        "cosine_spearman": 0.36933028739156,
        "euclidean_pearson": 0.3379046290315518,
        "euclidean_spearman": 0.3302272177149589,
        "hf_subset": "default",
        "languages": [
          "eng-Latn"
        ],
        "main_score": 0.36933028739156,
        "manhattan_pearson": 0.3385275420010718,
        "manhattan_spearman": 0.33073384922187227,
        "pearson": 0.3540234834420941,
        "spearman": 0.36933028739156
      }
    ]
  },
  "task_name": "STS16"
}