{
  "dataset_revision": "2000358ca161889fa9c082cb41daa8dcfb161a54",
  "evaluation_time": 15.538999795913696,
  "kg_co2_emissions": null,
  "mteb_version": "1.14.19",
  "scores": {
    "test": [
      {
        "hf_subset": "default",
        "languages": [
          "eng-Latn"
        ],
        "main_score": 0.4762382327202858,
        "map": 0.4762382327202858,
        "mrr": 0.5924053554939981,
        "nAUC_map_diff1": 0.08590885079295742,
        "nAUC_map_max": 0.18940886659178857,
        "nAUC_map_std": 0.009875814186058025,
        "nAUC_mrr_diff1": 0.17049921069613685,
        "nAUC_mrr_max": 0.2589242198889414,
        "nAUC_mrr_std": -0.0016450822058542295
      }
    ]
  },
  "task_name": "AskUbuntuDupQuestions"
}