{
  "dataset_revision": "d3fb88f8f02e40887cd149695127462bbcf29b4a",
  "evaluation_time": 1.8716228008270264,
  "kg_co2_emissions": null,
  "mteb_version": "1.14.20",
  "scores": {
    "test": [
      {
        "cosine_pearson": -0.06558903443617989,
        "cosine_spearman": -0.02509093315971629,
        "euclidean_pearson": -0.04434957078323788,
        "euclidean_spearman": -0.013578622651140581,
        "hf_subset": "default",
        "languages": [
          "eng-Latn"
        ],
        "main_score": -0.02509093315971629,
        "manhattan_pearson": -0.04786415843384188,
        "manhattan_spearman": -0.011120735321209189,
        "pearson": -0.06558903443617989,
        "spearman": -0.02509093315971629
      }
    ]
  },
  "task_name": "BIOSSES"
}