{
  "dataset_revision": "20a6d6f312dd54037fe07a32d58e5e168867909d",
  "evaluation_time": 15.596875190734863,
  "kg_co2_emissions": null,
  "mteb_version": "1.14.20",
  "scores": {
    "test": [
      {
        "cosine_pearson": 0.27231971414712414,
        "cosine_spearman": 0.2896537105767322,
        "euclidean_pearson": 0.2899435717090571,
        "euclidean_spearman": 0.2837798555094917,
        "hf_subset": "default",
        "languages": [
          "eng-Latn"
        ],
        "main_score": 0.2896537105767322,
        "manhattan_pearson": 0.2896104598371286,
        "manhattan_spearman": 0.2834119660549035,
        "pearson": 0.27231971414712414,
        "spearman": 0.2896537105767322
      }
    ]
  },
  "task_name": "SICK-R"
}