{
  "dataset_revision": "b0fddb56ed78048fa8b90373c8a3cfc37b684831",
  "evaluation_time": 5.249794244766235,
  "kg_co2_emissions": null,
  "mteb_version": "1.14.20",
  "scores": {
    "test": [
      {
        "cosine_pearson": 0.08409296752196269,
        "cosine_spearman": 0.11681283359122085,
        "euclidean_pearson": 0.11274519772873903,
        "euclidean_spearman": 0.12089205034749183,
        "hf_subset": "default",
        "languages": [
          "eng-Latn"
        ],
        "main_score": 0.11681283359122085,
        "manhattan_pearson": 0.11318852795312236,
        "manhattan_spearman": 0.12115594993154014,
        "pearson": 0.08409296752196269,
        "spearman": 0.11681283359122085
      }
    ]
  },
  "task_name": "STSBenchmark"
}