{
  "dataset_revision": "2000358ca161889fa9c082cb41daa8dcfb161a54",
  "evaluation_time": 7.38652777671814,
  "kg_co2_emissions": null,
  "mteb_version": "1.14.20",
  "scores": {
    "test": [
      {
        "hf_subset": "default",
        "languages": [
          "eng-Latn"
        ],
        "main_score": 0.4356031486782077,
        "map": 0.4356031486782077,
        "mrr": 0.5509662313678934,
        "nAUC_map_diff1": 0.09266826466316451,
        "nAUC_map_max": 0.09691349497822103,
        "nAUC_map_std": -0.014205704529920581,
        "nAUC_mrr_diff1": 0.1112158961164916,
        "nAUC_mrr_max": 0.12592022362791438,
        "nAUC_mrr_std": -0.029295753756757064
      }
    ]
  },
  "task_name": "AskUbuntuDupQuestions"
}