{
  "dataset_revision": "59042f120c80e8afa9cdbb224f67076cec0fc9a7",
  "evaluation_time": 116.31211924552917,
  "kg_co2_emissions": null,
  "mteb_version": "1.14.20",
  "scores": {
    "test": [
      {
        "hf_subset": "default",
        "languages": [
          "eng-Latn"
        ],
        "main_score": 0.2595033688860305,
        "map": 0.2595033688860305,
        "mrr": 0.2631245784939856,
        "nAUC_map_diff1": 0.1378747792818836,
        "nAUC_map_max": -0.2132314130454644,
        "nAUC_map_std": -0.16395492030846556,
        "nAUC_mrr_diff1": 0.137235691250533,
        "nAUC_mrr_max": -0.148163480778782,
        "nAUC_mrr_std": -0.13763866727323068
      }
    ]
  },
  "task_name": "MindSmallReranking"
}