{
  "dataset_revision": "20a6d6f312dd54037fe07a32d58e5e168867909d",
  "evaluation_time": 11.855701684951782,
  "kg_co2_emissions": null,
  "mteb_version": "1.14.20",
  "scores": {
    "test": [
      {
        "cosine_pearson": 0.30590408760510135,
        "cosine_spearman": 0.3179030304072865,
        "euclidean_pearson": 0.32490630992445496,
        "euclidean_spearman": 0.31655280910859906,
        "hf_subset": "default",
        "languages": [
          "eng-Latn"
        ],
        "main_score": 0.3179030304072865,
        "manhattan_pearson": 0.3255904377879821,
        "manhattan_spearman": 0.31689636465424087,
        "pearson": 0.30590408760510135,
        "spearman": 0.3179030304072865
      }
    ]
  },
  "task_name": "SICK-R"
}