{
  "dataset_revision": "7e90230a92c190f1bf69ae9002b8cea547a64cca",
  "evaluation_time": 5.80518651008606,
  "kg_co2_emissions": null,
  "mteb_version": "1.14.20",
  "scores": {
    "test": [
      {
        "cosine_pearson": 0.20915806103850806,
        "cosine_spearman": 0.1967983404246992,
        "euclidean_pearson": 0.22185567974325665,
        "euclidean_spearman": 0.21836331881815424,
        "hf_subset": "default",
        "languages": [
          "eng-Latn"
        ],
        "main_score": 0.1967983404246992,
        "manhattan_pearson": 0.2207364013186959,
        "manhattan_spearman": 0.21658133738167926,
        "pearson": 0.20915806103850806,
        "spearman": 0.1967983404246992
      }
    ]
  },
  "task_name": "STS13"
}