{
  "dataset_revision": "2000358ca161889fa9c082cb41daa8dcfb161a54",
  "evaluation_time": 7.6600329875946045,
  "kg_co2_emissions": null,
  "mteb_version": "1.14.19",
  "scores": {
    "test": [
      {
        "hf_subset": "default",
        "languages": [
          "eng-Latn"
        ],
        "main_score": 0.468125814843429,
        "map": 0.468125814843429,
        "mrr": 0.5939574814228553,
        "nAUC_map_diff1": 0.12914660357621272,
        "nAUC_map_max": 0.1358843560438429,
        "nAUC_map_std": -0.03448226662264847,
        "nAUC_mrr_diff1": 0.21328302919619263,
        "nAUC_mrr_max": 0.2053768871818773,
        "nAUC_mrr_std": -0.0295835590608964
      }
    ]
  },
  "task_name": "AskUbuntuDupQuestions"
}