{
  "dataset_revision": "59042f120c80e8afa9cdbb224f67076cec0fc9a7",
  "evaluation_time": 125.65475344657898,
  "kg_co2_emissions": null,
  "mteb_version": "1.14.19",
  "scores": {
    "test": [
      {
        "hf_subset": "default",
        "languages": [
          "eng-Latn"
        ],
        "main_score": 0.29764421452135437,
        "map": 0.29764421452135437,
        "mrr": 0.3070115777381277,
        "nAUC_map_diff1": 0.2048732146097825,
        "nAUC_map_max": -0.2260047773700904,
        "nAUC_map_std": 0.09658513029990662,
        "nAUC_mrr_diff1": 0.18200552099145742,
        "nAUC_mrr_max": -0.16835753383360455,
        "nAUC_mrr_std": 0.08513283350936914
      }
    ]
  },
  "task_name": "MindSmallReranking"
}