{
  "dataset_revision": "d3c5e1fc0b855ab6097bf1cda04dd73947d7caab",
  "evaluation_time": 63.08665943145752,
  "kg_co2_emissions": null,
  "mteb_version": "1.14.19",
  "scores": {
    "test": [
      {
        "hf_subset": "default",
        "languages": [
          "eng-Latn"
        ],
        "main_score": 0.6846825727945303,
        "map": 0.6846825727945303,
        "mrr": 0.8828799468505351,
        "nAUC_map_diff1": 0.12246336059041243,
        "nAUC_map_max": 0.48662385067114367,
        "nAUC_map_std": 0.4673197552595262,
        "nAUC_mrr_diff1": 0.4058854798425911,
        "nAUC_mrr_max": 0.6124813024231467,
        "nAUC_mrr_std": 0.4179068371683631
      }
    ]
  },
  "task_name": "SciDocsRR"
}