{
  "dataset_revision": "20a6d6f312dd54037fe07a32d58e5e168867909d",
  "evaluation_time": 13.995307683944702,
  "kg_co2_emissions": null,
  "mteb_version": "1.14.19",
  "scores": {
    "test": [
      {
        "cosine_pearson": 0.6155219682315981,
        "cosine_spearman": 0.5580548134298223,
        "euclidean_pearson": 0.5813278214881096,
        "euclidean_spearman": 0.5588527049658033,
        "hf_subset": "default",
        "languages": [
          "eng-Latn"
        ],
        "main_score": 0.5580548134298223,
        "manhattan_pearson": 0.5808107646956678,
        "manhattan_spearman": 0.55882746674707,
        "pearson": 0.6155219682315981,
        "spearman": 0.5580548134298223
      }
    ]
  },
  "task_name": "SICK-R"
}