{
  "dataset_revision": "d66bd1f72af766a5cc4b0ca5e00c162f89e8cc46",
  "evaluation_time": 26.04962134361267,
  "kg_co2_emissions": null,
  "mteb_version": "1.14.19",
  "scores": {
    "test": [
      {
        "cosine_accuracy": 0.9911683168316832,
        "cosine_accuracy_threshold": 0.9667330980300903,
        "cosine_ap": 0.31552372263644196,
        "cosine_f1": 0.3612535612535613,
        "cosine_f1_threshold": 0.9542726278305054,
        "cosine_precision": 0.4198675496688742,
        "cosine_recall": 0.317,
        "dot_accuracy": 0.9901089108910891,
        "dot_accuracy_threshold": 4412.5595703125,
        "dot_ap": 0.017420845277576265,
        "dot_f1": 0.037578288100208766,
        "dot_f1_threshold": 3745.686279296875,
        "dot_precision": 0.026774330641733957,
        "dot_recall": 0.063,
        "euclidean_accuracy": 0.9917128712871287,
        "euclidean_accuracy_threshold": 16.28295135498047,
        "euclidean_ap": 0.3773652735905887,
        "euclidean_f1": 0.4148750726321906,
        "euclidean_f1_threshold": 18.45907211303711,
        "euclidean_precision": 0.49514563106796117,
        "euclidean_recall": 0.357,
        "hf_subset": "default",
        "languages": [
          "eng-Latn"
        ],
        "main_score": 0.5282581038105487,
        "manhattan_accuracy": 0.9926336633663366,
        "manhattan_accuracy_threshold": 525.985107421875,
        "manhattan_ap": 0.5282581038105487,
        "manhattan_f1": 0.5318435754189944,
        "manhattan_f1_threshold": 582.4946899414062,
        "manhattan_precision": 0.6025316455696202,
        "manhattan_recall": 0.476,
        "max_accuracy": 0.9926336633663366,
        "max_ap": 0.5282581038105487,
        "max_f1": 0.5318435754189944,
        "max_precision": 0.6025316455696202,
        "max_recall": 0.476,
        "similarity_accuracy": 0.9911683168316832,
        "similarity_accuracy_threshold": 0.9667330980300903,
        "similarity_ap": 0.31552372263644196,
        "similarity_f1": 0.3612535612535613,
        "similarity_f1_threshold": 0.9542726278305054,
        "similarity_precision": 0.4198675496688742,
        "similarity_recall": 0.317
      }
    ],
    "validation": [
      {
        "cosine_accuracy": 0.9907326732673267,
        "cosine_accuracy_threshold": 0.9663131237030029,
        "cosine_ap": 0.2041353798486517,
        "cosine_f1": 0.2549800796812749,
        "cosine_f1_threshold": 0.9563436508178711,
        "cosine_precision": 0.3794466403162055,
        "cosine_recall": 0.192,
        "dot_accuracy": 0.9901089108910891,
        "dot_accuracy_threshold": 4578.2919921875,
        "dot_ap": 0.021572649057703917,
        "dot_f1": 0.05005561735261401,
        "dot_f1_threshold": 3923.1845703125,
        "dot_precision": 0.05639097744360902,
        "dot_recall": 0.045,
        "euclidean_accuracy": 0.991,
        "euclidean_accuracy_threshold": 16.077526092529297,
        "euclidean_ap": 0.25415841075950396,
        "euclidean_f1": 0.3083849184018008,
        "euclidean_f1_threshold": 18.790191650390625,
        "euclidean_precision": 0.35263835263835264,
        "euclidean_recall": 0.274,
        "hf_subset": "default",
        "languages": [
          "eng-Latn"
        ],
        "main_score": 0.42957808175253814,
        "manhattan_accuracy": 0.991990099009901,
        "manhattan_accuracy_threshold": 550.6557006835938,
        "manhattan_ap": 0.42957808175253814,
        "manhattan_f1": 0.4648967551622419,
        "manhattan_f1_threshold": 583.5283203125,
        "manhattan_precision": 0.5669064748201439,
        "manhattan_recall": 0.394,
        "max_accuracy": 0.991990099009901,
        "max_ap": 0.42957808175253814,
        "max_f1": 0.4648967551622419,
        "max_precision": 0.5669064748201439,
        "max_recall": 0.394,
        "similarity_accuracy": 0.9907326732673267,
        "similarity_accuracy_threshold": 0.9663131237030029,
        "similarity_ap": 0.2041353798486517,
        "similarity_f1": 0.2549800796812749,
        "similarity_f1_threshold": 0.9563436508178711,
        "similarity_precision": 0.3794466403162055,
        "similarity_recall": 0.192
      }
    ]
  },
  "task_name": "SprintDuplicateQuestions"
}