{
  "dataset_revision": "e185fbe320c72810689fc5848eb6114e1ef5ec69",
  "evaluation_time": 41.00337862968445,
  "kg_co2_emissions": null,
  "mteb_version": "1.14.19",
  "scores": {
    "test": [
      {
        "hf_subset": "default",
        "languages": [
          "eng-Latn"
        ],
        "main_score": 0.376623056765824,
        "map": 0.376623056765824,
        "mrr": 0.3771271008403361,
        "nAUC_map_diff1": 0.2905257493345163,
        "nAUC_map_max": 0.2164334909346469,
        "nAUC_map_std": 0.06240648614731444,
        "nAUC_mrr_diff1": 0.28295544715032184,
        "nAUC_mrr_max": 0.22372553804483358,
        "nAUC_mrr_std": 0.06608050148045357
      }
    ]
  },
  "task_name": "StackOverflowDupQuestions"
}