{
  "dataset_revision": "7e90230a92c190f1bf69ae9002b8cea547a64cca",
  "evaluation_time": 4.455646753311157,
  "kg_co2_emissions": null,
  "mteb_version": "1.14.19",
  "scores": {
    "test": [
      {
        "cosine_pearson": 0.5173488539676172,
        "cosine_spearman": 0.5191853029979822,
        "euclidean_pearson": 0.5365832167180439,
        "euclidean_spearman": 0.5344516308564105,
        "hf_subset": "default",
        "languages": [
          "eng-Latn"
        ],
        "main_score": 0.5191853029979822,
        "manhattan_pearson": 0.5465588440579343,
        "manhattan_spearman": 0.5457837497710647,
        "pearson": 0.5173488539676172,
        "spearman": 0.5191853029979822
      }
    ]
  },
  "task_name": "STS13"
}