{
  "dataset_revision": "2000358ca161889fa9c082cb41daa8dcfb161a54",
  "evaluation_time": 51.68034052848816,
  "kg_co2_emissions": null,
  "mteb_version": "1.14.19",
  "scores": {
    "test": [
      {
        "hf_subset": "default",
        "languages": [
          "eng-Latn"
        ],
        "main_score": 0.49361167917142706,
        "map": 0.49361167917142706,
        "mrr": 0.640403640680649,
        "nAUC_map_diff1": 0.13921834130196806,
        "nAUC_map_max": 0.1658309282308013,
        "nAUC_map_std": 0.060069517540145126,
        "nAUC_mrr_diff1": 0.15568875184762035,
        "nAUC_mrr_max": 0.15768638631444248,
        "nAUC_mrr_std": 0.04537894662875929
      }
    ]
  },
  "task_name": "AskUbuntuDupQuestions"
}