{
  "dataset_revision": "d3fb88f8f02e40887cd149695127462bbcf29b4a",
  "evaluation_time": 9.54896354675293,
  "kg_co2_emissions": null,
  "mteb_version": "1.14.19",
  "scores": {
    "test": [
      {
        "cosine_pearson": 0.7835391010113794,
        "cosine_spearman": 0.7631077493735274,
        "euclidean_pearson": 0.7714195394628938,
        "euclidean_spearman": 0.753535242100829,
        "hf_subset": "default",
        "languages": [
          "eng-Latn"
        ],
        "main_score": 0.7631077493735274,
        "manhattan_pearson": 0.7763319883034392,
        "manhattan_spearman": 0.75501720357917,
        "pearson": 0.7835391010113794,
        "spearman": 0.7631077493735274
      }
    ]
  },
  "task_name": "BIOSSES"
}