{
  "dataset_revision": "d3fb88f8f02e40887cd149695127462bbcf29b4a",
  "evaluation_time": 1.6144001483917236,
  "kg_co2_emissions": null,
  "mteb_version": "1.14.20",
  "scores": {
    "test": [
      {
        "cosine_pearson": 0.31022839252581325,
        "cosine_spearman": 0.32109165364054704,
        "euclidean_pearson": 0.21497868933386943,
        "euclidean_spearman": 0.24958400019376856,
        "hf_subset": "default",
        "languages": [
          "eng-Latn"
        ],
        "main_score": 0.32109165364054704,
        "manhattan_pearson": 0.21852836903882716,
        "manhattan_spearman": 0.25439133864789903,
        "pearson": 0.31022839252581325,
        "spearman": 0.32109165364054704
      }
    ]
  },
  "task_name": "BIOSSES"
}