{
  "dataset_revision": "59042f120c80e8afa9cdbb224f67076cec0fc9a7",
  "evaluation_time": 114.12008953094482,
  "kg_co2_emissions": null,
  "mteb_version": "1.14.20",
  "scores": {
    "test": [
      {
        "hf_subset": "default",
        "languages": [
          "eng-Latn"
        ],
        "main_score": 0.2602133725221978,
        "map": 0.2602133725221978,
        "mrr": 0.26545544242300567,
        "nAUC_map_diff1": 0.06147645558642124,
        "nAUC_map_max": -0.21038519570437128,
        "nAUC_map_std": -0.0829295342469951,
        "nAUC_mrr_diff1": 0.07401798641893609,
        "nAUC_mrr_max": -0.14118403845426555,
        "nAUC_mrr_std": -0.0396472730446339
      }
    ]
  },
  "task_name": "MindSmallReranking"
}