{
  "dataset_revision": "7e90230a92c190f1bf69ae9002b8cea547a64cca",
  "evaluation_time": 4.072226524353027,
  "kg_co2_emissions": null,
  "mteb_version": "1.14.20",
  "scores": {
    "test": [
      {
        "cosine_pearson": 0.36069667406068767,
        "cosine_spearman": 0.3624839085379535,
        "euclidean_pearson": 0.38252914677812455,
        "euclidean_spearman": 0.36029480088764326,
        "hf_subset": "default",
        "languages": [
          "eng-Latn"
        ],
        "main_score": 0.3624839085379535,
        "manhattan_pearson": 0.38223735859757935,
        "manhattan_spearman": 0.360360514884779,
        "pearson": 0.36069667406068767,
        "spearman": 0.3624839085379535
      }
    ]
  },
  "task_name": "STS13"
}