{
  "dataset_revision": "6031580fec1f6af667f0bd2da0a551cf4f0b2375",
  "evaluation_time": 12.918498516082764,
  "kg_co2_emissions": null,
  "mteb_version": "1.14.20",
  "scores": {
    "test": [
      {
        "cosine_pearson": 0.16357485741640748,
        "cosine_spearman": 0.1689943742283586,
        "euclidean_pearson": 0.1849171643766041,
        "euclidean_spearman": 0.1821887839643267,
        "hf_subset": "default",
        "languages": [
          "eng-Latn"
        ],
        "main_score": 0.1689943742283586,
        "manhattan_pearson": 0.18507062716939207,
        "manhattan_spearman": 0.18243208279674428,
        "pearson": 0.16357485741640748,
        "spearman": 0.1689943742283586
      }
    ]
  },
  "task_name": "STS14"
}