{
  "dataset_revision": "2000358ca161889fa9c082cb41daa8dcfb161a54",
  "evaluation_time": 6.849225997924805,
  "kg_co2_emissions": null,
  "mteb_version": "1.14.20",
  "scores": {
    "test": [
      {
        "hf_subset": "default",
        "languages": [
          "eng-Latn"
        ],
        "main_score": 0.4344522746296048,
        "map": 0.4344522746296048,
        "mrr": 0.5546475838719607,
        "nAUC_map_diff1": 0.11260803933173676,
        "nAUC_map_max": 0.18580701562757312,
        "nAUC_map_std": 0.11975354716715363,
        "nAUC_mrr_diff1": 0.1109296537209722,
        "nAUC_mrr_max": 0.21339752002455392,
        "nAUC_mrr_std": 0.1264343079086471
      }
    ]
  },
  "task_name": "AskUbuntuDupQuestions"
}