{
  "dataset_revision": "d3fb88f8f02e40887cd149695127462bbcf29b4a",
  "evaluation_time": 1.7298102378845215,
  "kg_co2_emissions": null,
  "mteb_version": "1.14.20",
  "scores": {
    "test": [
      {
        "cosine_pearson": 0.011214116375682027,
        "cosine_spearman": 0.03251278901872481,
        "euclidean_pearson": 0.005991973799879244,
        "euclidean_spearman": 0.03275375836479651,
        "hf_subset": "default",
        "languages": [
          "eng-Latn"
        ],
        "main_score": 0.03251278901872481,
        "manhattan_pearson": 0.009595487281680914,
        "manhattan_spearman": 0.035458639274451406,
        "pearson": 0.011214116375682027,
        "spearman": 0.03251278901872481
      }
    ]
  },
  "task_name": "BIOSSES"
}