{
  "dataset_revision": "d3c5e1fc0b855ab6097bf1cda04dd73947d7caab",
  "evaluation_time": 73.94624161720276,
  "kg_co2_emissions": null,
  "mteb_version": "1.14.20",
  "scores": {
    "test": [
      {
        "hf_subset": "default",
        "languages": [
          "eng-Latn"
        ],
        "main_score": 0.31680599086301536,
        "map": 0.31680599086301536,
        "mrr": 0.49576360458713403,
        "nAUC_map_diff1": 0.20650448519574857,
        "nAUC_map_max": 0.36486839133088655,
        "nAUC_map_std": 0.1988198051455163,
        "nAUC_mrr_diff1": 0.3097779252125738,
        "nAUC_mrr_max": 0.3947032773296367,
        "nAUC_mrr_std": 0.1896244382018578
      }
    ]
  },
  "task_name": "SciDocsRR"
}