{
  "dataset_revision": "d3fb88f8f02e40887cd149695127462bbcf29b4a",
  "evaluation_time": 1.658952236175537,
  "kg_co2_emissions": null,
  "mteb_version": "1.14.20",
  "scores": {
    "test": [
      {
        "cosine_pearson": 0.12062222652245157,
        "cosine_spearman": 0.13006320454220283,
        "euclidean_pearson": 0.1259274350921996,
        "euclidean_spearman": 0.1267438518000651,
        "hf_subset": "default",
        "languages": [
          "eng-Latn"
        ],
        "main_score": 0.13006320454220283,
        "manhattan_pearson": 0.11852700613007347,
        "manhattan_spearman": 0.12498477557374163,
        "pearson": 0.12062222652245157,
        "spearman": 0.13006320454220283
      }
    ]
  },
  "task_name": "BIOSSES"
}