{
  "dataset_revision": "20a6d6f312dd54037fe07a32d58e5e168867909d",
  "evaluation_time": 11.84415340423584,
  "kg_co2_emissions": null,
  "mteb_version": "1.14.20",
  "scores": {
    "test": [
      {
        "cosine_pearson": 0.3218543175643901,
        "cosine_spearman": 0.32757187281382677,
        "euclidean_pearson": 0.3309372502769231,
        "euclidean_spearman": 0.3190883821075848,
        "hf_subset": "default",
        "languages": [
          "eng-Latn"
        ],
        "main_score": 0.32757187281382677,
        "manhattan_pearson": 0.33027482661902074,
        "manhattan_spearman": 0.31876923381323674,
        "pearson": 0.3218543175643901,
        "spearman": 0.32757187281382677
      }
    ]
  },
  "task_name": "SICK-R"
}