{
  "dataset_revision": "a0d554a64d88156834ff5ae9920b964011b16384",
  "evaluation_time": 5.709190130233765,
  "kg_co2_emissions": null,
  "mteb_version": "1.14.20",
  "scores": {
    "test": [
      {
        "cosine_pearson": 0.046223130488572156,
        "cosine_spearman": 0.14981870913066328,
        "euclidean_pearson": 0.12916571506849636,
        "euclidean_spearman": 0.1707332568182959,
        "hf_subset": "default",
        "languages": [
          "eng-Latn"
        ],
        "main_score": 0.14981870913066328,
        "manhattan_pearson": 0.12828446270330807,
        "manhattan_spearman": 0.17026927325212776,
        "pearson": 0.046223130488572156,
        "spearman": 0.14981870913066328
      }
    ]
  },
  "task_name": "STS12"
}