{
  "dataset_revision": "ae752c7c21bf194d8b67fd573edf7ae58183cbe3",
  "evaluation_time": 6.722978353500366,
  "kg_co2_emissions": null,
  "mteb_version": "1.14.20",
  "scores": {
    "test": [
      {
        "cosine_pearson": 0.34425393459376913,
        "cosine_spearman": 0.3543308113982361,
        "euclidean_pearson": 0.34192825482582406,
        "euclidean_spearman": 0.32138285753213786,
        "hf_subset": "default",
        "languages": [
          "eng-Latn"
        ],
        "main_score": 0.3543308113982361,
        "manhattan_pearson": 0.3422457334090942,
        "manhattan_spearman": 0.32204214416948035,
        "pearson": 0.34425393459376913,
        "spearman": 0.3543308113982361
      }
    ]
  },
  "task_name": "STS15"
}