{
  "dataset_revision": "59042f120c80e8afa9cdbb224f67076cec0fc9a7",
  "evaluation_time": 114.64373683929443,
  "kg_co2_emissions": null,
  "mteb_version": "1.14.20",
  "scores": {
    "test": [
      {
        "hf_subset": "default",
        "languages": [
          "eng-Latn"
        ],
        "main_score": 0.256753074831627,
        "map": 0.256753074831627,
        "mrr": 0.25992351022377236,
        "nAUC_map_diff1": 0.17918113371698718,
        "nAUC_map_max": -0.21178662321519842,
        "nAUC_map_std": -0.1699114695984939,
        "nAUC_mrr_diff1": 0.17141359382736707,
        "nAUC_mrr_max": -0.14623275257219426,
        "nAUC_mrr_std": -0.1453223679596295
      }
    ]
  },
  "task_name": "MindSmallReranking"
}