{
  "dataset_revision": "ae752c7c21bf194d8b67fd573edf7ae58183cbe3",
  "evaluation_time": 10.598775863647461,
  "kg_co2_emissions": null,
  "mteb_version": "1.14.20",
  "scores": {
    "test": [
      {
        "cosine_pearson": 0.31494135202219437,
        "cosine_spearman": 0.32862795926693555,
        "euclidean_pearson": 0.33792455703245283,
        "euclidean_spearman": 0.32777178023617914,
        "hf_subset": "default",
        "languages": [
          "eng-Latn"
        ],
        "main_score": 0.32862795926693555,
        "manhattan_pearson": 0.3374997042738229,
        "manhattan_spearman": 0.3273110210358407,
        "pearson": 0.31494135202219437,
        "spearman": 0.32862795926693555
      }
    ]
  },
  "task_name": "STS15"
}