{
  "dataset_revision": "59042f120c80e8afa9cdbb224f67076cec0fc9a7",
  "evaluation_time": 163.7399206161499,
  "kg_co2_emissions": null,
  "mteb_version": "1.14.19",
  "scores": {
    "test": [
      {
        "hf_subset": "default",
        "languages": [
          "eng-Latn"
        ],
        "main_score": 0.2893936829657326,
        "map": 0.2893936829657326,
        "mrr": 0.2979191364066185,
        "nAUC_map_diff1": 0.2530810580975199,
        "nAUC_map_max": -0.1928983475938346,
        "nAUC_map_std": 0.009789147144660256,
        "nAUC_mrr_diff1": 0.22374016945851086,
        "nAUC_mrr_max": -0.13661538290445985,
        "nAUC_mrr_std": 0.00459177759519837
      }
    ]
  },
  "task_name": "MindSmallReranking"
}