{
  "dataset_revision": "d3c5e1fc0b855ab6097bf1cda04dd73947d7caab",
  "evaluation_time": 113.11547875404358,
  "kg_co2_emissions": null,
  "mteb_version": "1.14.19",
  "scores": {
    "test": [
      {
        "hf_subset": "default",
        "languages": [
          "eng-Latn"
        ],
        "main_score": 0.5794313995852484,
        "map": 0.5794313995852484,
        "mrr": 0.808709010669795,
        "nAUC_map_diff1": 0.12419435425384982,
        "nAUC_map_max": 0.4325987312454603,
        "nAUC_map_std": 0.4016939123971722,
        "nAUC_mrr_diff1": 0.3417848842510777,
        "nAUC_mrr_max": 0.5253509692994172,
        "nAUC_mrr_std": 0.32673878371416293
      }
    ]
  },
  "task_name": "SciDocsRR"
}