{
  "dataset_revision": "20a6d6f312dd54037fe07a32d58e5e168867909d",
  "evaluation_time": 24.793483018875122,
  "kg_co2_emissions": null,
  "mteb_version": "1.14.19",
  "scores": {
    "test": [
      {
        "cosine_pearson": 0.5022728520511358,
        "cosine_spearman": 0.4811330466061617,
        "euclidean_pearson": 0.49329523032310485,
        "euclidean_spearman": 0.48290560686213974,
        "hf_subset": "default",
        "languages": [
          "eng-Latn"
        ],
        "main_score": 0.4811330466061617,
        "manhattan_pearson": 0.5012181023891643,
        "manhattan_spearman": 0.49157810689115045,
        "pearson": 0.5022728520511358,
        "spearman": 0.4811330466061617
      }
    ]
  },
  "task_name": "SICK-R"
}