{
  "dataset_revision": "d66bd1f72af766a5cc4b0ca5e00c162f89e8cc46",
  "evaluation_time": 39.21877574920654,
  "kg_co2_emissions": null,
  "mteb_version": "1.14.19",
  "scores": {
    "test": [
      {
        "cosine_accuracy": 0.9905346534653465,
        "cosine_accuracy_threshold": 0.952539324760437,
        "cosine_ap": 0.21578549618011683,
        "cosine_f1": 0.2960039467192896,
        "cosine_f1_threshold": 0.929093599319458,
        "cosine_precision": 0.2921129503407984,
        "cosine_recall": 0.3,
        "dot_accuracy": 0.9901188118811881,
        "dot_accuracy_threshold": 3480.830322265625,
        "dot_ap": 0.03331480577509151,
        "dot_f1": 0.0797598627787307,
        "dot_f1_threshold": 3012.32861328125,
        "dot_precision": 0.06981981981981981,
        "dot_recall": 0.093,
        "euclidean_accuracy": 0.9906831683168317,
        "euclidean_accuracy_threshold": 17.14513397216797,
        "euclidean_ap": 0.22605495676827106,
        "euclidean_f1": 0.3025583982202447,
        "euclidean_f1_threshold": 19.958011627197266,
        "euclidean_precision": 0.3408521303258145,
        "euclidean_recall": 0.272,
        "hf_subset": "default",
        "languages": [
          "eng-Latn"
        ],
        "main_score": 0.3190605209224041,
        "manhattan_accuracy": 0.9912376237623762,
        "manhattan_accuracy_threshold": 546.7457885742188,
        "manhattan_ap": 0.3190605209224041,
        "manhattan_f1": 0.3748517200474496,
        "manhattan_f1_threshold": 602.4520263671875,
        "manhattan_precision": 0.4606413994169096,
        "manhattan_recall": 0.316,
        "max_accuracy": 0.9912376237623762,
        "max_ap": 0.3190605209224041,
        "max_f1": 0.3748517200474496,
        "max_precision": 0.4606413994169096,
        "max_recall": 0.316,
        "similarity_accuracy": 0.9905346534653465,
        "similarity_accuracy_threshold": 0.952539324760437,
        "similarity_ap": 0.21578549618011683,
        "similarity_f1": 0.2960039467192896,
        "similarity_f1_threshold": 0.929093599319458,
        "similarity_precision": 0.2921129503407984,
        "similarity_recall": 0.3
      }
    ],
    "validation": [
      {
        "cosine_accuracy": 0.9903960396039604,
        "cosine_accuracy_threshold": 0.9553622007369995,
        "cosine_ap": 0.14388958230884363,
        "cosine_f1": 0.2113733905579399,
        "cosine_f1_threshold": 0.928773820400238,
        "cosine_precision": 0.22800925925925927,
        "cosine_recall": 0.197,
        "dot_accuracy": 0.9900891089108911,
        "dot_accuracy_threshold": 3468.650390625,
        "dot_ap": 0.025972764331564008,
        "dot_f1": 0.06750711671411141,
        "dot_f1_threshold": 3003.42724609375,
        "dot_precision": 0.0568882796435915,
        "dot_recall": 0.083,
        "euclidean_accuracy": 0.9904455445544554,
        "euclidean_accuracy_threshold": 17.100082397460938,
        "euclidean_ap": 0.15453813806036779,
        "euclidean_f1": 0.22335673261008296,
        "euclidean_f1_threshold": 19.77154541015625,
        "euclidean_precision": 0.30864197530864196,
        "euclidean_recall": 0.175,
        "hf_subset": "default",
        "languages": [
          "eng-Latn"
        ],
        "main_score": 0.23612806519704177,
        "manhattan_accuracy": 0.9905940594059406,
        "manhattan_accuracy_threshold": 518.454833984375,
        "manhattan_ap": 0.23612806519704177,
        "manhattan_f1": 0.30132788559754853,
        "manhattan_f1_threshold": 630.7040405273438,
        "manhattan_precision": 0.3079331941544885,
        "manhattan_recall": 0.295,
        "max_accuracy": 0.9905940594059406,
        "max_ap": 0.23612806519704177,
        "max_f1": 0.30132788559754853,
        "max_precision": 0.30864197530864196,
        "max_recall": 0.295,
        "similarity_accuracy": 0.9903960396039604,
        "similarity_accuracy_threshold": 0.9553622007369995,
        "similarity_ap": 0.14388958230884363,
        "similarity_f1": 0.2113733905579399,
        "similarity_f1_threshold": 0.928773820400238,
        "similarity_precision": 0.22800925925925927,
        "similarity_recall": 0.197
      }
    ]
  },
  "task_name": "SprintDuplicateQuestions"
}