{
  "dataset_revision": "e185fbe320c72810689fc5848eb6114e1ef5ec69",
  "evaluation_time": 71.15273571014404,
  "kg_co2_emissions": null,
  "mteb_version": "1.14.19",
  "scores": {
    "test": [
      {
        "hf_subset": "default",
        "languages": [
          "eng-Latn"
        ],
        "main_score": 0.35337342534770555,
        "map": 0.35337342534770555,
        "mrr": 0.35169486355148116,
        "nAUC_map_diff1": 0.25967218564060884,
        "nAUC_map_max": 0.20654624642263197,
        "nAUC_map_std": 0.04871817462134178,
        "nAUC_mrr_diff1": 0.25708628359629115,
        "nAUC_mrr_max": 0.21716256706574372,
        "nAUC_mrr_std": 0.05245110293981353
      }
    ]
  },
  "task_name": "StackOverflowDupQuestions"
}