{
  "dataset_revision": "ae752c7c21bf194d8b67fd573edf7ae58183cbe3",
  "evaluation_time": 13.997766256332397,
  "kg_co2_emissions": null,
  "mteb_version": "1.14.19",
  "scores": {
    "test": [
      {
        "cosine_pearson": 0.5293076638688526,
        "cosine_spearman": 0.555425671664954,
        "euclidean_pearson": 0.5702702107197389,
        "euclidean_spearman": 0.5833990633785607,
        "hf_subset": "default",
        "languages": [
          "eng-Latn"
        ],
        "main_score": 0.555425671664954,
        "manhattan_pearson": 0.5798325075291934,
        "manhattan_spearman": 0.5985083973992255,
        "pearson": 0.5293076638688526,
        "spearman": 0.555425671664954
      }
    ]
  },
  "task_name": "STS15"
}