{
  "dataset_revision": "a0d554a64d88156834ff5ae9920b964011b16384",
  "evaluation_time": 12.736599445343018,
  "kg_co2_emissions": null,
  "mteb_version": "1.14.19",
  "scores": {
    "test": [
      {
        "cosine_pearson": 0.3798718017262909,
        "cosine_spearman": 0.41392886104139304,
        "euclidean_pearson": 0.38983913186396946,
        "euclidean_spearman": 0.4020191534833915,
        "hf_subset": "default",
        "languages": [
          "eng-Latn"
        ],
        "main_score": 0.41392886104139304,
        "manhattan_pearson": 0.43049281572612796,
        "manhattan_spearman": 0.4256150550103056,
        "pearson": 0.3798718017262909,
        "spearman": 0.41392886104139304
      }
    ]
  },
  "task_name": "STS12"
}