{
  "dataset_revision": "b0fddb56ed78048fa8b90373c8a3cfc37b684831",
  "evaluation_time": 6.379455089569092,
  "kg_co2_emissions": null,
  "mteb_version": "1.14.19",
  "scores": {
    "test": [
      {
        "cosine_pearson": 0.45327775725196334,
        "cosine_spearman": 0.4414638850272548,
        "euclidean_pearson": 0.438844390105281,
        "euclidean_spearman": 0.4304038223507941,
        "hf_subset": "default",
        "languages": [
          "eng-Latn"
        ],
        "main_score": 0.4414638850272548,
        "manhattan_pearson": 0.4626110199044623,
        "manhattan_spearman": 0.45877215487339584,
        "pearson": 0.45327775725196334,
        "spearman": 0.4414638850272548
      }
    ]
  },
  "task_name": "STSBenchmark"
}