{
  "dataset_revision": "d3fb88f8f02e40887cd149695127462bbcf29b4a",
  "evaluation_time": 1.5682544708251953,
  "kg_co2_emissions": null,
  "mteb_version": "1.14.20",
  "scores": {
    "test": [
      {
        "cosine_pearson": 0.15081473485101704,
        "cosine_spearman": 0.1843114285765954,
        "euclidean_pearson": 0.11025794349896818,
        "euclidean_spearman": 0.13468379175312778,
        "hf_subset": "default",
        "languages": [
          "eng-Latn"
        ],
        "main_score": 0.1843114285765954,
        "manhattan_pearson": 0.11288413883101772,
        "manhattan_spearman": 0.14196106600449326,
        "pearson": 0.15081473485101704,
        "spearman": 0.1843114285765954
      }
    ]
  },
  "task_name": "BIOSSES"
}