{
  "dataset_revision": "d3c5e1fc0b855ab6097bf1cda04dd73947d7caab",
  "evaluation_time": 36.2099666595459,
  "kg_co2_emissions": null,
  "mteb_version": "1.14.20",
  "scores": {
    "test": [
      {
        "hf_subset": "default",
        "languages": [
          "eng-Latn"
        ],
        "main_score": 0.3628513164156901,
        "map": 0.3628513164156901,
        "mrr": 0.566755348863192,
        "nAUC_map_diff1": 0.23490063651429668,
        "nAUC_map_max": 0.3828847950999617,
        "nAUC_map_std": 0.3060104725705386,
        "nAUC_mrr_diff1": 0.3459903269383615,
        "nAUC_mrr_max": 0.40845595206308627,
        "nAUC_mrr_std": 0.3013683523590585
      }
    ]
  },
  "task_name": "SciDocsRR"
}