{
  "dataset_revision": "a0d554a64d88156834ff5ae9920b964011b16384",
  "evaluation_time": 4.9512152671813965,
  "kg_co2_emissions": null,
  "mteb_version": "1.14.20",
  "scores": {
    "test": [
      {
        "cosine_pearson": 0.149177502934839,
        "cosine_spearman": 0.21677197237399018,
        "euclidean_pearson": 0.2120710864791191,
        "euclidean_spearman": 0.229578342732001,
        "hf_subset": "default",
        "languages": [
          "eng-Latn"
        ],
        "main_score": 0.21677197237399018,
        "manhattan_pearson": 0.21153838307353695,
        "manhattan_spearman": 0.22952127057822738,
        "pearson": 0.149177502934839,
        "spearman": 0.21677197237399018
      }
    ]
  },
  "task_name": "STS12"
}