{
  "dataset_revision": "d3fb88f8f02e40887cd149695127462bbcf29b4a",
  "evaluation_time": 1.5852046012878418,
  "kg_co2_emissions": null,
  "mteb_version": "1.14.20",
  "scores": {
    "test": [
      {
        "cosine_pearson": 0.29551448857388374,
        "cosine_spearman": 0.31485054757728986,
        "euclidean_pearson": 0.22144925415929168,
        "euclidean_spearman": 0.2617348794694343,
        "hf_subset": "default",
        "languages": [
          "eng-Latn"
        ],
        "main_score": 0.31485054757728986,
        "manhattan_pearson": 0.22437512412616034,
        "manhattan_spearman": 0.2609155836927905,
        "pearson": 0.29551448857388374,
        "spearman": 0.31485054757728986
      }
    ]
  },
  "task_name": "BIOSSES"
}