{
  "dataset_revision": "d3c5e1fc0b855ab6097bf1cda04dd73947d7caab",
  "evaluation_time": 27.463102340698242,
  "kg_co2_emissions": null,
  "mteb_version": "1.14.20",
  "scores": {
    "test": [
      {
        "hf_subset": "default",
        "languages": [
          "eng-Latn"
        ],
        "main_score": 0.4050661551563832,
        "map": 0.4050661551563832,
        "mrr": 0.6391948374791511,
        "nAUC_map_diff1": 0.24235074097683162,
        "nAUC_map_max": 0.4279195650891048,
        "nAUC_map_std": 0.37750745876167624,
        "nAUC_mrr_diff1": 0.38918760673247366,
        "nAUC_mrr_max": 0.45187272093200465,
        "nAUC_mrr_std": 0.35022880422503155
      }
    ]
  },
  "task_name": "SciDocsRR"
}