{
  "dataset_revision": "6031580fec1f6af667f0bd2da0a551cf4f0b2375",
  "evaluation_time": 4.741826057434082,
  "kg_co2_emissions": null,
  "mteb_version": "1.14.20",
  "scores": {
    "test": [
      {
        "cosine_pearson": 0.34754299340429856,
        "cosine_spearman": 0.3395645958188508,
        "euclidean_pearson": 0.35412051452910864,
        "euclidean_spearman": 0.3381406256459161,
        "hf_subset": "default",
        "languages": [
          "eng-Latn"
        ],
        "main_score": 0.3395645958188508,
        "manhattan_pearson": 0.35375094713343125,
        "manhattan_spearman": 0.33806618519030973,
        "pearson": 0.34754299340429856,
        "spearman": 0.3395645958188508
      }
    ]
  },
  "task_name": "STS14"
}