{
  "dataset_revision": "59042f120c80e8afa9cdbb224f67076cec0fc9a7",
  "evaluation_time": 121.73115730285645,
  "kg_co2_emissions": null,
  "mteb_version": "1.14.20",
  "scores": {
    "test": [
      {
        "hf_subset": "default",
        "languages": [
          "eng-Latn"
        ],
        "main_score": 0.2627693391306745,
        "map": 0.2627693391306745,
        "mrr": 0.26742977995092515,
        "nAUC_map_diff1": 0.11518499572403645,
        "nAUC_map_max": -0.20832007262805258,
        "nAUC_map_std": -0.13683906793483414,
        "nAUC_mrr_diff1": 0.11611111375766059,
        "nAUC_mrr_max": -0.14233894648344578,
        "nAUC_mrr_std": -0.10892377977653823
      }
    ]
  },
  "task_name": "MindSmallReranking"
}