{
  "dataset_revision": "ae752c7c21bf194d8b67fd573edf7ae58183cbe3",
  "evaluation_time": 6.545286655426025,
  "kg_co2_emissions": null,
  "mteb_version": "1.14.20",
  "scores": {
    "test": [
      {
        "cosine_pearson": 0.34642280463811415,
        "cosine_spearman": 0.3548893316163425,
        "euclidean_pearson": 0.3558778600513095,
        "euclidean_spearman": 0.34081339064268695,
        "hf_subset": "default",
        "languages": [
          "eng-Latn"
        ],
        "main_score": 0.3548893316163425,
        "manhattan_pearson": 0.3565763658571125,
        "manhattan_spearman": 0.34120354415760096,
        "pearson": 0.34642280463811415,
        "spearman": 0.3548893316163425
      }
    ]
  },
  "task_name": "STS15"
}