{
  "dataset_revision": "6031580fec1f6af667f0bd2da0a551cf4f0b2375",
  "evaluation_time": 7.464398384094238,
  "kg_co2_emissions": null,
  "mteb_version": "1.14.20",
  "scores": {
    "test": [
      {
        "cosine_pearson": 0.1949146966301087,
        "cosine_spearman": 0.19459870152191638,
        "euclidean_pearson": 0.212909423089968,
        "euclidean_spearman": 0.20793043568598893,
        "hf_subset": "default",
        "languages": [
          "eng-Latn"
        ],
        "main_score": 0.19459870152191638,
        "manhattan_pearson": 0.21261968959879263,
        "manhattan_spearman": 0.207813447445789,
        "pearson": 0.1949146966301087,
        "spearman": 0.19459870152191638
      }
    ]
  },
  "task_name": "STS14"
}