{
  "dataset_revision": "d3fb88f8f02e40887cd149695127462bbcf29b4a",
  "evaluation_time": 1.6537320613861084,
  "kg_co2_emissions": null,
  "mteb_version": "1.14.20",
  "scores": {
    "test": [
      {
        "cosine_pearson": 0.02472918456341631,
        "cosine_spearman": 0.058200121309968565,
        "euclidean_pearson": 0.019279923604885667,
        "euclidean_spearman": 0.04932040090722624,
        "hf_subset": "default",
        "languages": [
          "eng-Latn"
        ],
        "main_score": 0.058200121309968565,
        "manhattan_pearson": 0.024519052524785097,
        "manhattan_spearman": 0.054043400090231654,
        "pearson": 0.02472918456341631,
        "spearman": 0.058200121309968565
      }
    ]
  },
  "task_name": "BIOSSES"
}