{
  "dataset_revision": "6031580fec1f6af667f0bd2da0a551cf4f0b2375",
  "evaluation_time": 10.084823608398438,
  "kg_co2_emissions": null,
  "mteb_version": "1.14.20",
  "scores": {
    "test": [
      {
        "cosine_pearson": 0.16099028313831323,
        "cosine_spearman": 0.19794793591728205,
        "euclidean_pearson": 0.17547067517905218,
        "euclidean_spearman": 0.190620366491668,
        "hf_subset": "default",
        "languages": [
          "eng-Latn"
        ],
        "main_score": 0.19794793591728205,
        "manhattan_pearson": 0.17530720631132096,
        "manhattan_spearman": 0.19036580461283664,
        "pearson": 0.16099028313831323,
        "spearman": 0.19794793591728205
      }
    ]
  },
  "task_name": "STS14"
}