{
  "dataset_revision": "2000358ca161889fa9c082cb41daa8dcfb161a54",
  "evaluation_time": 6.108786106109619,
  "kg_co2_emissions": null,
  "mteb_version": "1.14.20",
  "scores": {
    "test": [
      {
        "hf_subset": "default",
        "languages": [
          "eng-Latn"
        ],
        "main_score": 0.4474178998275838,
        "map": 0.4474178998275838,
        "mrr": 0.5650650749681221,
        "nAUC_map_diff1": 0.15834849091282938,
        "nAUC_map_max": 0.19251670147619357,
        "nAUC_map_std": 0.09823749265616336,
        "nAUC_mrr_diff1": 0.14780093540464692,
        "nAUC_mrr_max": 0.22347037998984998,
        "nAUC_mrr_std": 0.12948062801876775
      }
    ]
  },
  "task_name": "AskUbuntuDupQuestions"
}