{
  "dataset_revision": "d3fb88f8f02e40887cd149695127462bbcf29b4a",
  "evaluation_time": 1.7433357238769531,
  "kg_co2_emissions": null,
  "mteb_version": "1.14.20",
  "scores": {
    "test": [
      {
        "cosine_pearson": 0.12122898995699982,
        "cosine_spearman": 0.1572987648819573,
        "euclidean_pearson": 0.08628026993385644,
        "euclidean_spearman": 0.10001432708706119,
        "hf_subset": "default",
        "languages": [
          "eng-Latn"
        ],
        "main_score": 0.1572987648819573,
        "manhattan_pearson": 0.08773763589070258,
        "manhattan_spearman": 0.1088277809196338,
        "pearson": 0.12122898995699982,
        "spearman": 0.1572987648819573
      }
    ]
  },
  "task_name": "BIOSSES"
}