{
  "dataset_revision": "d3c5e1fc0b855ab6097bf1cda04dd73947d7caab",
  "evaluation_time": 41.1190025806427,
  "kg_co2_emissions": null,
  "mteb_version": "1.14.20",
  "scores": {
    "test": [
      {
        "hf_subset": "default",
        "languages": [
          "eng-Latn"
        ],
        "main_score": 0.3517050177454867,
        "map": 0.3517050177454867,
        "mrr": 0.5511662357250593,
        "nAUC_map_diff1": 0.22216163146250004,
        "nAUC_map_max": 0.35983814813033105,
        "nAUC_map_std": 0.2782799475187983,
        "nAUC_mrr_diff1": 0.3267036812281854,
        "nAUC_mrr_max": 0.387186319216343,
        "nAUC_mrr_std": 0.2752626882729104
      }
    ]
  },
  "task_name": "SciDocsRR"
}