{
  "dataset_revision": "e185fbe320c72810689fc5848eb6114e1ef5ec69",
  "evaluation_time": 30.229711055755615,
  "kg_co2_emissions": null,
  "mteb_version": "1.14.20",
  "scores": {
    "test": [
      {
        "hf_subset": "default",
        "languages": [
          "eng-Latn"
        ],
        "main_score": 0.27509355368368993,
        "map": 0.27509355368368993,
        "mrr": 0.26319298552754433,
        "nAUC_map_diff1": 0.2068149587814374,
        "nAUC_map_max": 0.21234159741392428,
        "nAUC_map_std": 0.04891330436239711,
        "nAUC_mrr_diff1": 0.20062097385442343,
        "nAUC_mrr_max": 0.21337888830900814,
        "nAUC_mrr_std": 0.05196892188398958
      }
    ]
  },
  "task_name": "StackOverflowDupQuestions"
}