{
  "dataset_revision": "ae752c7c21bf194d8b67fd573edf7ae58183cbe3",
  "evaluation_time": 6.552231550216675,
  "kg_co2_emissions": null,
  "mteb_version": "1.14.20",
  "scores": {
    "test": [
      {
        "cosine_pearson": 0.39294052694520415,
        "cosine_spearman": 0.403726663469606,
        "euclidean_pearson": 0.37170623957119203,
        "euclidean_spearman": 0.3466297100038412,
        "hf_subset": "default",
        "languages": [
          "eng-Latn"
        ],
        "main_score": 0.403726663469606,
        "manhattan_pearson": 0.3714972569169867,
        "manhattan_spearman": 0.3464484274803756,
        "pearson": 0.39294052694520415,
        "spearman": 0.403726663469606
      }
    ]
  },
  "task_name": "STS15"
}