{
  "dataset_revision": "d3fb88f8f02e40887cd149695127462bbcf29b4a",
  "evaluation_time": 2.3599984645843506,
  "kg_co2_emissions": null,
  "mteb_version": "1.14.20",
  "scores": {
    "test": [
      {
        "cosine_pearson": 0.05673741714460454,
        "cosine_spearman": 0.11004467611729592,
        "euclidean_pearson": 0.045114342064237686,
        "euclidean_spearman": 0.07197754367161831,
        "hf_subset": "default",
        "languages": [
          "eng-Latn"
        ],
        "main_score": 0.11004467611729592,
        "manhattan_pearson": 0.055345552880620826,
        "manhattan_spearman": 0.08789959321330623,
        "pearson": 0.05673741714460454,
        "spearman": 0.11004467611729592
      }
    ]
  },
  "task_name": "BIOSSES"
}