{
  "dataset_revision": "59042f120c80e8afa9cdbb224f67076cec0fc9a7",
  "evaluation_time": 115.45091104507446,
  "kg_co2_emissions": null,
  "mteb_version": "1.14.20",
  "scores": {
    "test": [
      {
        "hf_subset": "default",
        "languages": [
          "eng-Latn"
        ],
        "main_score": 0.2513201098668148,
        "map": 0.2513201098668148,
        "mrr": 0.25590945278841754,
        "nAUC_map_diff1": 0.14976625902970372,
        "nAUC_map_max": -0.1981787447317986,
        "nAUC_map_std": -0.07187079140360643,
        "nAUC_mrr_diff1": 0.13988819080439654,
        "nAUC_mrr_max": -0.1270079457805631,
        "nAUC_mrr_std": -0.0320898225324436
      }
    ]
  },
  "task_name": "MindSmallReranking"
}