{
  "dataset_revision": "d3c5e1fc0b855ab6097bf1cda04dd73947d7caab",
  "evaluation_time": 46.56588387489319,
  "kg_co2_emissions": null,
  "mteb_version": "1.14.20",
  "scores": {
    "test": [
      {
        "hf_subset": "default",
        "languages": [
          "eng-Latn"
        ],
        "main_score": 0.3353398542349716,
        "map": 0.3353398542349716,
        "mrr": 0.5265112882759941,
        "nAUC_map_diff1": 0.22428829068035985,
        "nAUC_map_max": 0.37462536712684463,
        "nAUC_map_std": 0.26050553775921753,
        "nAUC_mrr_diff1": 0.3253382547195721,
        "nAUC_mrr_max": 0.3980643930643082,
        "nAUC_mrr_std": 0.25721924455119993
      }
    ]
  },
  "task_name": "SciDocsRR"
}