{
  "dataset_revision": "20a6d6f312dd54037fe07a32d58e5e168867909d",
  "evaluation_time": 12.342684507369995,
  "kg_co2_emissions": null,
  "mteb_version": "1.14.20",
  "scores": {
    "test": [
      {
        "cosine_pearson": 0.3017163112297024,
        "cosine_spearman": 0.31315719856173624,
        "euclidean_pearson": 0.3168448999204853,
        "euclidean_spearman": 0.30505960572711005,
        "hf_subset": "default",
        "languages": [
          "eng-Latn"
        ],
        "main_score": 0.31315719856173624,
        "manhattan_pearson": 0.31692719422118826,
        "manhattan_spearman": 0.3054955651637692,
        "pearson": 0.3017163112297024,
        "spearman": 0.31315719856173624
      }
    ]
  },
  "task_name": "SICK-R"
}