{
  "dataset_revision": "e185fbe320c72810689fc5848eb6114e1ef5ec69",
  "evaluation_time": 34.14146876335144,
  "kg_co2_emissions": null,
  "mteb_version": "1.14.20",
  "scores": {
    "test": [
      {
        "hf_subset": "default",
        "languages": [
          "eng-Latn"
        ],
        "main_score": 0.2662094991884388,
        "map": 0.2662094991884388,
        "mrr": 0.25342991363211953,
        "nAUC_map_diff1": 0.1990149814116153,
        "nAUC_map_max": 0.2216325594680116,
        "nAUC_map_std": 0.06028217746745118,
        "nAUC_mrr_diff1": 0.19083900044338573,
        "nAUC_mrr_max": 0.22077751874507764,
        "nAUC_mrr_std": 0.061454163536291705
      }
    ]
  },
  "task_name": "StackOverflowDupQuestions"
}