{
  "dataset_revision": "6031580fec1f6af667f0bd2da0a551cf4f0b2375",
  "evaluation_time": 8.298961162567139,
  "kg_co2_emissions": null,
  "mteb_version": "1.14.20",
  "scores": {
    "test": [
      {
        "cosine_pearson": 0.1873897264705964,
        "cosine_spearman": 0.224029343990562,
        "euclidean_pearson": 0.2024961936985904,
        "euclidean_spearman": 0.21182834319887464,
        "hf_subset": "default",
        "languages": [
          "eng-Latn"
        ],
        "main_score": 0.224029343990562,
        "manhattan_pearson": 0.20261686495658812,
        "manhattan_spearman": 0.2120612041641039,
        "pearson": 0.1873897264705964,
        "spearman": 0.224029343990562
      }
    ]
  },
  "task_name": "STS14"
}