{
  "dataset_revision": "59042f120c80e8afa9cdbb224f67076cec0fc9a7",
  "evaluation_time": 121.52049660682678,
  "kg_co2_emissions": null,
  "mteb_version": "1.14.20",
  "scores": {
    "test": [
      {
        "hf_subset": "default",
        "languages": [
          "eng-Latn"
        ],
        "main_score": 0.24990767240758172,
        "map": 0.24990767240758172,
        "mrr": 0.2516404163796958,
        "nAUC_map_diff1": 0.23450763006569253,
        "nAUC_map_max": -0.24104596969718156,
        "nAUC_map_std": -0.1532654208103868,
        "nAUC_mrr_diff1": 0.21349765187364347,
        "nAUC_mrr_max": -0.1734558748598948,
        "nAUC_mrr_std": -0.12808461389573425
      }
    ]
  },
  "task_name": "MindSmallReranking"
}