{
  "dataset_revision": "6031580fec1f6af667f0bd2da0a551cf4f0b2375",
  "evaluation_time": 13.872043132781982,
  "kg_co2_emissions": null,
  "mteb_version": "1.14.20",
  "scores": {
    "test": [
      {
        "cosine_pearson": 0.12785697014357428,
        "cosine_spearman": 0.1463371410173477,
        "euclidean_pearson": 0.15334967506792682,
        "euclidean_spearman": 0.15833427899330502,
        "hf_subset": "default",
        "languages": [
          "eng-Latn"
        ],
        "main_score": 0.1463371410173477,
        "manhattan_pearson": 0.1535705769138093,
        "manhattan_spearman": 0.15836670358850943,
        "pearson": 0.12785697014357428,
        "spearman": 0.1463371410173477
      }
    ]
  },
  "task_name": "STS14"
}