{
  "dataset_revision": "2000358ca161889fa9c082cb41daa8dcfb161a54",
  "evaluation_time": 10.630753517150879,
  "kg_co2_emissions": null,
  "mteb_version": "1.14.20",
  "scores": {
    "test": [
      {
        "hf_subset": "default",
        "languages": [
          "eng-Latn"
        ],
        "main_score": 0.42095875159143803,
        "map": 0.42095875159143803,
        "mrr": 0.5342083278371367,
        "nAUC_map_diff1": 0.1506956847146234,
        "nAUC_map_max": 0.17199757027763776,
        "nAUC_map_std": 0.10490969844059088,
        "nAUC_mrr_diff1": 0.16894768187921824,
        "nAUC_mrr_max": 0.20372770985135905,
        "nAUC_mrr_std": 0.1209021178900193
      }
    ]
  },
  "task_name": "AskUbuntuDupQuestions"
}