{
  "dataset_revision": "d3c5e1fc0b855ab6097bf1cda04dd73947d7caab",
  "evaluation_time": 99.2967586517334,
  "kg_co2_emissions": null,
  "mteb_version": "1.14.20",
  "scores": {
    "test": [
      {
        "hf_subset": "default",
        "languages": [
          "eng-Latn"
        ],
        "main_score": 0.3294531101256112,
        "map": 0.3294531101256112,
        "mrr": 0.5082680935622113,
        "nAUC_map_diff1": 0.1993785295909126,
        "nAUC_map_max": 0.3158080706539069,
        "nAUC_map_std": 0.12372642184343241,
        "nAUC_mrr_diff1": 0.2826427830052003,
        "nAUC_mrr_max": 0.3220533108679491,
        "nAUC_mrr_std": 0.08909752067676
      }
    ]
  },
  "task_name": "SciDocsRR"
}