{
  "dataset_revision": "20a6d6f312dd54037fe07a32d58e5e168867909d",
  "evaluation_time": 16.42266869544983,
  "kg_co2_emissions": null,
  "mteb_version": "1.14.20",
  "scores": {
    "test": [
      {
        "cosine_pearson": 0.29505660379360876,
        "cosine_spearman": 0.30353341505510956,
        "euclidean_pearson": 0.3052340451216791,
        "euclidean_spearman": 0.2970970775634576,
        "hf_subset": "default",
        "languages": [
          "eng-Latn"
        ],
        "main_score": 0.30353341505510956,
        "manhattan_pearson": 0.3047556309146184,
        "manhattan_spearman": 0.29638003208518243,
        "pearson": 0.29505660379360876,
        "spearman": 0.30353341505510956
      }
    ]
  },
  "task_name": "SICK-R"
}