{
  "dataset_revision": "2000358ca161889fa9c082cb41daa8dcfb161a54",
  "evaluation_time": 16.41673445701599,
  "kg_co2_emissions": null,
  "mteb_version": "1.14.19",
  "scores": {
    "test": [
      {
        "hf_subset": "default",
        "languages": [
          "eng-Latn"
        ],
        "main_score": 0.4808906463683078,
        "map": 0.4808906463683078,
        "mrr": 0.6070098491843644,
        "nAUC_map_diff1": 0.08339520925842113,
        "nAUC_map_max": 0.1280009943696699,
        "nAUC_map_std": -0.008912368388878707,
        "nAUC_mrr_diff1": 0.12598311380980612,
        "nAUC_mrr_max": 0.1876755417274568,
        "nAUC_mrr_std": -0.05514463922728452
      }
    ]
  },
  "task_name": "AskUbuntuDupQuestions"
}