{
  "dataset_revision": "59042f120c80e8afa9cdbb224f67076cec0fc9a7",
  "evaluation_time": 155.26668977737427,
  "kg_co2_emissions": null,
  "mteb_version": "1.14.19",
  "scores": {
    "test": [
      {
        "hf_subset": "default",
        "languages": [
          "eng-Latn"
        ],
        "main_score": 0.3106941443985801,
        "map": 0.3106941443985801,
        "mrr": 0.32146790266662545,
        "nAUC_map_diff1": 0.21466919524895875,
        "nAUC_map_max": -0.21671945102509677,
        "nAUC_map_std": -0.08504379367181276,
        "nAUC_mrr_diff1": 0.190845734285109,
        "nAUC_mrr_max": -0.15788268111830867,
        "nAUC_mrr_std": -0.07670166916362178
      }
    ]
  },
  "task_name": "MindSmallReranking"
}