{
  "dataset_revision": "d3c5e1fc0b855ab6097bf1cda04dd73947d7caab",
  "evaluation_time": 145.87343192100525,
  "kg_co2_emissions": null,
  "mteb_version": "1.14.19",
  "scores": {
    "test": [
      {
        "hf_subset": "default",
        "languages": [
          "eng-Latn"
        ],
        "main_score": 0.5943392766807667,
        "map": 0.5943392766807667,
        "mrr": 0.829935877484897,
        "nAUC_map_diff1": 0.0912217603315658,
        "nAUC_map_max": 0.387296731302794,
        "nAUC_map_std": 0.351688120113823,
        "nAUC_mrr_diff1": 0.30398601476305315,
        "nAUC_mrr_max": 0.5498953435709766,
        "nAUC_mrr_std": 0.31068771768529
      }
    ]
  },
  "task_name": "SciDocsRR"
}