{
  "dataset_revision": "20a6d6f312dd54037fe07a32d58e5e168867909d",
  "evaluation_time": 30.07749080657959,
  "kg_co2_emissions": null,
  "mteb_version": "1.14.19",
  "scores": {
    "test": [
      {
        "cosine_pearson": 0.4902966471032098,
        "cosine_spearman": 0.4458473537119352,
        "euclidean_pearson": 0.48187913666208665,
        "euclidean_spearman": 0.45156638999316207,
        "hf_subset": "default",
        "languages": [
          "eng-Latn"
        ],
        "main_score": 0.4458473537119352,
        "manhattan_pearson": 0.49265330657681744,
        "manhattan_spearman": 0.4586682277846647,
        "pearson": 0.4902966471032098,
        "spearman": 0.4458473537119352
      }
    ]
  },
  "task_name": "SICK-R"
}