{
  "dataset_revision": "e185fbe320c72810689fc5848eb6114e1ef5ec69",
  "evaluation_time": 89.75780606269836,
  "kg_co2_emissions": null,
  "mteb_version": "1.14.19",
  "scores": {
    "test": [
      {
        "hf_subset": "default",
        "languages": [
          "eng-Latn"
        ],
        "main_score": 0.3404477191856323,
        "map": 0.3404477191856323,
        "mrr": 0.33629904613360495,
        "nAUC_map_diff1": 0.23971419086226778,
        "nAUC_map_max": 0.19813543306733986,
        "nAUC_map_std": 0.04323348124836325,
        "nAUC_mrr_diff1": 0.23938024385382575,
        "nAUC_mrr_max": 0.2016520342728862,
        "nAUC_mrr_std": 0.0424363657713525
      }
    ]
  },
  "task_name": "StackOverflowDupQuestions"
}