{
  "dataset_revision": "ae752c7c21bf194d8b67fd573edf7ae58183cbe3",
  "evaluation_time": 25.255718231201172,
  "kg_co2_emissions": null,
  "mteb_version": "1.14.19",
  "scores": {
    "test": [
      {
        "cosine_pearson": 0.46961940928464907,
        "cosine_spearman": 0.5038354222096241,
        "euclidean_pearson": 0.5488096393840955,
        "euclidean_spearman": 0.5619298562983346,
        "hf_subset": "default",
        "languages": [
          "eng-Latn"
        ],
        "main_score": 0.5038354222096241,
        "manhattan_pearson": 0.5560054111330028,
        "manhattan_spearman": 0.5698078026867331,
        "pearson": 0.46961940928464907,
        "spearman": 0.5038354222096241
      }
    ]
  },
  "task_name": "STS15"
}