{
  "dataset_revision": "4d8694f8f0e0100860b497b999b3dbed754a0513",
  "evaluation_time": 9.298457860946655,
  "kg_co2_emissions": null,
  "mteb_version": "1.14.19",
  "scores": {
    "test": [
      {
        "cosine_pearson": 0.4691504163815224,
        "cosine_spearman": 0.5019441594833256,
        "euclidean_pearson": 0.5400527613401107,
        "euclidean_spearman": 0.5361619618319432,
        "hf_subset": "default",
        "languages": [
          "eng-Latn"
        ],
        "main_score": 0.5019441594833256,
        "manhattan_pearson": 0.5439947822978611,
        "manhattan_spearman": 0.5380353411417028,
        "pearson": 0.4691504163815224,
        "spearman": 0.5019441594833256
      }
    ]
  },
  "task_name": "STS16"
}