{
  "dataset_revision": "59042f120c80e8afa9cdbb224f67076cec0fc9a7",
  "evaluation_time": 132.2601273059845,
  "kg_co2_emissions": null,
  "mteb_version": "1.14.20",
  "scores": {
    "test": [
      {
        "hf_subset": "default",
        "languages": [
          "eng-Latn"
        ],
        "main_score": 0.24581616444178087,
        "map": 0.24581616444178087,
        "mrr": 0.24910081886843294,
        "nAUC_map_diff1": 0.20985641764461788,
        "nAUC_map_max": -0.20950010634951907,
        "nAUC_map_std": -0.20572503856016458,
        "nAUC_mrr_diff1": 0.18786680943367667,
        "nAUC_mrr_max": -0.13689354972702902,
        "nAUC_mrr_std": -0.1834061672243638
      }
    ]
  },
  "task_name": "MindSmallReranking"
}