{
  "dataset_revision": "20a6d6f312dd54037fe07a32d58e5e168867909d",
  "evaluation_time": 15.865383625030518,
  "kg_co2_emissions": null,
  "mteb_version": "1.14.20",
  "scores": {
    "test": [
      {
        "cosine_pearson": 0.24865516378105906,
        "cosine_spearman": 0.26879923723709254,
        "euclidean_pearson": 0.2780154212943537,
        "euclidean_spearman": 0.2678084649365812,
        "hf_subset": "default",
        "languages": [
          "eng-Latn"
        ],
        "main_score": 0.26879923723709254,
        "manhattan_pearson": 0.2785413169976118,
        "manhattan_spearman": 0.26819707848119007,
        "pearson": 0.24865516378105906,
        "spearman": 0.26879923723709254
      }
    ]
  },
  "task_name": "SICK-R"
}