{
  "dataset_revision": "4d8694f8f0e0100860b497b999b3dbed754a0513",
  "evaluation_time": 9.183384656906128,
  "kg_co2_emissions": null,
  "mteb_version": "1.14.20",
  "scores": {
    "test": [
      {
        "cosine_pearson": 0.22135183950072473,
        "cosine_spearman": 0.27501922966283016,
        "euclidean_pearson": 0.2572115288150806,
        "euclidean_spearman": 0.26722650854651653,
        "hf_subset": "default",
        "languages": [
          "eng-Latn"
        ],
        "main_score": 0.27501922966283016,
        "manhattan_pearson": 0.2567172151823933,
        "manhattan_spearman": 0.26721598059356133,
        "pearson": 0.22135183950072473,
        "spearman": 0.27501922966283016
      }
    ]
  },
  "task_name": "STS16"
}