{
  "dataset_revision": "7e90230a92c190f1bf69ae9002b8cea547a64cca",
  "evaluation_time": 9.079265594482422,
  "kg_co2_emissions": null,
  "mteb_version": "1.14.20",
  "scores": {
    "test": [
      {
        "cosine_pearson": 0.1551128241129993,
        "cosine_spearman": 0.19966359579552367,
        "euclidean_pearson": 0.1894402148641703,
        "euclidean_spearman": 0.1972266275591932,
        "hf_subset": "default",
        "languages": [
          "eng-Latn"
        ],
        "main_score": 0.19966359579552367,
        "manhattan_pearson": 0.19013479502553915,
        "manhattan_spearman": 0.19798838427161014,
        "pearson": 0.1551128241129993,
        "spearman": 0.19966359579552367
      }
    ]
  },
  "task_name": "STS13"
}