{
  "dataset_revision": "59042f120c80e8afa9cdbb224f67076cec0fc9a7",
  "evaluation_time": 123.0950574874878,
  "kg_co2_emissions": null,
  "mteb_version": "1.14.20",
  "scores": {
    "test": [
      {
        "hf_subset": "default",
        "languages": [
          "eng-Latn"
        ],
        "main_score": 0.24705446644938742,
        "map": 0.24705446644938742,
        "mrr": 0.25090368428142257,
        "nAUC_map_diff1": 0.1825853777953095,
        "nAUC_map_max": -0.20684414164796525,
        "nAUC_map_std": -0.13169294683211336,
        "nAUC_mrr_diff1": 0.163125113609998,
        "nAUC_mrr_max": -0.13407755441021416,
        "nAUC_mrr_std": -0.0988025022936387
      }
    ]
  },
  "task_name": "MindSmallReranking"
}