{
  "dataset_revision": "d3c5e1fc0b855ab6097bf1cda04dd73947d7caab",
  "evaluation_time": 78.7743124961853,
  "kg_co2_emissions": null,
  "mteb_version": "1.14.20",
  "scores": {
    "test": [
      {
        "hf_subset": "default",
        "languages": [
          "eng-Latn"
        ],
        "main_score": 0.31383832724438276,
        "map": 0.31383832724438276,
        "mrr": 0.4917516579281286,
        "nAUC_map_diff1": 0.19833407245805976,
        "nAUC_map_max": 0.3615569998361044,
        "nAUC_map_std": 0.17869623243034688,
        "nAUC_mrr_diff1": 0.3024194310170333,
        "nAUC_mrr_max": 0.3906047779450113,
        "nAUC_mrr_std": 0.16371310758890054
      }
    ]
  },
  "task_name": "SciDocsRR"
}