{
  "dataset_revision": "e185fbe320c72810689fc5848eb6114e1ef5ec69",
  "evaluation_time": 56.56312561035156,
  "kg_co2_emissions": null,
  "mteb_version": "1.14.20",
  "scores": {
    "test": [
      {
        "hf_subset": "default",
        "languages": [
          "eng-Latn"
        ],
        "main_score": 0.2483079082504292,
        "map": 0.2483079082504292,
        "mrr": 0.2338000541125541,
        "nAUC_map_diff1": 0.15785489208097922,
        "nAUC_map_max": 0.2240200348700431,
        "nAUC_map_std": 0.06957519845345869,
        "nAUC_mrr_diff1": 0.15156889642722127,
        "nAUC_mrr_max": 0.2240172587657716,
        "nAUC_mrr_std": 0.07260431768654144
      }
    ]
  },
  "task_name": "StackOverflowDupQuestions"
}