{
  "dataset_revision": "6031580fec1f6af667f0bd2da0a551cf4f0b2375",
  "evaluation_time": 12.958744287490845,
  "kg_co2_emissions": null,
  "mteb_version": "1.14.20",
  "scores": {
    "test": [
      {
        "cosine_pearson": 0.14242306453010634,
        "cosine_spearman": 0.17417913099546542,
        "euclidean_pearson": 0.15635339259219422,
        "euclidean_spearman": 0.1701908118158439,
        "hf_subset": "default",
        "languages": [
          "eng-Latn"
        ],
        "main_score": 0.17417913099546542,
        "manhattan_pearson": 0.15585984810542253,
        "manhattan_spearman": 0.16974866013979614,
        "pearson": 0.14242306453010634,
        "spearman": 0.17417913099546542
      }
    ]
  },
  "task_name": "STS14"
}