{
  "dataset_revision": "2000358ca161889fa9c082cb41daa8dcfb161a54",
  "evaluation_time": 5.8042151927948,
  "kg_co2_emissions": null,
  "mteb_version": "1.14.20",
  "scores": {
    "test": [
      {
        "hf_subset": "default",
        "languages": [
          "eng-Latn"
        ],
        "main_score": 0.4508869037217143,
        "map": 0.4508869037217143,
        "mrr": 0.5702183089302203,
        "nAUC_map_diff1": 0.168900711471239,
        "nAUC_map_max": 0.1912840219383228,
        "nAUC_map_std": 0.09491415802392165,
        "nAUC_mrr_diff1": 0.14855423555559308,
        "nAUC_mrr_max": 0.2100381921768715,
        "nAUC_mrr_std": 0.11783690349266225
      }
    ]
  },
  "task_name": "AskUbuntuDupQuestions"
}