{
  "dataset_revision": "20a6d6f312dd54037fe07a32d58e5e168867909d",
  "evaluation_time": 17.619739770889282,
  "kg_co2_emissions": null,
  "mteb_version": "1.14.20",
  "scores": {
    "test": [
      {
        "cosine_pearson": 0.26388712605862585,
        "cosine_spearman": 0.2832218315106162,
        "euclidean_pearson": 0.2868486283002207,
        "euclidean_spearman": 0.28081922426538597,
        "hf_subset": "default",
        "languages": [
          "eng-Latn"
        ],
        "main_score": 0.2832218315106162,
        "manhattan_pearson": 0.2877150142779799,
        "manhattan_spearman": 0.28140356584225723,
        "pearson": 0.26388712605862585,
        "spearman": 0.2832218315106162
      }
    ]
  },
  "task_name": "SICK-R"
}