{
  "dataset_revision": "7e90230a92c190f1bf69ae9002b8cea547a64cca",
  "evaluation_time": 8.515206813812256,
  "kg_co2_emissions": null,
  "mteb_version": "1.14.20",
  "scores": {
    "test": [
      {
        "cosine_pearson": 0.15077330535199326,
        "cosine_spearman": 0.18282655612339396,
        "euclidean_pearson": 0.18143697996987176,
        "euclidean_spearman": 0.18705792417152836,
        "hf_subset": "default",
        "languages": [
          "eng-Latn"
        ],
        "main_score": 0.18282655612339396,
        "manhattan_pearson": 0.18170335657727055,
        "manhattan_spearman": 0.18771547697960794,
        "pearson": 0.15077330535199326,
        "spearman": 0.18282655612339396
      }
    ]
  },
  "task_name": "STS13"
}