{
  "dataset_revision": "59042f120c80e8afa9cdbb224f67076cec0fc9a7",
  "evaluation_time": 112.77105832099915,
  "kg_co2_emissions": null,
  "mteb_version": "1.14.20",
  "scores": {
    "test": [
      {
        "hf_subset": "default",
        "languages": [
          "eng-Latn"
        ],
        "main_score": 0.25536899998265267,
        "map": 0.25536899998265267,
        "mrr": 0.2602982282314939,
        "nAUC_map_diff1": 0.07992718641846495,
        "nAUC_map_max": -0.20100849829000672,
        "nAUC_map_std": -0.086689483151675,
        "nAUC_mrr_diff1": 0.08851669756225046,
        "nAUC_mrr_max": -0.12948063488791434,
        "nAUC_mrr_std": -0.04087189456894454
      }
    ]
  },
  "task_name": "MindSmallReranking"
}