{
  "dataset_revision": "20a6d6f312dd54037fe07a32d58e5e168867909d",
  "evaluation_time": 9.64603304862976,
  "kg_co2_emissions": null,
  "mteb_version": "1.14.20",
  "scores": {
    "test": [
      {
        "cosine_pearson": 0.39028168041396105,
        "cosine_spearman": 0.3747254498860375,
        "euclidean_pearson": 0.38520127461679243,
        "euclidean_spearman": 0.36151511626816757,
        "hf_subset": "default",
        "languages": [
          "eng-Latn"
        ],
        "main_score": 0.3747254498860375,
        "manhattan_pearson": 0.38543625589962766,
        "manhattan_spearman": 0.3617661734238674,
        "pearson": 0.39028168041396105,
        "spearman": 0.3747254498860375
      }
    ]
  },
  "task_name": "SICK-R"
}