{
  "dataset_revision": "e185fbe320c72810689fc5848eb6114e1ef5ec69",
  "evaluation_time": 23.336906909942627,
  "kg_co2_emissions": null,
  "mteb_version": "1.14.20",
  "scores": {
    "test": [
      {
        "hf_subset": "default",
        "languages": [
          "eng-Latn"
        ],
        "main_score": 0.2879293292157291,
        "map": 0.2879293292157291,
        "mrr": 0.27882872846108137,
        "nAUC_map_diff1": 0.22970585512408068,
        "nAUC_map_max": 0.2051620998433135,
        "nAUC_map_std": 0.05064554566428816,
        "nAUC_mrr_diff1": 0.21826391998849126,
        "nAUC_mrr_max": 0.20279908304768443,
        "nAUC_mrr_std": 0.05013822666838911
      }
    ]
  },
  "task_name": "StackOverflowDupQuestions"
}