{
  "dataset_revision": "4d8694f8f0e0100860b497b999b3dbed754a0513",
  "evaluation_time": 3.00791335105896,
  "kg_co2_emissions": null,
  "mteb_version": "1.14.20",
  "scores": {
    "test": [
      {
        "cosine_pearson": 0.37221300130065726,
        "cosine_spearman": 0.38265367121252436,
        "euclidean_pearson": 0.35613565011494647,
        "euclidean_spearman": 0.3476900628260895,
        "hf_subset": "default",
        "languages": [
          "eng-Latn"
        ],
        "main_score": 0.38265367121252436,
        "manhattan_pearson": 0.3569435901607701,
        "manhattan_spearman": 0.3480807966737354,
        "pearson": 0.37221300130065726,
        "spearman": 0.38265367121252436
      }
    ]
  },
  "task_name": "STS16"
}