{
  "dataset_revision": "ae752c7c21bf194d8b67fd573edf7ae58183cbe3",
  "evaluation_time": 5.209874153137207,
  "kg_co2_emissions": null,
  "mteb_version": "1.14.20",
  "scores": {
    "test": [
      {
        "cosine_pearson": 0.4610926354288396,
        "cosine_spearman": 0.46046132121067773,
        "euclidean_pearson": 0.4094220976755892,
        "euclidean_spearman": 0.38312578979683676,
        "hf_subset": "default",
        "languages": [
          "eng-Latn"
        ],
        "main_score": 0.46046132121067773,
        "manhattan_pearson": 0.40977609484418154,
        "manhattan_spearman": 0.38351127956929304,
        "pearson": 0.4610926354288396,
        "spearman": 0.46046132121067773
      }
    ]
  },
  "task_name": "STS15"
}