{
  "dataset_revision": "6031580fec1f6af667f0bd2da0a551cf4f0b2375",
  "evaluation_time": 5.322315454483032,
  "kg_co2_emissions": null,
  "mteb_version": "1.14.20",
  "scores": {
    "test": [
      {
        "cosine_pearson": 0.268989090046295,
        "cosine_spearman": 0.2802595058050217,
        "euclidean_pearson": 0.28695734283533963,
        "euclidean_spearman": 0.27336541586869506,
        "hf_subset": "default",
        "languages": [
          "eng-Latn"
        ],
        "main_score": 0.2802595058050217,
        "manhattan_pearson": 0.28603147121767913,
        "manhattan_spearman": 0.27227243250553035,
        "pearson": 0.268989090046295,
        "spearman": 0.2802595058050217
      }
    ]
  },
  "task_name": "STS14"
}