{
  "dataset_revision": "2000358ca161889fa9c082cb41daa8dcfb161a54",
  "evaluation_time": 12.626272678375244,
  "kg_co2_emissions": null,
  "mteb_version": "1.14.19",
  "scores": {
    "test": [
      {
        "hf_subset": "default",
        "languages": [
          "eng-Latn"
        ],
        "main_score": 0.46752743170254735,
        "map": 0.46752743170254735,
        "mrr": 0.597885063536033,
        "nAUC_map_diff1": 0.07143286510859077,
        "nAUC_map_max": 0.13323684732728092,
        "nAUC_map_std": -0.05240602794362029,
        "nAUC_mrr_diff1": 0.135187949664415,
        "nAUC_mrr_max": 0.20212729108561023,
        "nAUC_mrr_std": -0.06397699419895246
      }
    ]
  },
  "task_name": "AskUbuntuDupQuestions"
}