{
  "dataset_revision": "d3c5e1fc0b855ab6097bf1cda04dd73947d7caab",
  "evaluation_time": 115.4521427154541,
  "kg_co2_emissions": null,
  "mteb_version": "1.14.19",
  "scores": {
    "test": [
      {
        "hf_subset": "default",
        "languages": [
          "eng-Latn"
        ],
        "main_score": 0.6165729041341537,
        "map": 0.6165729041341537,
        "mrr": 0.8307563623740094,
        "nAUC_map_diff1": 0.11062020840794869,
        "nAUC_map_max": 0.44340085375669047,
        "nAUC_map_std": 0.313152147873081,
        "nAUC_mrr_diff1": 0.33873888672851543,
        "nAUC_mrr_max": 0.528343441181259,
        "nAUC_mrr_std": 0.2619233438867325
      }
    ]
  },
  "task_name": "SciDocsRR"
}