{
  "dataset_revision": "d66bd1f72af766a5cc4b0ca5e00c162f89e8cc46",
  "evaluation_time": 38.20202660560608,
  "kg_co2_emissions": null,
  "mteb_version": "1.14.19",
  "scores": {
    "test": [
      {
        "cosine_accuracy": 0.9903960396039604,
        "cosine_accuracy_threshold": 0.9586490392684937,
        "cosine_ap": 0.14410229043689768,
        "cosine_f1": 0.22270981897970377,
        "cosine_f1_threshold": 0.9289679527282715,
        "cosine_precision": 0.24665856622114216,
        "cosine_recall": 0.203,
        "dot_accuracy": 0.9901089108910891,
        "dot_accuracy_threshold": 4773.67041015625,
        "dot_ap": 0.015744885614334347,
        "dot_f1": 0.0340632603406326,
        "dot_f1_threshold": 3853.205078125,
        "dot_precision": 0.043478260869565216,
        "dot_recall": 0.028,
        "euclidean_accuracy": 0.9906336633663366,
        "euclidean_accuracy_threshold": 18.46200180053711,
        "euclidean_ap": 0.187428205566877,
        "euclidean_f1": 0.2654566080544526,
        "euclidean_f1_threshold": 22.248729705810547,
        "euclidean_precision": 0.30668414154652685,
        "euclidean_recall": 0.234,
        "hf_subset": "default",
        "languages": [
          "eng-Latn"
        ],
        "main_score": 0.3431544566433967,
        "manhattan_accuracy": 0.9914158415841584,
        "manhattan_accuracy_threshold": 605.188720703125,
        "manhattan_ap": 0.3431544566433967,
        "manhattan_f1": 0.39272271016311167,
        "manhattan_f1_threshold": 642.6417236328125,
        "manhattan_precision": 0.5269360269360269,
        "manhattan_recall": 0.313,
        "max_accuracy": 0.9914158415841584,
        "max_ap": 0.3431544566433967,
        "max_f1": 0.39272271016311167,
        "max_precision": 0.5269360269360269,
        "max_recall": 0.313,
        "similarity_accuracy": 0.9903960396039604,
        "similarity_accuracy_threshold": 0.9586490392684937,
        "similarity_ap": 0.14410229043689768,
        "similarity_f1": 0.22270981897970377,
        "similarity_f1_threshold": 0.9289679527282715,
        "similarity_precision": 0.24665856622114216,
        "similarity_recall": 0.203
      }
    ],
    "validation": [
      {
        "cosine_accuracy": 0.9903267326732673,
        "cosine_accuracy_threshold": 0.9648191928863525,
        "cosine_ap": 0.10161021167748222,
        "cosine_f1": 0.16445623342175067,
        "cosine_f1_threshold": 0.9338685274124146,
        "cosine_precision": 0.2440944881889764,
        "cosine_recall": 0.124,
        "dot_accuracy": 0.9900891089108911,
        "dot_accuracy_threshold": 4813.3935546875,
        "dot_ap": 0.016912314096037863,
        "dot_f1": 0.04398722951401205,
        "dot_f1_threshold": 3742.553955078125,
        "dot_precision": 0.034084661902144035,
        "dot_recall": 0.062,
        "euclidean_accuracy": 0.9903663366336634,
        "euclidean_accuracy_threshold": 18.526535034179688,
        "euclidean_ap": 0.12087951097434457,
        "euclidean_f1": 0.1937799043062201,
        "euclidean_f1_threshold": 22.327064514160156,
        "euclidean_precision": 0.24107142857142858,
        "euclidean_recall": 0.162,
        "hf_subset": "default",
        "languages": [
          "eng-Latn"
        ],
        "main_score": 0.2525738326441592,
        "manhattan_accuracy": 0.9906930693069307,
        "manhattan_accuracy_threshold": 596.1985473632812,
        "manhattan_ap": 0.2525738326441592,
        "manhattan_f1": 0.3280590717299578,
        "manhattan_f1_threshold": 679.44384765625,
        "manhattan_precision": 0.3470982142857143,
        "manhattan_recall": 0.311,
        "max_accuracy": 0.9906930693069307,
        "max_ap": 0.2525738326441592,
        "max_f1": 0.3280590717299578,
        "max_precision": 0.3470982142857143,
        "max_recall": 0.311,
        "similarity_accuracy": 0.9903267326732673,
        "similarity_accuracy_threshold": 0.9648191928863525,
        "similarity_ap": 0.10161021167748222,
        "similarity_f1": 0.16445623342175067,
        "similarity_f1_threshold": 0.9338685274124146,
        "similarity_precision": 0.2440944881889764,
        "similarity_recall": 0.124
      }
    ]
  },
  "task_name": "SprintDuplicateQuestions"
}