{
  "dataset_revision": "a0d554a64d88156834ff5ae9920b964011b16384",
  "evaluation_time": 13.015058517456055,
  "kg_co2_emissions": null,
  "mteb_version": "1.14.19",
  "scores": {
    "test": [
      {
        "cosine_pearson": 0.4412898216594178,
        "cosine_spearman": 0.46583842818462357,
        "euclidean_pearson": 0.3942918714265087,
        "euclidean_spearman": 0.40495038658405846,
        "hf_subset": "default",
        "languages": [
          "eng-Latn"
        ],
        "main_score": 0.46583842818462357,
        "manhattan_pearson": 0.4428312572332049,
        "manhattan_spearman": 0.43591296283091796,
        "pearson": 0.4412898216594178,
        "spearman": 0.46583842818462357
      }
    ]
  },
  "task_name": "STS12"
}