{
  "dataset_revision": "d3c5e1fc0b855ab6097bf1cda04dd73947d7caab",
  "evaluation_time": 100.02884817123413,
  "kg_co2_emissions": null,
  "mteb_version": "1.14.20",
  "scores": {
    "test": [
      {
        "hf_subset": "default",
        "languages": [
          "eng-Latn"
        ],
        "main_score": 0.30802771246024513,
        "map": 0.30802771246024513,
        "mrr": 0.480459591243905,
        "nAUC_map_diff1": 0.17974015048772915,
        "nAUC_map_max": 0.3456195457923746,
        "nAUC_map_std": 0.1153000740358695,
        "nAUC_mrr_diff1": 0.27592859460459085,
        "nAUC_mrr_max": 0.37369427116563353,
        "nAUC_mrr_std": 0.0988271977715842
      }
    ]
  },
  "task_name": "SciDocsRR"
}