{
  "dataset_revision": "20a6d6f312dd54037fe07a32d58e5e168867909d",
  "evaluation_time": 17.0892391204834,
  "kg_co2_emissions": null,
  "mteb_version": "1.14.20",
  "scores": {
    "test": [
      {
        "cosine_pearson": 0.25380246653883953,
        "cosine_spearman": 0.27106014319008603,
        "euclidean_pearson": 0.2809470731874606,
        "euclidean_spearman": 0.2706449818313269,
        "hf_subset": "default",
        "languages": [
          "eng-Latn"
        ],
        "main_score": 0.27106014319008603,
        "manhattan_pearson": 0.28132132819842615,
        "manhattan_spearman": 0.2707612011621703,
        "pearson": 0.25380246653883953,
        "spearman": 0.27106014319008603
      }
    ]
  },
  "task_name": "SICK-R"
}