{
  "dataset_revision": "a0d554a64d88156834ff5ae9920b964011b16384",
  "evaluation_time": 11.396679878234863,
  "kg_co2_emissions": null,
  "mteb_version": "1.14.20",
  "scores": {
    "test": [
      {
        "cosine_pearson": 0.07391915780285893,
        "cosine_spearman": 0.16757220629444208,
        "euclidean_pearson": 0.13578116529816425,
        "euclidean_spearman": 0.17516168619792305,
        "hf_subset": "default",
        "languages": [
          "eng-Latn"
        ],
        "main_score": 0.16757220629444208,
        "manhattan_pearson": 0.13592083047165665,
        "manhattan_spearman": 0.17542762866213552,
        "pearson": 0.07391915780285893,
        "spearman": 0.16757220629444208
      }
    ]
  },
  "task_name": "STS12"
}