{
  "dataset_revision": "2000358ca161889fa9c082cb41daa8dcfb161a54",
  "evaluation_time": 7.131678104400635,
  "kg_co2_emissions": null,
  "mteb_version": "1.14.20",
  "scores": {
    "test": [
      {
        "hf_subset": "default",
        "languages": [
          "eng-Latn"
        ],
        "main_score": 0.42316793065168307,
        "map": 0.42316793065168307,
        "mrr": 0.5301202567823067,
        "nAUC_map_diff1": 0.1377242059752429,
        "nAUC_map_max": 0.18362810305256685,
        "nAUC_map_std": 0.11631616951772876,
        "nAUC_mrr_diff1": 0.1822095701936089,
        "nAUC_mrr_max": 0.23196148655450027,
        "nAUC_mrr_std": 0.12163990552071012
      }
    ]
  },
  "task_name": "AskUbuntuDupQuestions"
}