{
  "dataset_revision": "59042f120c80e8afa9cdbb224f67076cec0fc9a7",
  "evaluation_time": 128.7147090435028,
  "kg_co2_emissions": null,
  "mteb_version": "1.14.20",
  "scores": {
    "test": [
      {
        "hf_subset": "default",
        "languages": [
          "eng-Latn"
        ],
        "main_score": 0.25281712514750987,
        "map": 0.25281712514750987,
        "mrr": 0.2550158152860513,
        "nAUC_map_diff1": 0.20953887427423556,
        "nAUC_map_max": -0.24258397515958693,
        "nAUC_map_std": -0.15198530584401185,
        "nAUC_mrr_diff1": 0.1920188826290109,
        "nAUC_mrr_max": -0.17493127494421792,
        "nAUC_mrr_std": -0.12351820348435688
      }
    ]
  },
  "task_name": "MindSmallReranking"
}