{
  "dataset_revision": "d3c5e1fc0b855ab6097bf1cda04dd73947d7caab",
  "evaluation_time": 76.91123056411743,
  "kg_co2_emissions": null,
  "mteb_version": "1.14.20",
  "scores": {
    "test": [
      {
        "hf_subset": "default",
        "languages": [
          "eng-Latn"
        ],
        "main_score": 0.3353866677774934,
        "map": 0.3353866677774934,
        "mrr": 0.5240975164994772,
        "nAUC_map_diff1": 0.20513724156530036,
        "nAUC_map_max": 0.33505741935780325,
        "nAUC_map_std": 0.19957918045228443,
        "nAUC_mrr_diff1": 0.29350912546339525,
        "nAUC_mrr_max": 0.34980452712901133,
        "nAUC_mrr_std": 0.16789235987399742
      }
    ]
  },
  "task_name": "SciDocsRR"
}