{
  "dataset_revision": "20a6d6f312dd54037fe07a32d58e5e168867909d",
  "evaluation_time": 14.83738398551941,
  "kg_co2_emissions": null,
  "mteb_version": "1.14.20",
  "scores": {
    "test": [
      {
        "cosine_pearson": 0.29787652726029434,
        "cosine_spearman": 0.3069191176018397,
        "euclidean_pearson": 0.3087072355549473,
        "euclidean_spearman": 0.30046546503882726,
        "hf_subset": "default",
        "languages": [
          "eng-Latn"
        ],
        "main_score": 0.3069191176018397,
        "manhattan_pearson": 0.3067777937968752,
        "manhattan_spearman": 0.29865121061639904,
        "pearson": 0.29787652726029434,
        "spearman": 0.3069191176018397
      }
    ]
  },
  "task_name": "SICK-R"
}