{
  "dataset_revision": "e185fbe320c72810689fc5848eb6114e1ef5ec69",
  "evaluation_time": 52.553322553634644,
  "kg_co2_emissions": null,
  "mteb_version": "1.14.20",
  "scores": {
    "test": [
      {
        "hf_subset": "default",
        "languages": [
          "eng-Latn"
        ],
        "main_score": 0.2509165426227914,
        "map": 0.2509165426227914,
        "mrr": 0.2363255718954248,
        "nAUC_map_diff1": 0.1854832144637877,
        "nAUC_map_max": 0.21779461503894132,
        "nAUC_map_std": 0.07809152546077569,
        "nAUC_mrr_diff1": 0.1785676544206249,
        "nAUC_mrr_max": 0.21423013731453153,
        "nAUC_mrr_std": 0.0819028491884897
      }
    ]
  },
  "task_name": "StackOverflowDupQuestions"
}