{
  "dataset_revision": "6031580fec1f6af667f0bd2da0a551cf4f0b2375",
  "evaluation_time": 12.712632894515991,
  "kg_co2_emissions": null,
  "mteb_version": "1.14.20",
  "scores": {
    "test": [
      {
        "cosine_pearson": 0.12687071145904646,
        "cosine_spearman": 0.14632060882486406,
        "euclidean_pearson": 0.15310855609089136,
        "euclidean_spearman": 0.15885618068517085,
        "hf_subset": "default",
        "languages": [
          "eng-Latn"
        ],
        "main_score": 0.14632060882486406,
        "manhattan_pearson": 0.15363301396624077,
        "manhattan_spearman": 0.15924772939914641,
        "pearson": 0.12687071145904646,
        "spearman": 0.14632060882486406
      }
    ]
  },
  "task_name": "STS14"
}