{
  "dataset_revision": "20a6d6f312dd54037fe07a32d58e5e168867909d",
  "evaluation_time": 14.841999769210815,
  "kg_co2_emissions": null,
  "mteb_version": "1.14.20",
  "scores": {
    "test": [
      {
        "cosine_pearson": 0.3026489938026218,
        "cosine_spearman": 0.3121938056212142,
        "euclidean_pearson": 0.3231979749282216,
        "euclidean_spearman": 0.3121834452855279,
        "hf_subset": "default",
        "languages": [
          "eng-Latn"
        ],
        "main_score": 0.3121938056212142,
        "manhattan_pearson": 0.3226396245408277,
        "manhattan_spearman": 0.3116291596423209,
        "pearson": 0.3026489938026218,
        "spearman": 0.3121938056212142
      }
    ]
  },
  "task_name": "SICK-R"
}