{
  "dataset_revision": "7e90230a92c190f1bf69ae9002b8cea547a64cca",
  "evaluation_time": 7.051386594772339,
  "kg_co2_emissions": null,
  "mteb_version": "1.14.20",
  "scores": {
    "test": [
      {
        "cosine_pearson": 0.21550345210566443,
        "cosine_spearman": 0.20381656471192935,
        "euclidean_pearson": 0.23019905555981846,
        "euclidean_spearman": 0.22350281195935137,
        "hf_subset": "default",
        "languages": [
          "eng-Latn"
        ],
        "main_score": 0.20381656471192935,
        "manhattan_pearson": 0.22970595684007342,
        "manhattan_spearman": 0.22283398621748388,
        "pearson": 0.21550345210566443,
        "spearman": 0.20381656471192935
      }
    ]
  },
  "task_name": "STS13"
}