{
  "dataset_revision": "a0d554a64d88156834ff5ae9920b964011b16384",
  "evaluation_time": 9.487952470779419,
  "kg_co2_emissions": null,
  "mteb_version": "1.14.20",
  "scores": {
    "test": [
      {
        "cosine_pearson": 0.0632814767546324,
        "cosine_spearman": 0.14334647901922265,
        "euclidean_pearson": 0.12589876816464132,
        "euclidean_spearman": 0.1683198888839186,
        "hf_subset": "default",
        "languages": [
          "eng-Latn"
        ],
        "main_score": 0.14334647901922265,
        "manhattan_pearson": 0.12583016769915664,
        "manhattan_spearman": 0.16840487594678055,
        "pearson": 0.0632814767546324,
        "spearman": 0.14334647901922265
      }
    ]
  },
  "task_name": "STS12"
}