{
  "dataset_revision": "2000358ca161889fa9c082cb41daa8dcfb161a54",
  "evaluation_time": 11.673959732055664,
  "kg_co2_emissions": null,
  "mteb_version": "1.14.19",
  "scores": {
    "test": [
      {
        "hf_subset": "default",
        "languages": [
          "eng-Latn"
        ],
        "main_score": 0.4690171160943577,
        "map": 0.4690171160943577,
        "mrr": 0.598764454997142,
        "nAUC_map_diff1": 0.14673868002967455,
        "nAUC_map_max": 0.13024826297218878,
        "nAUC_map_std": -0.03844815860932955,
        "nAUC_mrr_diff1": 0.23301873273387785,
        "nAUC_mrr_max": 0.19844895020432785,
        "nAUC_mrr_std": -0.018293879289115602
      }
    ]
  },
  "task_name": "AskUbuntuDupQuestions"
}