{
  "dataset_revision": "59042f120c80e8afa9cdbb224f67076cec0fc9a7",
  "evaluation_time": 215.59107041358948,
  "kg_co2_emissions": null,
  "mteb_version": "1.14.19",
  "scores": {
    "test": [
      {
        "hf_subset": "default",
        "languages": [
          "eng-Latn"
        ],
        "main_score": 0.28927009185353664,
        "map": 0.28927009185353664,
        "mrr": 0.29848003308948085,
        "nAUC_map_diff1": 0.22139779061244022,
        "nAUC_map_max": -0.1967590274981943,
        "nAUC_map_std": 0.1156814220724255,
        "nAUC_mrr_diff1": 0.1931985439909941,
        "nAUC_mrr_max": -0.13980684943224472,
        "nAUC_mrr_std": 0.09767750735038677
      }
    ]
  },
  "task_name": "MindSmallReranking"
}