{
  "dataset_revision": "d3c5e1fc0b855ab6097bf1cda04dd73947d7caab",
  "evaluation_time": 99.65746593475342,
  "kg_co2_emissions": null,
  "mteb_version": "1.14.19",
  "scores": {
    "test": [
      {
        "hf_subset": "default",
        "languages": [
          "eng-Latn"
        ],
        "main_score": 0.6304399689136653,
        "map": 0.6304399689136653,
        "mrr": 0.8501620021227864,
        "nAUC_map_diff1": 0.11650761559508602,
        "nAUC_map_max": 0.43263525621862914,
        "nAUC_map_std": 0.28446915161189895,
        "nAUC_mrr_diff1": 0.35852247437252044,
        "nAUC_mrr_max": 0.5487904813948584,
        "nAUC_mrr_std": 0.24493975765560605
      }
    ]
  },
  "task_name": "SciDocsRR"
}