{
  "dataset_revision": "20a6d6f312dd54037fe07a32d58e5e168867909d",
  "evaluation_time": 22.0499267578125,
  "kg_co2_emissions": null,
  "mteb_version": "1.14.19",
  "scores": {
    "test": [
      {
        "cosine_pearson": 0.5680736492105508,
        "cosine_spearman": 0.5278465432033741,
        "euclidean_pearson": 0.5437809511278485,
        "euclidean_spearman": 0.5299441838345638,
        "hf_subset": "default",
        "languages": [
          "eng-Latn"
        ],
        "main_score": 0.5278465432033741,
        "manhattan_pearson": 0.5383869968874762,
        "manhattan_spearman": 0.5275976268015568,
        "pearson": 0.5680736492105508,
        "spearman": 0.5278465432033741
      }
    ]
  },
  "task_name": "SICK-R"
}