{
  "dataset_revision": "7e90230a92c190f1bf69ae9002b8cea547a64cca",
  "evaluation_time": 7.218469142913818,
  "kg_co2_emissions": null,
  "mteb_version": "1.14.19",
  "scores": {
    "test": [
      {
        "cosine_pearson": 0.5164851640345709,
        "cosine_spearman": 0.5265954775015015,
        "euclidean_pearson": 0.5403521009721984,
        "euclidean_spearman": 0.5418946481161617,
        "hf_subset": "default",
        "languages": [
          "eng-Latn"
        ],
        "main_score": 0.5265954775015015,
        "manhattan_pearson": 0.5337416805078977,
        "manhattan_spearman": 0.5340149012083014,
        "pearson": 0.5164851640345709,
        "spearman": 0.5265954775015015
      }
    ]
  },
  "task_name": "STS13"
}