{
  "dataset_revision": "ae752c7c21bf194d8b67fd573edf7ae58183cbe3",
  "evaluation_time": 12.530641794204712,
  "kg_co2_emissions": null,
  "mteb_version": "1.14.19",
  "scores": {
    "test": [
      {
        "cosine_pearson": 0.5480362496837041,
        "cosine_spearman": 0.5830002609557389,
        "euclidean_pearson": 0.5841498812779617,
        "euclidean_spearman": 0.6047686211784464,
        "hf_subset": "default",
        "languages": [
          "eng-Latn"
        ],
        "main_score": 0.5830002609557389,
        "manhattan_pearson": 0.6078276211451322,
        "manhattan_spearman": 0.6300635587214218,
        "pearson": 0.5480362496837041,
        "spearman": 0.5830002609557389
      }
    ]
  },
  "task_name": "STS15"
}