{
  "dataset_revision": "b0fddb56ed78048fa8b90373c8a3cfc37b684831",
  "evaluation_time": 5.955309867858887,
  "kg_co2_emissions": null,
  "mteb_version": "1.14.19",
  "scores": {
    "test": [
      {
        "cosine_pearson": 0.4890839305414302,
        "cosine_spearman": 0.4897472013040276,
        "euclidean_pearson": 0.4848590754048482,
        "euclidean_spearman": 0.4828299312852508,
        "hf_subset": "default",
        "languages": [
          "eng-Latn"
        ],
        "main_score": 0.4897472013040276,
        "manhattan_pearson": 0.49468577491483795,
        "manhattan_spearman": 0.4882263392112933,
        "pearson": 0.4890839305414302,
        "spearman": 0.4897472013040276
      }
    ]
  },
  "task_name": "STSBenchmark"
}