{
  "dataset_revision": "70970daeab8776df92f5ea462b6173c0b46fd2d1",
  "evaluation_time": 15.762157201766968,
  "kg_co2_emissions": null,
  "mteb_version": "1.14.19",
  "scores": {
    "test": [
      {
        "cosine_accuracy": 0.8003218692257257,
        "cosine_accuracy_threshold": 0.9065496921539307,
        "cosine_ap": 0.5041666489577857,
        "cosine_f1": 0.49746912330431253,
        "cosine_f1_threshold": 0.8475029468536377,
        "cosine_precision": 0.403580814717477,
        "cosine_recall": 0.6482849604221635,
        "dot_accuracy": 0.7742146986946414,
        "dot_accuracy_threshold": 4414.509765625,
        "dot_ap": 0.28525395283554633,
        "dot_f1": 0.37694073174024567,
        "dot_f1_threshold": 2473.6533203125,
        "dot_precision": 0.2532656023222061,
        "dot_recall": 0.7366754617414248,
        "euclidean_accuracy": 0.8050903021994397,
        "euclidean_accuracy_threshold": 26.189895629882812,
        "euclidean_ap": 0.5227980957822504,
        "euclidean_f1": 0.5149143699671089,
        "euclidean_f1_threshold": 30.8767032623291,
        "euclidean_precision": 0.45156156753530935,
        "euclidean_recall": 0.5989445910290238,
        "hf_subset": "default",
        "languages": [
          "eng-Latn"
        ],
        "main_score": 0.5504072801641327,
        "manhattan_accuracy": 0.8099183405853252,
        "manhattan_accuracy_threshold": 773.921875,
        "manhattan_ap": 0.5504072801641327,
        "manhattan_f1": 0.5479156684235745,
        "manhattan_f1_threshold": 865.1531982421875,
        "manhattan_precision": 0.5017551557700746,
        "manhattan_recall": 0.6034300791556728,
        "max_accuracy": 0.8099183405853252,
        "max_ap": 0.5504072801641327,
        "max_f1": 0.5479156684235745,
        "max_precision": 0.5017551557700746,
        "max_recall": 0.7366754617414248,
        "similarity_accuracy": 0.8003218692257257,
        "similarity_accuracy_threshold": 0.9065496921539307,
        "similarity_ap": 0.5041666489577857,
        "similarity_f1": 0.49746912330431253,
        "similarity_f1_threshold": 0.8475029468536377,
        "similarity_precision": 0.403580814717477,
        "similarity_recall": 0.6482849604221635
      }
    ]
  },
  "task_name": "TwitterSemEval2015"
}