{
  "dataset_revision": "59042f120c80e8afa9cdbb224f67076cec0fc9a7",
  "evaluation_time": 120.50844240188599,
  "kg_co2_emissions": null,
  "mteb_version": "1.14.20",
  "scores": {
    "test": [
      {
        "hf_subset": "default",
        "languages": [
          "eng-Latn"
        ],
        "main_score": 0.2580477014765882,
        "map": 0.2580477014765882,
        "mrr": 0.2615125906951163,
        "nAUC_map_diff1": 0.14868674976400412,
        "nAUC_map_max": -0.21300944102304123,
        "nAUC_map_std": -0.170454246595306,
        "nAUC_mrr_diff1": 0.14573993699727247,
        "nAUC_mrr_max": -0.1483119201550585,
        "nAUC_mrr_std": -0.1447200217768869
      }
    ]
  },
  "task_name": "MindSmallReranking"
}