{
  "dataset_revision": "20a6d6f312dd54037fe07a32d58e5e168867909d",
  "evaluation_time": 13.284733057022095,
  "kg_co2_emissions": null,
  "mteb_version": "1.14.20",
  "scores": {
    "test": [
      {
        "cosine_pearson": 0.3066061429551834,
        "cosine_spearman": 0.31757907380268,
        "euclidean_pearson": 0.3256931497001869,
        "euclidean_spearman": 0.3167262328581471,
        "hf_subset": "default",
        "languages": [
          "eng-Latn"
        ],
        "main_score": 0.31757907380268,
        "manhattan_pearson": 0.326277961242927,
        "manhattan_spearman": 0.3171757788559429,
        "pearson": 0.3066061429551834,
        "spearman": 0.31757907380268
      }
    ]
  },
  "task_name": "SICK-R"
}