{
  "dataset_revision": "e185fbe320c72810689fc5848eb6114e1ef5ec69",
  "evaluation_time": 38.51970934867859,
  "kg_co2_emissions": null,
  "mteb_version": "1.14.20",
  "scores": {
    "test": [
      {
        "hf_subset": "default",
        "languages": [
          "eng-Latn"
        ],
        "main_score": 0.2604459611320283,
        "map": 0.2604459611320283,
        "mrr": 0.24761533401239286,
        "nAUC_map_diff1": 0.21216166181418947,
        "nAUC_map_max": 0.21538421820459955,
        "nAUC_map_std": 0.10407866865022912,
        "nAUC_mrr_diff1": 0.20171182827724204,
        "nAUC_mrr_max": 0.21641078865411287,
        "nAUC_mrr_std": 0.11193624339868735
      }
    ]
  },
  "task_name": "StackOverflowDupQuestions"
}