{
  "dataset_revision": "a0d554a64d88156834ff5ae9920b964011b16384",
  "evaluation_time": 8.000465154647827,
  "kg_co2_emissions": null,
  "mteb_version": "1.14.20",
  "scores": {
    "test": [
      {
        "cosine_pearson": 0.06664321351780987,
        "cosine_spearman": 0.14877808136167517,
        "euclidean_pearson": 0.12318791520555274,
        "euclidean_spearman": 0.16392177438354782,
        "hf_subset": "default",
        "languages": [
          "eng-Latn"
        ],
        "main_score": 0.14877808136167517,
        "manhattan_pearson": 0.12276920815786553,
        "manhattan_spearman": 0.1636336765089808,
        "pearson": 0.06664321351780987,
        "spearman": 0.14877808136167517
      }
    ]
  },
  "task_name": "STS12"
}