{
  "dataset_revision": "6031580fec1f6af667f0bd2da0a551cf4f0b2375",
  "evaluation_time": 8.773655652999878,
  "kg_co2_emissions": null,
  "mteb_version": "1.14.20",
  "scores": {
    "test": [
      {
        "cosine_pearson": 0.17030300887080907,
        "cosine_spearman": 0.167330626127124,
        "euclidean_pearson": 0.19111936947747893,
        "euclidean_spearman": 0.18670320156961218,
        "hf_subset": "default",
        "languages": [
          "eng-Latn"
        ],
        "main_score": 0.167330626127124,
        "manhattan_pearson": 0.19076915965045488,
        "manhattan_spearman": 0.18638959626554416,
        "pearson": 0.17030300887080907,
        "spearman": 0.167330626127124
      }
    ]
  },
  "task_name": "STS14"
}