{
  "dataset_revision": "4d8694f8f0e0100860b497b999b3dbed754a0513",
  "evaluation_time": 5.556980609893799,
  "kg_co2_emissions": null,
  "mteb_version": "1.14.20",
  "scores": {
    "test": [
      {
        "cosine_pearson": 0.3038066964608246,
        "cosine_spearman": 0.32020641753438384,
        "euclidean_pearson": 0.31557136874407443,
        "euclidean_spearman": 0.3079757669909216,
        "hf_subset": "default",
        "languages": [
          "eng-Latn"
        ],
        "main_score": 0.32020641753438384,
        "manhattan_pearson": 0.31607654746157215,
        "manhattan_spearman": 0.30832595548873354,
        "pearson": 0.3038066964608246,
        "spearman": 0.32020641753438384
      }
    ]
  },
  "task_name": "STS16"
}