{
  "dataset_revision": "ae752c7c21bf194d8b67fd573edf7ae58183cbe3",
  "evaluation_time": 8.348621368408203,
  "kg_co2_emissions": null,
  "mteb_version": "1.14.20",
  "scores": {
    "test": [
      {
        "cosine_pearson": 0.31972723599896674,
        "cosine_spearman": 0.3326294681172992,
        "euclidean_pearson": 0.34050146348494287,
        "euclidean_spearman": 0.3294343966833449,
        "hf_subset": "default",
        "languages": [
          "eng-Latn"
        ],
        "main_score": 0.3326294681172992,
        "manhattan_pearson": 0.34098600430514897,
        "manhattan_spearman": 0.3295188213669291,
        "pearson": 0.31972723599896674,
        "spearman": 0.3326294681172992
      }
    ]
  },
  "task_name": "STS15"
}