{
  "dataset_revision": "59042f120c80e8afa9cdbb224f67076cec0fc9a7",
  "evaluation_time": 121.56509327888489,
  "kg_co2_emissions": null,
  "mteb_version": "1.14.20",
  "scores": {
    "test": [
      {
        "hf_subset": "default",
        "languages": [
          "eng-Latn"
        ],
        "main_score": 0.2563666412336725,
        "map": 0.2563666412336725,
        "mrr": 0.25941096226662497,
        "nAUC_map_diff1": 0.1959146959453293,
        "nAUC_map_max": -0.21629994996844495,
        "nAUC_map_std": -0.17064529912648568,
        "nAUC_mrr_diff1": 0.18472667005292692,
        "nAUC_mrr_max": -0.15060600482739764,
        "nAUC_mrr_std": -0.14581243644404135
      }
    ]
  },
  "task_name": "MindSmallReranking"
}