{
  "dataset_revision": "d3c5e1fc0b855ab6097bf1cda04dd73947d7caab",
  "evaluation_time": 77.00936841964722,
  "kg_co2_emissions": null,
  "mteb_version": "1.14.20",
  "scores": {
    "test": [
      {
        "hf_subset": "default",
        "languages": [
          "eng-Latn"
        ],
        "main_score": 0.3599570963322071,
        "map": 0.3599570963322071,
        "mrr": 0.5550108932461872,
        "nAUC_map_diff1": 0.17650875041563552,
        "nAUC_map_max": 0.3166995437481756,
        "nAUC_map_std": 0.20003488018407434,
        "nAUC_mrr_diff1": 0.23728819558537445,
        "nAUC_mrr_max": 0.3294604879001747,
        "nAUC_mrr_std": 0.17881259570294222
      }
    ]
  },
  "task_name": "SciDocsRR"
}