{
  "dataset_revision": "e185fbe320c72810689fc5848eb6114e1ef5ec69",
  "evaluation_time": 53.2369122505188,
  "kg_co2_emissions": null,
  "mteb_version": "1.14.20",
  "scores": {
    "test": [
      {
        "hf_subset": "default",
        "languages": [
          "eng-Latn"
        ],
        "main_score": 0.2594540032347193,
        "map": 0.2594540032347193,
        "mrr": 0.24716678338001868,
        "nAUC_map_diff1": 0.19487699081686288,
        "nAUC_map_max": 0.20257458831465142,
        "nAUC_map_std": 0.1013186888937991,
        "nAUC_mrr_diff1": 0.17811028227416956,
        "nAUC_mrr_max": 0.2031294129184173,
        "nAUC_mrr_std": 0.10799723394906023
      }
    ]
  },
  "task_name": "StackOverflowDupQuestions"
}