{
  "dataset_revision": "6031580fec1f6af667f0bd2da0a551cf4f0b2375",
  "evaluation_time": 12.9245126247406,
  "kg_co2_emissions": null,
  "mteb_version": "1.14.20",
  "scores": {
    "test": [
      {
        "cosine_pearson": 0.16503267382066972,
        "cosine_spearman": 0.16284695970094662,
        "euclidean_pearson": 0.18927016342833736,
        "euclidean_spearman": 0.18388914992035146,
        "hf_subset": "default",
        "languages": [
          "eng-Latn"
        ],
        "main_score": 0.16284695970094662,
        "manhattan_pearson": 0.18944929906892793,
        "manhattan_spearman": 0.18385539095857237,
        "pearson": 0.16503267382066972,
        "spearman": 0.16284695970094662
      }
    ]
  },
  "task_name": "STS14"
}