{
  "dataset_revision": "59042f120c80e8afa9cdbb224f67076cec0fc9a7",
  "evaluation_time": 124.45222330093384,
  "kg_co2_emissions": null,
  "mteb_version": "1.14.20",
  "scores": {
    "test": [
      {
        "hf_subset": "default",
        "languages": [
          "eng-Latn"
        ],
        "main_score": 0.25573417267839205,
        "map": 0.25573417267839205,
        "mrr": 0.2586099218320313,
        "nAUC_map_diff1": 0.19935739615552153,
        "nAUC_map_max": -0.2112291155908197,
        "nAUC_map_std": -0.16881543175336153,
        "nAUC_mrr_diff1": 0.18851088247457456,
        "nAUC_mrr_max": -0.14603448077099834,
        "nAUC_mrr_std": -0.14524666711480452
      }
    ]
  },
  "task_name": "MindSmallReranking"
}