{
  "dataset_revision": "d66bd1f72af766a5cc4b0ca5e00c162f89e8cc46",
  "evaluation_time": 13.372613191604614,
  "kg_co2_emissions": null,
  "mteb_version": "1.14.20",
  "scores": {
    "test": [
      {
        "cosine_accuracy": 0.9901287128712871,
        "cosine_accuracy_threshold": 0.9367938041687012,
        "cosine_ap": 0.04417813148550401,
        "cosine_f1": 0.09652836579170194,
        "cosine_f1_threshold": 0.7582452297210693,
        "cosine_precision": 0.08370044052863436,
        "cosine_recall": 0.114,
        "dot_accuracy": 0.9901089108910891,
        "dot_accuracy_threshold": 534.423828125,
        "dot_ap": 0.043902744517509855,
        "dot_f1": 0.09418282548476453,
        "dot_f1_threshold": 331.7127380371094,
        "dot_precision": 0.08747855917667238,
        "dot_recall": 0.102,
        "euclidean_accuracy": 0.9901188118811881,
        "euclidean_accuracy_threshold": 4.859999656677246,
        "euclidean_ap": 0.034431451254621874,
        "euclidean_f1": 0.07803934214769429,
        "euclidean_f1_threshold": 14.203033447265625,
        "euclidean_precision": 0.05759162303664921,
        "euclidean_recall": 0.121,
        "hf_subset": "default",
        "languages": [
          "eng-Latn"
        ],
        "main_score": 0.04417813148550401,
        "manhattan_accuracy": 0.9901188118811881,
        "manhattan_accuracy_threshold": 124.76647186279297,
        "manhattan_ap": 0.034257409877472646,
        "manhattan_f1": 0.07775965198477433,
        "manhattan_f1_threshold": 372.4431457519531,
        "manhattan_precision": 0.05339805825242718,
        "manhattan_recall": 0.143,
        "max_accuracy": 0.9901287128712871,
        "max_ap": 0.04417813148550401,
        "max_f1": 0.09652836579170194,
        "max_precision": 0.08747855917667238,
        "max_recall": 0.143,
        "similarity_accuracy": 0.9901287128712871,
        "similarity_accuracy_threshold": 0.9367938041687012,
        "similarity_ap": 0.04417813148550401,
        "similarity_f1": 0.09652836579170194,
        "similarity_f1_threshold": 0.7582452297210693,
        "similarity_precision": 0.08370044052863436,
        "similarity_recall": 0.114
      }
    ]
  },
  "task_name": "SprintDuplicateQuestions"
}