{
  "dataset_revision": "7e90230a92c190f1bf69ae9002b8cea547a64cca",
  "evaluation_time": 7.448955774307251,
  "kg_co2_emissions": null,
  "mteb_version": "1.14.20",
  "scores": {
    "test": [
      {
        "cosine_pearson": 0.21530055862087236,
        "cosine_spearman": 0.2030924366438959,
        "euclidean_pearson": 0.23163545696366272,
        "euclidean_spearman": 0.22411717884318486,
        "hf_subset": "default",
        "languages": [
          "eng-Latn"
        ],
        "main_score": 0.2030924366438959,
        "manhattan_pearson": 0.23119990617062935,
        "manhattan_spearman": 0.22386867071022729,
        "pearson": 0.21530055862087236,
        "spearman": 0.2030924366438959
      }
    ]
  },
  "task_name": "STS13"
}