{
  "dataset_revision": "6031580fec1f6af667f0bd2da0a551cf4f0b2375",
  "evaluation_time": 13.021028280258179,
  "kg_co2_emissions": null,
  "mteb_version": "1.14.20",
  "scores": {
    "test": [
      {
        "cosine_pearson": 0.16355398409191627,
        "cosine_spearman": 0.16226094218848247,
        "euclidean_pearson": 0.1890546048423043,
        "euclidean_spearman": 0.18347210688858256,
        "hf_subset": "default",
        "languages": [
          "eng-Latn"
        ],
        "main_score": 0.16226094218848247,
        "manhattan_pearson": 0.18911774269352058,
        "manhattan_spearman": 0.1832856382643382,
        "pearson": 0.16355398409191627,
        "spearman": 0.16226094218848247
      }
    ]
  },
  "task_name": "STS14"
}