{
  "dataset_revision": "ae752c7c21bf194d8b67fd573edf7ae58183cbe3",
  "evaluation_time": 11.377210855484009,
  "kg_co2_emissions": null,
  "mteb_version": "1.14.20",
  "scores": {
    "test": [
      {
        "cosine_pearson": 0.3176638770427593,
        "cosine_spearman": 0.32912180147972486,
        "euclidean_pearson": 0.3365200884063911,
        "euclidean_spearman": 0.3265136833268543,
        "hf_subset": "default",
        "languages": [
          "eng-Latn"
        ],
        "main_score": 0.32912180147972486,
        "manhattan_pearson": 0.33543159837208497,
        "manhattan_spearman": 0.32563423904698957,
        "pearson": 0.3176638770427593,
        "spearman": 0.32912180147972486
      }
    ]
  },
  "task_name": "STS15"
}