{
  "dataset_revision": "59042f120c80e8afa9cdbb224f67076cec0fc9a7",
  "evaluation_time": 127.50876259803772,
  "kg_co2_emissions": null,
  "mteb_version": "1.14.20",
  "scores": {
    "test": [
      {
        "hf_subset": "default",
        "languages": [
          "eng-Latn"
        ],
        "main_score": 0.2464495589332455,
        "map": 0.2464495589332455,
        "mrr": 0.25008144827564605,
        "nAUC_map_diff1": 0.20515837832557607,
        "nAUC_map_max": -0.21030558084440626,
        "nAUC_map_std": -0.17254882039214586,
        "nAUC_mrr_diff1": 0.18323073357220696,
        "nAUC_mrr_max": -0.13815155355500286,
        "nAUC_mrr_std": -0.14917951148035585
      }
    ]
  },
  "task_name": "MindSmallReranking"
}