{
  "dataset_revision": "e185fbe320c72810689fc5848eb6114e1ef5ec69",
  "evaluation_time": 68.51443839073181,
  "kg_co2_emissions": null,
  "mteb_version": "1.14.20",
  "scores": {
    "test": [
      {
        "hf_subset": "default",
        "languages": [
          "eng-Latn"
        ],
        "main_score": 0.2417951386153917,
        "map": 0.2417951386153917,
        "mrr": 0.2264245660385366,
        "nAUC_map_diff1": 0.1393598688272836,
        "nAUC_map_max": 0.2197975362580107,
        "nAUC_map_std": 0.06923898040346776,
        "nAUC_mrr_diff1": 0.1346875866157539,
        "nAUC_mrr_max": 0.22258923154967683,
        "nAUC_mrr_std": 0.07135174053519958
      }
    ]
  },
  "task_name": "StackOverflowDupQuestions"
}