{
  "dataset_revision": "6031580fec1f6af667f0bd2da0a551cf4f0b2375",
  "evaluation_time": 11.944353580474854,
  "kg_co2_emissions": null,
  "mteb_version": "1.14.20",
  "scores": {
    "test": [
      {
        "cosine_pearson": 0.1325121187721169,
        "cosine_spearman": 0.16179953770423477,
        "euclidean_pearson": 0.14851323390971646,
        "euclidean_spearman": 0.15847060245907765,
        "hf_subset": "default",
        "languages": [
          "eng-Latn"
        ],
        "main_score": 0.16179953770423477,
        "manhattan_pearson": 0.14810760712423124,
        "manhattan_spearman": 0.1578928329426034,
        "pearson": 0.1325121187721169,
        "spearman": 0.16179953770423477
      }
    ]
  },
  "task_name": "STS14"
}