{
  "dataset_revision": "2000358ca161889fa9c082cb41daa8dcfb161a54",
  "evaluation_time": 9.616753101348877,
  "kg_co2_emissions": null,
  "mteb_version": "1.14.20",
  "scores": {
    "test": [
      {
        "hf_subset": "default",
        "languages": [
          "eng-Latn"
        ],
        "main_score": 0.4328351188116943,
        "map": 0.4328351188116943,
        "mrr": 0.5509915138724003,
        "nAUC_map_diff1": 0.12329497422137499,
        "nAUC_map_max": 0.18102898865835668,
        "nAUC_map_std": 0.07002219681505928,
        "nAUC_mrr_diff1": 0.1396496554112931,
        "nAUC_mrr_max": 0.2366003712293153,
        "nAUC_mrr_std": 0.08497099237701426
      }
    ]
  },
  "task_name": "AskUbuntuDupQuestions"
}