{
  "dataset_revision": "d3fb88f8f02e40887cd149695127462bbcf29b4a",
  "evaluation_time": 2.2293920516967773,
  "kg_co2_emissions": null,
  "mteb_version": "1.14.20",
  "scores": {
    "test": [
      {
        "cosine_pearson": -0.03025042195477182,
        "cosine_spearman": 0.009964082460065006,
        "euclidean_pearson": -0.014854796979297777,
        "euclidean_spearman": 0.02278967590473151,
        "hf_subset": "default",
        "languages": [
          "eng-Latn"
        ],
        "main_score": 0.009964082460065006,
        "manhattan_pearson": -0.013875459318445983,
        "manhattan_spearman": 0.02679579128317361,
        "pearson": -0.03025042195477182,
        "spearman": 0.009964082460065006
      }
    ]
  },
  "task_name": "BIOSSES"
}