{
  "dataset_revision": "d3c5e1fc0b855ab6097bf1cda04dd73947d7caab",
  "evaluation_time": 99.79277634620667,
  "kg_co2_emissions": null,
  "mteb_version": "1.14.20",
  "scores": {
    "test": [
      {
        "hf_subset": "default",
        "languages": [
          "eng-Latn"
        ],
        "main_score": 0.31872767484088566,
        "map": 0.31872767484088566,
        "mrr": 0.4962117040548413,
        "nAUC_map_diff1": 0.1825147366185592,
        "nAUC_map_max": 0.32683946508827855,
        "nAUC_map_std": 0.17641093608800718,
        "nAUC_mrr_diff1": 0.2733005277493202,
        "nAUC_mrr_max": 0.3474429029046872,
        "nAUC_mrr_std": 0.1311546253340175
      }
    ]
  },
  "task_name": "SciDocsRR"
}