{
  "dataset_revision": "20a6d6f312dd54037fe07a32d58e5e168867909d",
  "evaluation_time": 15.732032299041748,
  "kg_co2_emissions": null,
  "mteb_version": "1.14.20",
  "scores": {
    "test": [
      {
        "cosine_pearson": 0.2680660839325971,
        "cosine_spearman": 0.2844613583694122,
        "euclidean_pearson": 0.28678131643250543,
        "euclidean_spearman": 0.28007295562073237,
        "hf_subset": "default",
        "languages": [
          "eng-Latn"
        ],
        "main_score": 0.2844613583694122,
        "manhattan_pearson": 0.2871378826129116,
        "manhattan_spearman": 0.2804717202285966,
        "pearson": 0.2680660839325971,
        "spearman": 0.2844613583694122
      }
    ]
  },
  "task_name": "SICK-R"
}