{
  "dataset_revision": "a0d554a64d88156834ff5ae9920b964011b16384",
  "evaluation_time": 11.11668348312378,
  "kg_co2_emissions": null,
  "mteb_version": "1.14.20",
  "scores": {
    "test": [
      {
        "cosine_pearson": 0.03884182214043456,
        "cosine_spearman": 0.13381762913452616,
        "euclidean_pearson": 0.09496554257455316,
        "euclidean_spearman": 0.14793279995881664,
        "hf_subset": "default",
        "languages": [
          "eng-Latn"
        ],
        "main_score": 0.13381762913452616,
        "manhattan_pearson": 0.09499592277814357,
        "manhattan_spearman": 0.1478800922854083,
        "pearson": 0.03884182214043456,
        "spearman": 0.13381762913452616
      }
    ]
  },
  "task_name": "STS12"
}