{
  "dataset_revision": "a0d554a64d88156834ff5ae9920b964011b16384",
  "evaluation_time": 5.271260499954224,
  "kg_co2_emissions": null,
  "mteb_version": "1.14.20",
  "scores": {
    "test": [
      {
        "cosine_pearson": 0.12500384677982682,
        "cosine_spearman": 0.20358773197676797,
        "euclidean_pearson": 0.19182162373552455,
        "euclidean_spearman": 0.21259754746290346,
        "hf_subset": "default",
        "languages": [
          "eng-Latn"
        ],
        "main_score": 0.20358773197676797,
        "manhattan_pearson": 0.1910134908336918,
        "manhattan_spearman": 0.21198182644971367,
        "pearson": 0.12500384677982682,
        "spearman": 0.20358773197676797
      }
    ]
  },
  "task_name": "STS12"
}