{
  "dataset_revision": "b0fddb56ed78048fa8b90373c8a3cfc37b684831",
  "evaluation_time": 3.1298062801361084,
  "kg_co2_emissions": null,
  "mteb_version": "1.14.20",
  "scores": {
    "test": [
      {
        "cosine_pearson": 0.17985682955213156,
        "cosine_spearman": 0.19959344447076693,
        "euclidean_pearson": 0.2057553575655692,
        "euclidean_spearman": 0.20451261390038328,
        "hf_subset": "default",
        "languages": [
          "eng-Latn"
        ],
        "main_score": 0.19959344447076693,
        "manhattan_pearson": 0.20556613588903289,
        "manhattan_spearman": 0.20449937585573016,
        "pearson": 0.17985682955213156,
        "spearman": 0.19959344447076693
      }
    ]
  },
  "task_name": "STSBenchmark"
}