{
  "dataset_revision": "2000358ca161889fa9c082cb41daa8dcfb161a54",
  "evaluation_time": 6.9201271533966064,
  "kg_co2_emissions": null,
  "mteb_version": "1.14.20",
  "scores": {
    "test": [
      {
        "hf_subset": "default",
        "languages": [
          "eng-Latn"
        ],
        "main_score": 0.4442003622687253,
        "map": 0.4442003622687253,
        "mrr": 0.5620762432396782,
        "nAUC_map_diff1": 0.1268330265690797,
        "nAUC_map_max": 0.12845664616234417,
        "nAUC_map_std": -0.0025188782480709,
        "nAUC_mrr_diff1": 0.12537043317582353,
        "nAUC_mrr_max": 0.15807498670327763,
        "nAUC_mrr_std": -0.01592872308856392
      }
    ]
  },
  "task_name": "AskUbuntuDupQuestions"
}