{
  "dataset_revision": "d3c5e1fc0b855ab6097bf1cda04dd73947d7caab",
  "evaluation_time": 42.64938044548035,
  "kg_co2_emissions": null,
  "mteb_version": "1.14.20",
  "scores": {
    "test": [
      {
        "hf_subset": "default",
        "languages": [
          "eng-Latn"
        ],
        "main_score": 0.3647993949553415,
        "map": 0.3647993949553415,
        "mrr": 0.568249479278891,
        "nAUC_map_diff1": 0.1966624072095249,
        "nAUC_map_max": 0.3728825543854562,
        "nAUC_map_std": 0.2553632875563169,
        "nAUC_mrr_diff1": 0.2789538300838607,
        "nAUC_mrr_max": 0.3890570336651891,
        "nAUC_mrr_std": 0.21395156210694086
      }
    ]
  },
  "task_name": "SciDocsRR"
}