{
  "dataset_revision": "20a6d6f312dd54037fe07a32d58e5e168867909d",
  "evaluation_time": 12.332775115966797,
  "kg_co2_emissions": null,
  "mteb_version": "1.14.20",
  "scores": {
    "test": [
      {
        "cosine_pearson": 0.32546027888491497,
        "cosine_spearman": 0.33053916407827755,
        "euclidean_pearson": 0.34236439650721806,
        "euclidean_spearman": 0.32866000703971365,
        "hf_subset": "default",
        "languages": [
          "eng-Latn"
        ],
        "main_score": 0.33053916407827755,
        "manhattan_pearson": 0.34307417333634954,
        "manhattan_spearman": 0.32927502578521295,
        "pearson": 0.32546027888491497,
        "spearman": 0.33053916407827755
      }
    ]
  },
  "task_name": "SICK-R"
}