{
  "dataset_revision": "e185fbe320c72810689fc5848eb6114e1ef5ec69",
  "evaluation_time": 32.937161684036255,
  "kg_co2_emissions": null,
  "mteb_version": "1.14.20",
  "scores": {
    "test": [
      {
        "hf_subset": "default",
        "languages": [
          "eng-Latn"
        ],
        "main_score": 0.26832099380473196,
        "map": 0.26832099380473196,
        "mrr": 0.2569596967574909,
        "nAUC_map_diff1": 0.21820407861524074,
        "nAUC_map_max": 0.22186196112682624,
        "nAUC_map_std": 0.08937370112779958,
        "nAUC_mrr_diff1": 0.21310733662421547,
        "nAUC_mrr_max": 0.2224217551486879,
        "nAUC_mrr_std": 0.09289822489818106
      }
    ]
  },
  "task_name": "StackOverflowDupQuestions"
}