{
  "dataset_revision": "7e90230a92c190f1bf69ae9002b8cea547a64cca",
  "evaluation_time": 3.630847930908203,
  "kg_co2_emissions": null,
  "mteb_version": "1.14.20",
  "scores": {
    "test": [
      {
        "cosine_pearson": 0.23415502187113865,
        "cosine_spearman": 0.2253274079165406,
        "euclidean_pearson": 0.2467539691342125,
        "euclidean_spearman": 0.2422893171588509,
        "hf_subset": "default",
        "languages": [
          "eng-Latn"
        ],
        "main_score": 0.2253274079165406,
        "manhattan_pearson": 0.24703653886632743,
        "manhattan_spearman": 0.24188925880032386,
        "pearson": 0.23415502187113865,
        "spearman": 0.2253274079165406
      }
    ]
  },
  "task_name": "STS13"
}