{
  "dataset_revision": "59042f120c80e8afa9cdbb224f67076cec0fc9a7",
  "evaluation_time": 180.80904293060303,
  "kg_co2_emissions": null,
  "mteb_version": "1.14.19",
  "scores": {
    "test": [
      {
        "hf_subset": "default",
        "languages": [
          "eng-Latn"
        ],
        "main_score": 0.30696634194825795,
        "map": 0.30696634194825795,
        "mrr": 0.3176043623159415,
        "nAUC_map_diff1": 0.23512132210787862,
        "nAUC_map_max": -0.1980315945010374,
        "nAUC_map_std": -0.05729293017982637,
        "nAUC_mrr_diff1": 0.2075410537638645,
        "nAUC_mrr_max": -0.14021361788773984,
        "nAUC_mrr_std": -0.05165675456687403
      }
    ]
  },
  "task_name": "MindSmallReranking"
}