{
  "dataset_revision": "d3c5e1fc0b855ab6097bf1cda04dd73947d7caab",
  "evaluation_time": 138.4200086593628,
  "kg_co2_emissions": null,
  "mteb_version": "1.14.19",
  "scores": {
    "test": [
      {
        "hf_subset": "default",
        "languages": [
          "eng-Latn"
        ],
        "main_score": 0.6242872261033936,
        "map": 0.6242872261033936,
        "mrr": 0.8396616908871811,
        "nAUC_map_diff1": 0.10039924654923026,
        "nAUC_map_max": 0.4416077198963883,
        "nAUC_map_std": 0.42759947790841835,
        "nAUC_mrr_diff1": 0.34258002052935815,
        "nAUC_mrr_max": 0.5769690339160821,
        "nAUC_mrr_std": 0.3627787594688307
      }
    ]
  },
  "task_name": "SciDocsRR"
}