{
  "dataset_revision": "20a6d6f312dd54037fe07a32d58e5e168867909d",
  "evaluation_time": 28.723613023757935,
  "kg_co2_emissions": null,
  "mteb_version": "1.14.19",
  "scores": {
    "test": [
      {
        "cosine_pearson": 0.5321835979017674,
        "cosine_spearman": 0.479298437487845,
        "euclidean_pearson": 0.5145006713413439,
        "euclidean_spearman": 0.4849006538984826,
        "hf_subset": "default",
        "languages": [
          "eng-Latn"
        ],
        "main_score": 0.479298437487845,
        "manhattan_pearson": 0.5284789252012437,
        "manhattan_spearman": 0.49512940152475765,
        "pearson": 0.5321835979017674,
        "spearman": 0.479298437487845
      }
    ]
  },
  "task_name": "SICK-R"
}