{
  "dataset_revision": "d66bd1f72af766a5cc4b0ca5e00c162f89e8cc46",
  "evaluation_time": 35.676275968551636,
  "kg_co2_emissions": null,
  "mteb_version": "1.14.19",
  "scores": {
    "test": [
      {
        "cosine_accuracy": 0.9907425742574257,
        "cosine_accuracy_threshold": 0.9320706725120544,
        "cosine_ap": 0.2557191736887836,
        "cosine_f1": 0.33407821229050283,
        "cosine_f1_threshold": 0.9091799259185791,
        "cosine_precision": 0.37848101265822787,
        "cosine_recall": 0.299,
        "dot_accuracy": 0.9901089108910891,
        "dot_accuracy_threshold": 2776.478515625,
        "dot_ap": 0.021349426156329458,
        "dot_f1": 0.04038822792736381,
        "dot_f1_threshold": 2086.993408203125,
        "dot_precision": 0.023942093541202674,
        "dot_recall": 0.129,
        "euclidean_accuracy": 0.9914455445544554,
        "euclidean_accuracy_threshold": 17.97989845275879,
        "euclidean_ap": 0.33136792279675953,
        "euclidean_f1": 0.38828771483131763,
        "euclidean_f1_threshold": 19.552932739257812,
        "euclidean_precision": 0.5341506129597198,
        "euclidean_recall": 0.305,
        "hf_subset": "default",
        "languages": [
          "eng-Latn"
        ],
        "main_score": 0.5120830621420306,
        "manhattan_accuracy": 0.9925742574257426,
        "manhattan_accuracy_threshold": 594.191650390625,
        "manhattan_ap": 0.5120830621420306,
        "manhattan_f1": 0.5227621483375958,
        "manhattan_f1_threshold": 649.791259765625,
        "manhattan_precision": 0.5350785340314136,
        "manhattan_recall": 0.511,
        "max_accuracy": 0.9925742574257426,
        "max_ap": 0.5120830621420306,
        "max_f1": 0.5227621483375958,
        "max_precision": 0.5350785340314136,
        "max_recall": 0.511,
        "similarity_accuracy": 0.9907425742574257,
        "similarity_accuracy_threshold": 0.9320706725120544,
        "similarity_ap": 0.2557191736887836,
        "similarity_f1": 0.33407821229050283,
        "similarity_f1_threshold": 0.9091799259185791,
        "similarity_precision": 0.37848101265822787,
        "similarity_recall": 0.299
      }
    ],
    "validation": [
      {
        "cosine_accuracy": 0.9905940594059406,
        "cosine_accuracy_threshold": 0.9379909038543701,
        "cosine_ap": 0.1685567376038284,
        "cosine_f1": 0.2290249433106576,
        "cosine_f1_threshold": 0.9099266529083252,
        "cosine_precision": 0.2643979057591623,
        "cosine_recall": 0.202,
        "dot_accuracy": 0.9900891089108911,
        "dot_accuracy_threshold": 2752.02197265625,
        "dot_ap": 0.021690416684551336,
        "dot_f1": 0.05004751346214761,
        "dot_f1_threshold": 2235.524169921875,
        "dot_precision": 0.03662494204914233,
        "dot_recall": 0.079,
        "euclidean_accuracy": 0.9908415841584158,
        "euclidean_accuracy_threshold": 17.792476654052734,
        "euclidean_ap": 0.2286189501180863,
        "euclidean_f1": 0.29111531190926276,
        "euclidean_f1_threshold": 20.013179779052734,
        "euclidean_precision": 0.393526405451448,
        "euclidean_recall": 0.231,
        "hf_subset": "default",
        "languages": [
          "eng-Latn"
        ],
        "main_score": 0.4364285066975454,
        "manhattan_accuracy": 0.9918217821782178,
        "manhattan_accuracy_threshold": 589.2140502929688,
        "manhattan_ap": 0.4364285066975454,
        "manhattan_f1": 0.4659964518036665,
        "manhattan_f1_threshold": 633.882080078125,
        "manhattan_precision": 0.5701881331403763,
        "manhattan_recall": 0.394,
        "max_accuracy": 0.9918217821782178,
        "max_ap": 0.4364285066975454,
        "max_f1": 0.4659964518036665,
        "max_precision": 0.5701881331403763,
        "max_recall": 0.394,
        "similarity_accuracy": 0.9905940594059406,
        "similarity_accuracy_threshold": 0.9379909038543701,
        "similarity_ap": 0.1685567376038284,
        "similarity_f1": 0.2290249433106576,
        "similarity_f1_threshold": 0.9099266529083252,
        "similarity_precision": 0.2643979057591623,
        "similarity_recall": 0.202
      }
    ]
  },
  "task_name": "SprintDuplicateQuestions"
}