{
  "dataset_revision": "e185fbe320c72810689fc5848eb6114e1ef5ec69",
  "evaluation_time": 85.90536642074585,
  "kg_co2_emissions": null,
  "mteb_version": "1.14.19",
  "scores": {
    "test": [
      {
        "hf_subset": "default",
        "languages": [
          "eng-Latn"
        ],
        "main_score": 0.35158783472340605,
        "map": 0.35158783472340605,
        "mrr": 0.34995212099991513,
        "nAUC_map_diff1": 0.27691175969993653,
        "nAUC_map_max": 0.20083981371777762,
        "nAUC_map_std": 0.05001809426117345,
        "nAUC_mrr_diff1": 0.2731116489596231,
        "nAUC_mrr_max": 0.20577239103499184,
        "nAUC_mrr_std": 0.04801334775322547
      }
    ]
  },
  "task_name": "StackOverflowDupQuestions"
}