{
  "dataset_revision": "6031580fec1f6af667f0bd2da0a551cf4f0b2375",
  "evaluation_time": 26.189408540725708,
  "kg_co2_emissions": null,
  "mteb_version": "1.14.19",
  "scores": {
    "test": [
      {
        "cosine_pearson": 0.46400600367355677,
        "cosine_spearman": 0.43800688660821985,
        "euclidean_pearson": 0.4832710632592443,
        "euclidean_spearman": 0.46548089460330705,
        "hf_subset": "default",
        "languages": [
          "eng-Latn"
        ],
        "main_score": 0.43800688660821985,
        "manhattan_pearson": 0.5195791267809104,
        "manhattan_spearman": 0.4993240341829216,
        "pearson": 0.46400600367355677,
        "spearman": 0.43800688660821985
      }
    ]
  },
  "task_name": "STS14"
}