{
  "dataset_revision": "7e90230a92c190f1bf69ae9002b8cea547a64cca",
  "evaluation_time": 9.71090817451477,
  "kg_co2_emissions": null,
  "mteb_version": "1.14.19",
  "scores": {
    "test": [
      {
        "cosine_pearson": 0.5256140612674367,
        "cosine_spearman": 0.5399354745052213,
        "euclidean_pearson": 0.5640292045154852,
        "euclidean_spearman": 0.5682121884323901,
        "hf_subset": "default",
        "languages": [
          "eng-Latn"
        ],
        "main_score": 0.5399354745052213,
        "manhattan_pearson": 0.5816867001175814,
        "manhattan_spearman": 0.5868560727799187,
        "pearson": 0.5256140612674367,
        "spearman": 0.5399354745052213
      }
    ]
  },
  "task_name": "STS13"
}