{
  "dataset_revision": "ae752c7c21bf194d8b67fd573edf7ae58183cbe3",
  "evaluation_time": 23.585611820220947,
  "kg_co2_emissions": null,
  "mteb_version": "1.14.19",
  "scores": {
    "test": [
      {
        "cosine_pearson": 0.503714922451417,
        "cosine_spearman": 0.5418821995047669,
        "euclidean_pearson": 0.5707068719440722,
        "euclidean_spearman": 0.5859057504943066,
        "hf_subset": "default",
        "languages": [
          "eng-Latn"
        ],
        "main_score": 0.5418821995047669,
        "manhattan_pearson": 0.5820646533903914,
        "manhattan_spearman": 0.5992321182530077,
        "pearson": 0.503714922451417,
        "spearman": 0.5418821995047669
      }
    ]
  },
  "task_name": "STS15"
}