{
  "dataset_revision": "2000358ca161889fa9c082cb41daa8dcfb161a54",
  "evaluation_time": 11.409696817398071,
  "kg_co2_emissions": null,
  "mteb_version": "1.14.19",
  "scores": {
    "test": [
      {
        "hf_subset": "default",
        "languages": [
          "eng-Latn"
        ],
        "main_score": 0.47918149108004704,
        "map": 0.47918149108004704,
        "mrr": 0.6079969660994592,
        "nAUC_map_diff1": 0.12037946905785148,
        "nAUC_map_max": 0.18137611825571076,
        "nAUC_map_std": -0.028662562108144402,
        "nAUC_mrr_diff1": 0.21527312522026754,
        "nAUC_mrr_max": 0.25349325334837575,
        "nAUC_mrr_std": -0.05288602922205687
      }
    ]
  },
  "task_name": "AskUbuntuDupQuestions"
}