{
  "dataset_revision": "59042f120c80e8afa9cdbb224f67076cec0fc9a7",
  "evaluation_time": 127.32109642028809,
  "kg_co2_emissions": null,
  "mteb_version": "1.14.19",
  "scores": {
    "test": [
      {
        "hf_subset": "default",
        "languages": [
          "eng-Latn"
        ],
        "main_score": 0.28925398879990555,
        "map": 0.28925398879990555,
        "mrr": 0.29875240932502206,
        "nAUC_map_diff1": 0.2572154094353309,
        "nAUC_map_max": -0.19187426061625826,
        "nAUC_map_std": 0.013357336815271926,
        "nAUC_mrr_diff1": 0.22501958914900605,
        "nAUC_mrr_max": -0.1330437211636596,
        "nAUC_mrr_std": 0.00922809389192086
      }
    ]
  },
  "task_name": "MindSmallReranking"
}