{
  "dataset_revision": "d3c5e1fc0b855ab6097bf1cda04dd73947d7caab",
  "evaluation_time": 101.31091165542603,
  "kg_co2_emissions": null,
  "mteb_version": "1.14.19",
  "scores": {
    "test": [
      {
        "hf_subset": "default",
        "languages": [
          "eng-Latn"
        ],
        "main_score": 0.6442686441348888,
        "map": 0.6442686441348888,
        "mrr": 0.854431915216229,
        "nAUC_map_diff1": 0.10180777118590813,
        "nAUC_map_max": 0.4436785618734464,
        "nAUC_map_std": 0.40199067938111716,
        "nAUC_mrr_diff1": 0.32346590059080904,
        "nAUC_mrr_max": 0.5405552306057438,
        "nAUC_mrr_std": 0.33125154842035703
      }
    ]
  },
  "task_name": "SciDocsRR"
}