{
  "dataset_revision": "d66bd1f72af766a5cc4b0ca5e00c162f89e8cc46",
  "evaluation_time": 33.581631660461426,
  "kg_co2_emissions": null,
  "mteb_version": "1.14.19",
  "scores": {
    "test": [
      {
        "cosine_accuracy": 0.9908118811881188,
        "cosine_accuracy_threshold": 0.9484132528305054,
        "cosine_ap": 0.2624453635057472,
        "cosine_f1": 0.33258678611422177,
        "cosine_f1_threshold": 0.9370599389076233,
        "cosine_precision": 0.37786259541984735,
        "cosine_recall": 0.297,
        "dot_accuracy": 0.9901188118811881,
        "dot_accuracy_threshold": 3421.18603515625,
        "dot_ap": 0.040249918874176574,
        "dot_f1": 0.09062359802602064,
        "dot_f1_threshold": 3040.211669921875,
        "dot_precision": 0.0821806346623271,
        "dot_recall": 0.101,
        "euclidean_accuracy": 0.9908019801980198,
        "euclidean_accuracy_threshold": 16.557008743286133,
        "euclidean_ap": 0.25000921723650066,
        "euclidean_f1": 0.3119682359614294,
        "euclidean_f1_threshold": 19.13795280456543,
        "euclidean_precision": 0.36041939711664484,
        "euclidean_recall": 0.275,
        "hf_subset": "default",
        "languages": [
          "eng-Latn"
        ],
        "main_score": 0.31017117962773827,
        "manhattan_accuracy": 0.991019801980198,
        "manhattan_accuracy_threshold": 509.0740966796875,
        "manhattan_ap": 0.31017117962773827,
        "manhattan_f1": 0.3615819209039548,
        "manhattan_f1_threshold": 583.9921264648438,
        "manhattan_precision": 0.3717001055966209,
        "manhattan_recall": 0.352,
        "max_accuracy": 0.991019801980198,
        "max_ap": 0.31017117962773827,
        "max_f1": 0.3615819209039548,
        "max_precision": 0.37786259541984735,
        "max_recall": 0.352,
        "similarity_accuracy": 0.9908118811881188,
        "similarity_accuracy_threshold": 0.9484132528305054,
        "similarity_ap": 0.2624453635057472,
        "similarity_f1": 0.33258678611422177,
        "similarity_f1_threshold": 0.9370599389076233,
        "similarity_precision": 0.37786259541984735,
        "similarity_recall": 0.297
      }
    ],
    "validation": [
      {
        "cosine_accuracy": 0.9903861386138614,
        "cosine_accuracy_threshold": 0.9612754583358765,
        "cosine_ap": 0.165957924990719,
        "cosine_f1": 0.23453093812375247,
        "cosine_f1_threshold": 0.9324119687080383,
        "cosine_precision": 0.2340637450199203,
        "cosine_recall": 0.235,
        "dot_accuracy": 0.9901287128712871,
        "dot_accuracy_threshold": 3471.87646484375,
        "dot_ap": 0.03463857886812931,
        "dot_f1": 0.07249879168680522,
        "dot_f1_threshold": 3046.192626953125,
        "dot_precision": 0.07015902712815715,
        "dot_recall": 0.075,
        "euclidean_accuracy": 0.9904257425742574,
        "euclidean_accuracy_threshold": 15.67715835571289,
        "euclidean_ap": 0.16095880905475188,
        "euclidean_f1": 0.22811405702851426,
        "euclidean_f1_threshold": 19.810344696044922,
        "euclidean_precision": 0.22822822822822822,
        "euclidean_recall": 0.228,
        "hf_subset": "default",
        "languages": [
          "eng-Latn"
        ],
        "main_score": 0.2141496689996771,
        "manhattan_accuracy": 0.9905148514851485,
        "manhattan_accuracy_threshold": 490.26324462890625,
        "manhattan_ap": 0.2141496689996771,
        "manhattan_f1": 0.28723404255319146,
        "manhattan_f1_threshold": 597.468017578125,
        "manhattan_precision": 0.27808988764044945,
        "manhattan_recall": 0.297,
        "max_accuracy": 0.9905148514851485,
        "max_ap": 0.2141496689996771,
        "max_f1": 0.28723404255319146,
        "max_precision": 0.27808988764044945,
        "max_recall": 0.297,
        "similarity_accuracy": 0.9903861386138614,
        "similarity_accuracy_threshold": 0.9612754583358765,
        "similarity_ap": 0.165957924990719,
        "similarity_f1": 0.23453093812375247,
        "similarity_f1_threshold": 0.9324119687080383,
        "similarity_precision": 0.2340637450199203,
        "similarity_recall": 0.235
      }
    ]
  },
  "task_name": "SprintDuplicateQuestions"
}