{
  "dataset_revision": "e185fbe320c72810689fc5848eb6114e1ef5ec69",
  "evaluation_time": 64.42186284065247,
  "kg_co2_emissions": null,
  "mteb_version": "1.14.19",
  "scores": {
    "test": [
      {
        "hf_subset": "default",
        "languages": [
          "eng-Latn"
        ],
        "main_score": 0.3627701477743743,
        "map": 0.3627701477743743,
        "mrr": 0.3621274456752398,
        "nAUC_map_diff1": 0.27324614366891836,
        "nAUC_map_max": 0.20332290327135483,
        "nAUC_map_std": 0.044832554396804586,
        "nAUC_mrr_diff1": 0.27391151452952095,
        "nAUC_mrr_max": 0.2094043687015642,
        "nAUC_mrr_std": 0.052807580059812634
      }
    ]
  },
  "task_name": "StackOverflowDupQuestions"
}