{
  "dataset_revision": "7e90230a92c190f1bf69ae9002b8cea547a64cca",
  "evaluation_time": 6.5819807052612305,
  "kg_co2_emissions": null,
  "mteb_version": "1.14.19",
  "scores": {
    "test": [
      {
        "cosine_pearson": 0.47340489442533945,
        "cosine_spearman": 0.4817599417678117,
        "euclidean_pearson": 0.5039044648096009,
        "euclidean_spearman": 0.5011932237588567,
        "hf_subset": "default",
        "languages": [
          "eng-Latn"
        ],
        "main_score": 0.4817599417678117,
        "manhattan_pearson": 0.49378693662946627,
        "manhattan_spearman": 0.49262308172432706,
        "pearson": 0.47340489442533945,
        "spearman": 0.4817599417678117
      }
    ]
  },
  "task_name": "STS13"
}