{
  "dataset_revision": "2000358ca161889fa9c082cb41daa8dcfb161a54",
  "evaluation_time": 50.76374959945679,
  "kg_co2_emissions": null,
  "mteb_version": "1.14.19",
  "scores": {
    "test": [
      {
        "hf_subset": "default",
        "languages": [
          "eng-Latn"
        ],
        "main_score": 0.4953568490056688,
        "map": 0.4953568490056688,
        "mrr": 0.6390834542496592,
        "nAUC_map_diff1": 0.15003054880084973,
        "nAUC_map_max": 0.15968120785757944,
        "nAUC_map_std": 0.08109165411594214,
        "nAUC_mrr_diff1": 0.16782398796145817,
        "nAUC_mrr_max": 0.1598087554561715,
        "nAUC_mrr_std": 0.06407164103975875
      }
    ]
  },
  "task_name": "AskUbuntuDupQuestions"
}