{
  "dataset_revision": "d3fb88f8f02e40887cd149695127462bbcf29b4a",
  "evaluation_time": 9.404733657836914,
  "kg_co2_emissions": null,
  "mteb_version": "1.14.19",
  "scores": {
    "test": [
      {
        "cosine_pearson": 0.7868690104608728,
        "cosine_spearman": 0.7656439517409321,
        "euclidean_pearson": 0.7778635626339386,
        "euclidean_spearman": 0.7589751250883978,
        "hf_subset": "default",
        "languages": [
          "eng-Latn"
        ],
        "main_score": 0.7656439517409321,
        "manhattan_pearson": 0.7856223925410682,
        "manhattan_spearman": 0.7673427856307378,
        "pearson": 0.7868690104608728,
        "spearman": 0.7656439517409321
      }
    ]
  },
  "task_name": "BIOSSES"
}