{
  "dataset_revision": "d3c5e1fc0b855ab6097bf1cda04dd73947d7caab",
  "evaluation_time": 67.73265409469604,
  "kg_co2_emissions": null,
  "mteb_version": "1.14.20",
  "scores": {
    "test": [
      {
        "hf_subset": "default",
        "languages": [
          "eng-Latn"
        ],
        "main_score": 0.31932837594905567,
        "map": 0.31932837594905567,
        "mrr": 0.49948656100616884,
        "nAUC_map_diff1": 0.20821229032138064,
        "nAUC_map_max": 0.36363333251530305,
        "nAUC_map_std": 0.21528393157039194,
        "nAUC_mrr_diff1": 0.3110143785137647,
        "nAUC_mrr_max": 0.38821925958074505,
        "nAUC_mrr_std": 0.20397450529697625
      }
    ]
  },
  "task_name": "SciDocsRR"
}