{
  "dataset_revision": "20a6d6f312dd54037fe07a32d58e5e168867909d",
  "evaluation_time": 12.494856119155884,
  "kg_co2_emissions": null,
  "mteb_version": "1.14.20",
  "scores": {
    "test": [
      {
        "cosine_pearson": 0.27068765057837557,
        "cosine_spearman": 0.286950114450031,
        "euclidean_pearson": 0.2932650491412396,
        "euclidean_spearman": 0.28492118352415546,
        "hf_subset": "default",
        "languages": [
          "eng-Latn"
        ],
        "main_score": 0.286950114450031,
        "manhattan_pearson": 0.2929085963810681,
        "manhattan_spearman": 0.2848078856592474,
        "pearson": 0.27068765057837557,
        "spearman": 0.286950114450031
      }
    ]
  },
  "task_name": "SICK-R"
}