{
  "dataset_revision": "e185fbe320c72810689fc5848eb6114e1ef5ec69",
  "evaluation_time": 46.6044647693634,
  "kg_co2_emissions": null,
  "mteb_version": "1.14.20",
  "scores": {
    "test": [
      {
        "hf_subset": "default",
        "languages": [
          "eng-Latn"
        ],
        "main_score": 0.25228054213388285,
        "map": 0.25228054213388285,
        "mrr": 0.23823900772430184,
        "nAUC_map_diff1": 0.17166695692839742,
        "nAUC_map_max": 0.2293618505910479,
        "nAUC_map_std": 0.07381249032474203,
        "nAUC_mrr_diff1": 0.16283807056616872,
        "nAUC_mrr_max": 0.23081134568888304,
        "nAUC_mrr_std": 0.0779205139674372
      }
    ]
  },
  "task_name": "StackOverflowDupQuestions"
}