{
  "dataset_revision": "7e90230a92c190f1bf69ae9002b8cea547a64cca",
  "evaluation_time": 6.040146112442017,
  "kg_co2_emissions": null,
  "mteb_version": "1.14.20",
  "scores": {
    "test": [
      {
        "cosine_pearson": 0.19440351042147264,
        "cosine_spearman": 0.2248291762735494,
        "euclidean_pearson": 0.21608732889352072,
        "euclidean_spearman": 0.22245135775421376,
        "hf_subset": "default",
        "languages": [
          "eng-Latn"
        ],
        "main_score": 0.2248291762735494,
        "manhattan_pearson": 0.21614784827712533,
        "manhattan_spearman": 0.22274644703756857,
        "pearson": 0.19440351042147264,
        "spearman": 0.2248291762735494
      }
    ]
  },
  "task_name": "STS13"
}