{
  "dataset_revision": "6031580fec1f6af667f0bd2da0a551cf4f0b2375",
  "evaluation_time": 11.188619375228882,
  "kg_co2_emissions": null,
  "mteb_version": "1.14.20",
  "scores": {
    "test": [
      {
        "cosine_pearson": 0.15220205266398393,
        "cosine_spearman": 0.18745010237497373,
        "euclidean_pearson": 0.16559313133247472,
        "euclidean_spearman": 0.181299886245167,
        "hf_subset": "default",
        "languages": [
          "eng-Latn"
        ],
        "main_score": 0.18745010237497373,
        "manhattan_pearson": 0.16519418674189157,
        "manhattan_spearman": 0.18101934937989742,
        "pearson": 0.15220205266398393,
        "spearman": 0.18745010237497373
      }
    ]
  },
  "task_name": "STS14"
}