{
  "dataset_revision": "b0fddb56ed78048fa8b90373c8a3cfc37b684831",
  "evaluation_time": 5.235888242721558,
  "kg_co2_emissions": null,
  "mteb_version": "1.14.20",
  "scores": {
    "test": [
      {
        "cosine_pearson": 0.13073448260801607,
        "cosine_spearman": 0.1601981918480418,
        "euclidean_pearson": 0.15050375322112008,
        "euclidean_spearman": 0.15757516229432672,
        "hf_subset": "default",
        "languages": [
          "eng-Latn"
        ],
        "main_score": 0.1601981918480418,
        "manhattan_pearson": 0.15138262404810032,
        "manhattan_spearman": 0.15833258965244934,
        "pearson": 0.13073448260801607,
        "spearman": 0.1601981918480418
      }
    ]
  },
  "task_name": "STSBenchmark"
}