{
  "dataset_revision": "d3c5e1fc0b855ab6097bf1cda04dd73947d7caab",
  "evaluation_time": 79.88841080665588,
  "kg_co2_emissions": null,
  "mteb_version": "1.14.20",
  "scores": {
    "test": [
      {
        "hf_subset": "default",
        "languages": [
          "eng-Latn"
        ],
        "main_score": 0.3349642526205325,
        "map": 0.3349642526205325,
        "mrr": 0.523044003926357,
        "nAUC_map_diff1": 0.2008915115536632,
        "nAUC_map_max": 0.3318942766188455,
        "nAUC_map_std": 0.194921308442893,
        "nAUC_mrr_diff1": 0.28893650256479936,
        "nAUC_mrr_max": 0.34607433073473826,
        "nAUC_mrr_std": 0.1644238048099498
      }
    ]
  },
  "task_name": "SciDocsRR"
}