{
  "dataset_revision": "e185fbe320c72810689fc5848eb6114e1ef5ec69",
  "evaluation_time": 56.52209973335266,
  "kg_co2_emissions": null,
  "mteb_version": "1.14.20",
  "scores": {
    "test": [
      {
        "hf_subset": "default",
        "languages": [
          "eng-Latn"
        ],
        "main_score": 0.2511090657506115,
        "map": 0.2511090657506115,
        "mrr": 0.23659401260504204,
        "nAUC_map_diff1": 0.18080053844796048,
        "nAUC_map_max": 0.21110328420745,
        "nAUC_map_std": 0.07840313246757892,
        "nAUC_mrr_diff1": 0.17569156264736305,
        "nAUC_mrr_max": 0.20927659784996938,
        "nAUC_mrr_std": 0.08301442180918701
      }
    ]
  },
  "task_name": "StackOverflowDupQuestions"
}