{
  "dataset_revision": "6031580fec1f6af667f0bd2da0a551cf4f0b2375",
  "evaluation_time": 12.674002885818481,
  "kg_co2_emissions": null,
  "mteb_version": "1.14.20",
  "scores": {
    "test": [
      {
        "cosine_pearson": 0.12765353260079823,
        "cosine_spearman": 0.14659997050413195,
        "euclidean_pearson": 0.15350196224040785,
        "euclidean_spearman": 0.15912334171756432,
        "hf_subset": "default",
        "languages": [
          "eng-Latn"
        ],
        "main_score": 0.14659997050413195,
        "manhattan_pearson": 0.15377308675545154,
        "manhattan_spearman": 0.1591857965656969,
        "pearson": 0.12765353260079823,
        "spearman": 0.14659997050413195
      }
    ]
  },
  "task_name": "STS14"
}