{
  "dataset_revision": "d3fb88f8f02e40887cd149695127462bbcf29b4a",
  "evaluation_time": 1.8261299133300781,
  "kg_co2_emissions": null,
  "mteb_version": "1.14.20",
  "scores": {
    "test": [
      {
        "cosine_pearson": -0.061612779437849596,
        "cosine_spearman": -0.01628350356079547,
        "euclidean_pearson": -0.034707014971129456,
        "euclidean_spearman": 0.0007409807391704932,
        "hf_subset": "default",
        "languages": [
          "eng-Latn"
        ],
        "main_score": -0.01628350356079547,
        "manhattan_pearson": -0.040623117349000364,
        "manhattan_spearman": 0.005024210865595051,
        "pearson": -0.061612779437849596,
        "spearman": -0.01628350356079547
      }
    ]
  },
  "task_name": "BIOSSES"
}