{
  "dataset_revision": "20a6d6f312dd54037fe07a32d58e5e168867909d",
  "evaluation_time": 14.888913869857788,
  "kg_co2_emissions": null,
  "mteb_version": "1.14.20",
  "scores": {
    "test": [
      {
        "cosine_pearson": 0.2737063650684223,
        "cosine_spearman": 0.292045675048637,
        "euclidean_pearson": 0.2914814071227002,
        "euclidean_spearman": 0.2856348912108523,
        "hf_subset": "default",
        "languages": [
          "eng-Latn"
        ],
        "main_score": 0.292045675048637,
        "manhattan_pearson": 0.29084453395709237,
        "manhattan_spearman": 0.285165549663014,
        "pearson": 0.2737063650684223,
        "spearman": 0.292045675048637
      }
    ]
  },
  "task_name": "SICK-R"
}