{
  "dataset_revision": "6031580fec1f6af667f0bd2da0a551cf4f0b2375",
  "evaluation_time": 14.229468822479248,
  "kg_co2_emissions": null,
  "mteb_version": "1.14.20",
  "scores": {
    "test": [
      {
        "cosine_pearson": 0.11758401791443311,
        "cosine_spearman": 0.15408781039719185,
        "euclidean_pearson": 0.14108622787360955,
        "euclidean_spearman": 0.15595035981141125,
        "hf_subset": "default",
        "languages": [
          "eng-Latn"
        ],
        "main_score": 0.15408781039719185,
        "manhattan_pearson": 0.14078633142113414,
        "manhattan_spearman": 0.15559421664110984,
        "pearson": 0.11758401791443311,
        "spearman": 0.15408781039719185
      }
    ]
  },
  "task_name": "STS14"
}