{
  "dataset_revision": "2000358ca161889fa9c082cb41daa8dcfb161a54",
  "evaluation_time": 8.582608222961426,
  "kg_co2_emissions": null,
  "mteb_version": "1.14.20",
  "scores": {
    "test": [
      {
        "hf_subset": "default",
        "languages": [
          "eng-Latn"
        ],
        "main_score": 0.4353506762623889,
        "map": 0.4353506762623889,
        "mrr": 0.5484291870025941,
        "nAUC_map_diff1": 0.0904580286852778,
        "nAUC_map_max": 0.12301805580651061,
        "nAUC_map_std": -0.017366425218759304,
        "nAUC_mrr_diff1": 0.11665887991261661,
        "nAUC_mrr_max": 0.1545394360619529,
        "nAUC_mrr_std": -0.016396307969827904
      }
    ]
  },
  "task_name": "AskUbuntuDupQuestions"
}