{
  "dataset_revision": "e185fbe320c72810689fc5848eb6114e1ef5ec69",
  "evaluation_time": 56.06192326545715,
  "kg_co2_emissions": null,
  "mteb_version": "1.14.20",
  "scores": {
    "test": [
      {
        "hf_subset": "default",
        "languages": [
          "eng-Latn"
        ],
        "main_score": 0.2595434792205039,
        "map": 0.2595434792205039,
        "mrr": 0.247264663441134,
        "nAUC_map_diff1": 0.19185891703385244,
        "nAUC_map_max": 0.20381420409597897,
        "nAUC_map_std": 0.0996380583944538,
        "nAUC_mrr_diff1": 0.17598298027770062,
        "nAUC_mrr_max": 0.20351706416921314,
        "nAUC_mrr_std": 0.10634325755179576
      }
    ]
  },
  "task_name": "StackOverflowDupQuestions"
}