{
  "dataset_revision": "a0d554a64d88156834ff5ae9920b964011b16384",
  "evaluation_time": 11.319526433944702,
  "kg_co2_emissions": null,
  "mteb_version": "1.14.20",
  "scores": {
    "test": [
      {
        "cosine_pearson": 0.06543418909285975,
        "cosine_spearman": 0.14577247540526225,
        "euclidean_pearson": 0.12781640969156463,
        "euclidean_spearman": 0.17036051140692343,
        "hf_subset": "default",
        "languages": [
          "eng-Latn"
        ],
        "main_score": 0.14577247540526225,
        "manhattan_pearson": 0.12776133213047963,
        "manhattan_spearman": 0.17037829402467541,
        "pearson": 0.06543418909285975,
        "spearman": 0.14577247540526225
      }
    ]
  },
  "task_name": "STS12"
}