{
  "dataset_revision": "6031580fec1f6af667f0bd2da0a551cf4f0b2375",
  "evaluation_time": 12.790860652923584,
  "kg_co2_emissions": null,
  "mteb_version": "1.14.20",
  "scores": {
    "test": [
      {
        "cosine_pearson": 0.16279158100376087,
        "cosine_spearman": 0.1611335947478266,
        "euclidean_pearson": 0.18850616976479617,
        "euclidean_spearman": 0.18311503228299958,
        "hf_subset": "default",
        "languages": [
          "eng-Latn"
        ],
        "main_score": 0.1611335947478266,
        "manhattan_pearson": 0.1886855181489742,
        "manhattan_spearman": 0.18301897194614994,
        "pearson": 0.16279158100376087,
        "spearman": 0.1611335947478266
      }
    ]
  },
  "task_name": "STS14"
}