{
  "dataset_revision": "2000358ca161889fa9c082cb41daa8dcfb161a54",
  "evaluation_time": 6.874408960342407,
  "kg_co2_emissions": null,
  "mteb_version": "1.14.20",
  "scores": {
    "test": [
      {
        "hf_subset": "default",
        "languages": [
          "eng-Latn"
        ],
        "main_score": 0.4341788634694917,
        "map": 0.4341788634694917,
        "mrr": 0.5510728575825529,
        "nAUC_map_diff1": 0.1567488001934614,
        "nAUC_map_max": 0.19502135800762158,
        "nAUC_map_std": 0.09330366035570964,
        "nAUC_mrr_diff1": 0.17314286505370463,
        "nAUC_mrr_max": 0.21828963080947827,
        "nAUC_mrr_std": 0.09335497746505733
      }
    ]
  },
  "task_name": "AskUbuntuDupQuestions"
}