{
  "dataset_revision": "d3fb88f8f02e40887cd149695127462bbcf29b4a",
  "evaluation_time": 1.5453147888183594,
  "kg_co2_emissions": null,
  "mteb_version": "1.14.20",
  "scores": {
    "test": [
      {
        "cosine_pearson": 0.10624587524454722,
        "cosine_spearman": 0.11307486564414762,
        "euclidean_pearson": 0.10895785054052826,
        "euclidean_spearman": 0.11196640665221778,
        "hf_subset": "default",
        "languages": [
          "eng-Latn"
        ],
        "main_score": 0.11307486564414762,
        "manhattan_pearson": 0.10368126323417425,
        "manhattan_spearman": 0.1075325706844984,
        "pearson": 0.10624587524454722,
        "spearman": 0.11307486564414762
      }
    ]
  },
  "task_name": "BIOSSES"
}