{
  "dataset_revision": "59042f120c80e8afa9cdbb224f67076cec0fc9a7",
  "evaluation_time": 114.26526880264282,
  "kg_co2_emissions": null,
  "mteb_version": "1.14.20",
  "scores": {
    "test": [
      {
        "hf_subset": "default",
        "languages": [
          "eng-Latn"
        ],
        "main_score": 0.2554908853813953,
        "map": 0.2554908853813953,
        "mrr": 0.25884038800705467,
        "nAUC_map_diff1": 0.12612061050018217,
        "nAUC_map_max": -0.2275328990239253,
        "nAUC_map_std": -0.14512535288937453,
        "nAUC_mrr_diff1": 0.12075261018733421,
        "nAUC_mrr_max": -0.1584308808143241,
        "nAUC_mrr_std": -0.10834683042372352
      }
    ]
  },
  "task_name": "MindSmallReranking"
}