{
  "dataset_revision": "d3c5e1fc0b855ab6097bf1cda04dd73947d7caab",
  "evaluation_time": 47.86434078216553,
  "kg_co2_emissions": null,
  "mteb_version": "1.14.20",
  "scores": {
    "test": [
      {
        "hf_subset": "default",
        "languages": [
          "eng-Latn"
        ],
        "main_score": 0.3434779898483267,
        "map": 0.3434779898483267,
        "mrr": 0.5425224648263864,
        "nAUC_map_diff1": 0.20732896205773885,
        "nAUC_map_max": 0.3533607972104609,
        "nAUC_map_std": 0.239198901341542,
        "nAUC_mrr_diff1": 0.3081315440910594,
        "nAUC_mrr_max": 0.36946259724982755,
        "nAUC_mrr_std": 0.21387388176582606
      }
    ]
  },
  "task_name": "SciDocsRR"
}