{
  "dataset_revision": "d3fb88f8f02e40887cd149695127462bbcf29b4a",
  "evaluation_time": 1.6256287097930908,
  "kg_co2_emissions": null,
  "mteb_version": "1.14.20",
  "scores": {
    "test": [
      {
        "cosine_pearson": 0.39591448772150695,
        "cosine_spearman": 0.3999910417780751,
        "euclidean_pearson": 0.3678489452684782,
        "euclidean_spearman": 0.35781538198187485,
        "hf_subset": "default",
        "languages": [
          "eng-Latn"
        ],
        "main_score": 0.3999910417780751,
        "manhattan_pearson": 0.3679283495487724,
        "manhattan_spearman": 0.3608997896115927,
        "pearson": 0.39591448772150695,
        "spearman": 0.3999910417780751
      }
    ]
  },
  "task_name": "BIOSSES"
}