{
  "dataset_revision": "2000358ca161889fa9c082cb41daa8dcfb161a54",
  "evaluation_time": 6.039211273193359,
  "kg_co2_emissions": null,
  "mteb_version": "1.14.19",
  "scores": {
    "test": [
      {
        "hf_subset": "default",
        "languages": [
          "eng-Latn"
        ],
        "main_score": 0.47907478312818447,
        "map": 0.47907478312818447,
        "mrr": 0.6048212636855296,
        "nAUC_map_diff1": 0.07411670618543821,
        "nAUC_map_max": 0.16667087290865412,
        "nAUC_map_std": 0.07162447510349496,
        "nAUC_mrr_diff1": 0.17403770491321394,
        "nAUC_mrr_max": 0.2446031561205129,
        "nAUC_mrr_std": 0.08427757613988396
      }
    ]
  },
  "task_name": "AskUbuntuDupQuestions"
}