{
  "dataset_revision": "d3fb88f8f02e40887cd149695127462bbcf29b4a",
  "evaluation_time": 1.6016120910644531,
  "kg_co2_emissions": null,
  "mteb_version": "1.14.19",
  "scores": {
    "test": [
      {
        "cosine_pearson": 0.5843095443659106,
        "cosine_spearman": 0.6122970841345509,
        "euclidean_pearson": 0.5173205808396474,
        "euclidean_spearman": 0.5313374080881097,
        "hf_subset": "default",
        "languages": [
          "eng-Latn"
        ],
        "main_score": 0.6122970841345509,
        "manhattan_pearson": 0.5394427196273335,
        "manhattan_spearman": 0.5462835317782072,
        "pearson": 0.5843095443659106,
        "spearman": 0.6122970841345509
      }
    ]
  },
  "task_name": "BIOSSES"
}