{
  "dataset_revision": "20a6d6f312dd54037fe07a32d58e5e168867909d",
  "evaluation_time": 12.377027034759521,
  "kg_co2_emissions": null,
  "mteb_version": "1.14.19",
  "scores": {
    "test": [
      {
        "cosine_pearson": 0.6259843688098037,
        "cosine_spearman": 0.5788157455175024,
        "euclidean_pearson": 0.576151062906631,
        "euclidean_spearman": 0.5523699861512202,
        "hf_subset": "default",
        "languages": [
          "eng-Latn"
        ],
        "main_score": 0.5788157455175024,
        "manhattan_pearson": 0.5736659048779226,
        "manhattan_spearman": 0.5518124966584089,
        "pearson": 0.6259843688098037,
        "spearman": 0.5788157455175024
      }
    ]
  },
  "task_name": "SICK-R"
}