{
  "dataset_revision": "d66bd1f72af766a5cc4b0ca5e00c162f89e8cc46",
  "evaluation_time": 21.888076543807983,
  "kg_co2_emissions": null,
  "mteb_version": "1.14.19",
  "scores": {
    "test": [
      {
        "cosine_accuracy": 0.9935445544554455,
        "cosine_accuracy_threshold": 0.8968955278396606,
        "cosine_ap": 0.6367329184986912,
        "cosine_f1": 0.6102620087336245,
        "cosine_f1_threshold": 0.8857036232948303,
        "cosine_precision": 0.671875,
        "cosine_recall": 0.559,
        "dot_accuracy": 0.9901089108910891,
        "dot_accuracy_threshold": 1910.744140625,
        "dot_ap": 0.06707410695731827,
        "dot_f1": 0.14079147640791476,
        "dot_f1_threshold": 1171.289794921875,
        "dot_precision": 0.11363636363636363,
        "dot_recall": 0.185,
        "euclidean_accuracy": 0.9924257425742574,
        "euclidean_accuracy_threshold": 14.03182601928711,
        "euclidean_ap": 0.4890554395555623,
        "euclidean_f1": 0.5013683634373289,
        "euclidean_f1_threshold": 15.64744758605957,
        "euclidean_precision": 0.5538089480048367,
        "euclidean_recall": 0.458,
        "hf_subset": "default",
        "languages": [
          "eng-Latn"
        ],
        "main_score": 0.6367329184986912,
        "manhattan_accuracy": 0.9927128712871287,
        "manhattan_accuracy_threshold": 476.2244567871094,
        "manhattan_ap": 0.5360850152194567,
        "manhattan_f1": 0.535031847133758,
        "manhattan_f1_threshold": 500.29296875,
        "manhattan_precision": 0.6354883081155434,
        "manhattan_recall": 0.462,
        "max_accuracy": 0.9935445544554455,
        "max_ap": 0.6367329184986912,
        "max_f1": 0.6102620087336245,
        "max_precision": 0.671875,
        "max_recall": 0.559,
        "similarity_accuracy": 0.9935445544554455,
        "similarity_accuracy_threshold": 0.8968955278396606,
        "similarity_ap": 0.6367329184986912,
        "similarity_f1": 0.6102620087336245,
        "similarity_f1_threshold": 0.8857036232948303,
        "similarity_precision": 0.671875,
        "similarity_recall": 0.559
      }
    ],
    "validation": [
      {
        "cosine_accuracy": 0.9929009900990099,
        "cosine_accuracy_threshold": 0.8923794031143188,
        "cosine_ap": 0.5665751979258051,
        "cosine_f1": 0.5699152542372883,
        "cosine_f1_threshold": 0.8798712491989136,
        "cosine_precision": 0.6058558558558559,
        "cosine_recall": 0.538,
        "dot_accuracy": 0.9901386138613861,
        "dot_accuracy_threshold": 1728.8966064453125,
        "dot_ap": 0.053177705800163046,
        "dot_f1": 0.11003861003861004,
        "dot_f1_threshold": 1179.31005859375,
        "dot_precision": 0.08111954459203036,
        "dot_recall": 0.171,
        "euclidean_accuracy": 0.9916633663366337,
        "euclidean_accuracy_threshold": 14.523797988891602,
        "euclidean_ap": 0.38185512306637454,
        "euclidean_f1": 0.42619047619047623,
        "euclidean_f1_threshold": 15.707062721252441,
        "euclidean_precision": 0.5264705882352941,
        "euclidean_recall": 0.358,
        "hf_subset": "default",
        "languages": [
          "eng-Latn"
        ],
        "main_score": 0.5665751979258051,
        "manhattan_accuracy": 0.9921782178217822,
        "manhattan_accuracy_threshold": 483.38934326171875,
        "manhattan_ap": 0.4451367487774931,
        "manhattan_f1": 0.46992054483541423,
        "manhattan_f1_threshold": 514.10546875,
        "manhattan_precision": 0.5433070866141733,
        "manhattan_recall": 0.414,
        "max_accuracy": 0.9929009900990099,
        "max_ap": 0.5665751979258051,
        "max_f1": 0.5699152542372883,
        "max_precision": 0.6058558558558559,
        "max_recall": 0.538,
        "similarity_accuracy": 0.9929009900990099,
        "similarity_accuracy_threshold": 0.8923794031143188,
        "similarity_ap": 0.5665751979258051,
        "similarity_f1": 0.5699152542372883,
        "similarity_f1_threshold": 0.8798712491989136,
        "similarity_precision": 0.6058558558558559,
        "similarity_recall": 0.538
      }
    ]
  },
  "task_name": "SprintDuplicateQuestions"
}