{
  "dataset_revision": "e185fbe320c72810689fc5848eb6114e1ef5ec69",
  "evaluation_time": 33.4116473197937,
  "kg_co2_emissions": null,
  "mteb_version": "1.14.19",
  "scores": {
    "test": [
      {
        "hf_subset": "default",
        "languages": [
          "eng-Latn"
        ],
        "main_score": 0.3841974985639284,
        "map": 0.3841974985639284,
        "mrr": 0.3842645202020202,
        "nAUC_map_diff1": 0.31883777412752423,
        "nAUC_map_max": 0.2130700279451218,
        "nAUC_map_std": 0.07764260994215891,
        "nAUC_mrr_diff1": 0.3111247110749224,
        "nAUC_mrr_max": 0.2220490097726211,
        "nAUC_mrr_std": 0.0908445303833758
      }
    ]
  },
  "task_name": "StackOverflowDupQuestions"
}