{
  "dataset_revision": "a0d554a64d88156834ff5ae9920b964011b16384",
  "evaluation_time": 5.7082679271698,
  "kg_co2_emissions": null,
  "mteb_version": "1.14.19",
  "scores": {
    "test": [
      {
        "cosine_pearson": 0.3745371087460684,
        "cosine_spearman": 0.38646649694022595,
        "euclidean_pearson": 0.3720058151015106,
        "euclidean_spearman": 0.3652235713631667,
        "hf_subset": "default",
        "languages": [
          "eng-Latn"
        ],
        "main_score": 0.38646649694022595,
        "manhattan_pearson": 0.36722921972998457,
        "manhattan_spearman": 0.35263213807101595,
        "pearson": 0.3745371087460684,
        "spearman": 0.38646649694022595
      }
    ]
  },
  "task_name": "STS12"
}