{
  "dataset_revision": "6031580fec1f6af667f0bd2da0a551cf4f0b2375",
  "evaluation_time": 7.487081050872803,
  "kg_co2_emissions": null,
  "mteb_version": "1.14.19",
  "scores": {
    "test": [
      {
        "cosine_pearson": 0.5354988939588944,
        "cosine_spearman": 0.5072157578797362,
        "euclidean_pearson": 0.5004500544938434,
        "euclidean_spearman": 0.4818941758864884,
        "hf_subset": "default",
        "languages": [
          "eng-Latn"
        ],
        "main_score": 0.5072157578797362,
        "manhattan_pearson": 0.5096041510871272,
        "manhattan_spearman": 0.4896805779101912,
        "pearson": 0.5354988939588944,
        "spearman": 0.5072157578797362
      }
    ]
  },
  "task_name": "STS14"
}