{
  "dataset_revision": "ae752c7c21bf194d8b67fd573edf7ae58183cbe3",
  "evaluation_time": 5.85162615776062,
  "kg_co2_emissions": null,
  "mteb_version": "1.14.19",
  "scores": {
    "test": [
      {
        "cosine_pearson": 0.6322293139069187,
        "cosine_spearman": 0.6471229655869024,
        "euclidean_pearson": 0.5904447062439279,
        "euclidean_spearman": 0.607440130377571,
        "hf_subset": "default",
        "languages": [
          "eng-Latn"
        ],
        "main_score": 0.6471229655869024,
        "manhattan_pearson": 0.593534442130638,
        "manhattan_spearman": 0.6112814928044566,
        "pearson": 0.6322293139069187,
        "spearman": 0.6471229655869024
      }
    ]
  },
  "task_name": "STS15"
}