{
  "dataset_revision": "70970daeab8776df92f5ea462b6173c0b46fd2d1",
  "evaluation_time": 9.081591367721558,
  "kg_co2_emissions": null,
  "mteb_version": "1.14.19",
  "scores": {
    "test": [
      {
        "cosine_accuracy": 0.8078321511593253,
        "cosine_accuracy_threshold": 0.8839364051818848,
        "cosine_ap": 0.5403366846968715,
        "cosine_f1": 0.5335887917614658,
        "cosine_f1_threshold": 0.8466997146606445,
        "cosine_precision": 0.4884893663670248,
        "cosine_recall": 0.5878627968337731,
        "dot_accuracy": 0.7752875961137271,
        "dot_accuracy_threshold": 1820.310302734375,
        "dot_ap": 0.32605155284324516,
        "dot_f1": 0.3942139099941555,
        "dot_f1_threshold": 1165.3826904296875,
        "dot_precision": 0.27258031925641546,
        "dot_recall": 0.7118733509234828,
        "euclidean_accuracy": 0.8069380699767539,
        "euclidean_accuracy_threshold": 18.95607566833496,
        "euclidean_ap": 0.5233091813994044,
        "euclidean_f1": 0.5301389344710644,
        "euclidean_f1_threshold": 22.328510284423828,
        "euclidean_precision": 0.452812558400299,
        "euclidean_recall": 0.6393139841688654,
        "hf_subset": "default",
        "languages": [
          "eng-Latn"
        ],
        "main_score": 0.5403366846968715,
        "manhattan_accuracy": 0.8075937295106396,
        "manhattan_accuracy_threshold": 615.1864013671875,
        "manhattan_ap": 0.5273660833836591,
        "manhattan_f1": 0.5349279087962445,
        "manhattan_f1_threshold": 714.99072265625,
        "manhattan_precision": 0.46402947450067866,
        "manhattan_recall": 0.6313984168865435,
        "max_accuracy": 0.8078321511593253,
        "max_ap": 0.5403366846968715,
        "max_f1": 0.5349279087962445,
        "max_precision": 0.4884893663670248,
        "max_recall": 0.7118733509234828,
        "similarity_accuracy": 0.8078321511593253,
        "similarity_accuracy_threshold": 0.8839364051818848,
        "similarity_ap": 0.5403366846968715,
        "similarity_f1": 0.5335887917614658,
        "similarity_f1_threshold": 0.8466997146606445,
        "similarity_precision": 0.4884893663670248,
        "similarity_recall": 0.5878627968337731
      }
    ]
  },
  "task_name": "TwitterSemEval2015"
}