{
  "dataset_revision": "20a6d6f312dd54037fe07a32d58e5e168867909d",
  "evaluation_time": 6.447382211685181,
  "kg_co2_emissions": null,
  "mteb_version": "1.14.20",
  "scores": {
    "test": [
      {
        "cosine_pearson": 0.576778936629884,
        "cosine_spearman": 0.5384984334532831,
        "euclidean_pearson": 0.5203789376329887,
        "euclidean_spearman": 0.49153387805808196,
        "hf_subset": "default",
        "languages": [
          "eng-Latn"
        ],
        "main_score": 0.5384984334532831,
        "manhattan_pearson": 0.5200655817456181,
        "manhattan_spearman": 0.491244364861583,
        "pearson": 0.576778936629884,
        "spearman": 0.5384984334532831
      }
    ]
  },
  "task_name": "SICK-R"
}