{
  "dataset_revision": "7e90230a92c190f1bf69ae9002b8cea547a64cca",
  "evaluation_time": 3.0333991050720215,
  "kg_co2_emissions": null,
  "mteb_version": "1.14.20",
  "scores": {
    "test": [
      {
        "cosine_pearson": 0.48750831506330605,
        "cosine_spearman": 0.4859030682885349,
        "euclidean_pearson": 0.513310192736842,
        "euclidean_spearman": 0.5045353060966729,
        "hf_subset": "default",
        "languages": [
          "eng-Latn"
        ],
        "main_score": 0.4859030682885349,
        "manhattan_pearson": 0.5125580051305348,
        "manhattan_spearman": 0.5048332033828539,
        "pearson": 0.48750831506330605,
        "spearman": 0.4859030682885349
      }
    ]
  },
  "task_name": "STS13"
}