{
  "dataset_revision": "2000358ca161889fa9c082cb41daa8dcfb161a54",
  "evaluation_time": 13.228485107421875,
  "kg_co2_emissions": null,
  "mteb_version": "1.14.19",
  "scores": {
    "test": [
      {
        "hf_subset": "default",
        "languages": [
          "eng-Latn"
        ],
        "main_score": 0.47849241552494975,
        "map": 0.47849241552494975,
        "mrr": 0.6084696390098052,
        "nAUC_map_diff1": 0.11380588810087172,
        "nAUC_map_max": 0.1932481902435666,
        "nAUC_map_std": -0.001700614527336872,
        "nAUC_mrr_diff1": 0.201980735544703,
        "nAUC_mrr_max": 0.26192550764773165,
        "nAUC_mrr_std": -0.022684645254950005
      }
    ]
  },
  "task_name": "AskUbuntuDupQuestions"
}