{
  "dataset_revision": "d3c5e1fc0b855ab6097bf1cda04dd73947d7caab",
  "evaluation_time": 108.38049340248108,
  "kg_co2_emissions": null,
  "mteb_version": "1.14.19",
  "scores": {
    "test": [
      {
        "hf_subset": "default",
        "languages": [
          "eng-Latn"
        ],
        "main_score": 0.6327421537994342,
        "map": 0.6327421537994342,
        "mrr": 0.8442032368502957,
        "nAUC_map_diff1": 0.1068599508783244,
        "nAUC_map_max": 0.440431358819089,
        "nAUC_map_std": 0.4171384884455567,
        "nAUC_mrr_diff1": 0.32184317934666623,
        "nAUC_mrr_max": 0.5383673448270225,
        "nAUC_mrr_std": 0.3639300002817799
      }
    ]
  },
  "task_name": "SciDocsRR"
}