{
  "dataset_revision": "20a6d6f312dd54037fe07a32d58e5e168867909d",
  "evaluation_time": 23.875149965286255,
  "kg_co2_emissions": null,
  "mteb_version": "1.14.19",
  "scores": {
    "test": [
      {
        "cosine_pearson": 0.507893814566502,
        "cosine_spearman": 0.48272947358878165,
        "euclidean_pearson": 0.49768705905377575,
        "euclidean_spearman": 0.4839777506831906,
        "hf_subset": "default",
        "languages": [
          "eng-Latn"
        ],
        "main_score": 0.48272947358878165,
        "manhattan_pearson": 0.5026247175309527,
        "manhattan_spearman": 0.4895742019111389,
        "pearson": 0.507893814566502,
        "spearman": 0.48272947358878165
      }
    ]
  },
  "task_name": "SICK-R"
}