{
  "dataset_revision": "7e90230a92c190f1bf69ae9002b8cea547a64cca",
  "evaluation_time": 7.4403159618377686,
  "kg_co2_emissions": null,
  "mteb_version": "1.14.19",
  "scores": {
    "test": [
      {
        "cosine_pearson": 0.4920868901228491,
        "cosine_spearman": 0.5026370521314601,
        "euclidean_pearson": 0.5190159183393189,
        "euclidean_spearman": 0.5183636649257864,
        "hf_subset": "default",
        "languages": [
          "eng-Latn"
        ],
        "main_score": 0.5026370521314601,
        "manhattan_pearson": 0.5174973724434955,
        "manhattan_spearman": 0.5191190742729135,
        "pearson": 0.4920868901228491,
        "spearman": 0.5026370521314601
      }
    ]
  },
  "task_name": "STS13"
}