{
  "dataset_revision": "a0d554a64d88156834ff5ae9920b964011b16384",
  "evaluation_time": 12.818125486373901,
  "kg_co2_emissions": null,
  "mteb_version": "1.14.19",
  "scores": {
    "test": [
      {
        "cosine_pearson": 0.4043245320830735,
        "cosine_spearman": 0.4200746211324717,
        "euclidean_pearson": 0.41505331494405684,
        "euclidean_spearman": 0.4178320559540603,
        "hf_subset": "default",
        "languages": [
          "eng-Latn"
        ],
        "main_score": 0.4200746211324717,
        "manhattan_pearson": 0.4528675037011078,
        "manhattan_spearman": 0.4387285649924074,
        "pearson": 0.4043245320830735,
        "spearman": 0.4200746211324717
      }
    ]
  },
  "task_name": "STS12"
}