{
  "dataset_revision": "ae752c7c21bf194d8b67fd573edf7ae58183cbe3",
  "evaluation_time": 13.571260929107666,
  "kg_co2_emissions": null,
  "mteb_version": "1.14.19",
  "scores": {
    "test": [
      {
        "cosine_pearson": 0.5410940023422605,
        "cosine_spearman": 0.5645602211323295,
        "euclidean_pearson": 0.5821682624745342,
        "euclidean_spearman": 0.5942484730748809,
        "hf_subset": "default",
        "languages": [
          "eng-Latn"
        ],
        "main_score": 0.5645602211323295,
        "manhattan_pearson": 0.5886176949270624,
        "manhattan_spearman": 0.607026073656687,
        "pearson": 0.5410940023422605,
        "spearman": 0.5645602211323295
      }
    ]
  },
  "task_name": "STS15"
}