{
  "dataset_revision": "4d8694f8f0e0100860b497b999b3dbed754a0513",
  "evaluation_time": 7.10031533241272,
  "kg_co2_emissions": null,
  "mteb_version": "1.14.19",
  "scores": {
    "test": [
      {
        "cosine_pearson": 0.5264665727091408,
        "cosine_spearman": 0.5310893957101068,
        "euclidean_pearson": 0.5371089510872712,
        "euclidean_spearman": 0.5328189028651932,
        "hf_subset": "default",
        "languages": [
          "eng-Latn"
        ],
        "main_score": 0.5310893957101068,
        "manhattan_pearson": 0.5262365497942851,
        "manhattan_spearman": 0.5229200323950549,
        "pearson": 0.5264665727091408,
        "spearman": 0.5310893957101068
      }
    ]
  },
  "task_name": "STS16"
}