{
  "dataset_revision": "59042f120c80e8afa9cdbb224f67076cec0fc9a7",
  "evaluation_time": 113.13195443153381,
  "kg_co2_emissions": null,
  "mteb_version": "1.14.20",
  "scores": {
    "test": [
      {
        "hf_subset": "default",
        "languages": [
          "eng-Latn"
        ],
        "main_score": 0.25392756788277,
        "map": 0.25392756788277,
        "mrr": 0.2582689019295633,
        "nAUC_map_diff1": 0.1154193050279906,
        "nAUC_map_max": -0.19891011561868874,
        "nAUC_map_std": -0.07266602927067707,
        "nAUC_mrr_diff1": 0.11704934923804305,
        "nAUC_mrr_max": -0.12822837886728647,
        "nAUC_mrr_std": -0.030083571037991034
      }
    ]
  },
  "task_name": "MindSmallReranking"
}