{
  "dataset_revision": "e185fbe320c72810689fc5848eb6114e1ef5ec69",
  "evaluation_time": 25.107070446014404,
  "kg_co2_emissions": null,
  "mteb_version": "1.14.20",
  "scores": {
    "test": [
      {
        "hf_subset": "default",
        "languages": [
          "eng-Latn"
        ],
        "main_score": 0.2794833386863006,
        "map": 0.2794833386863006,
        "mrr": 0.26898050887021474,
        "nAUC_map_diff1": 0.217723096323193,
        "nAUC_map_max": 0.20657090005632983,
        "nAUC_map_std": 0.045898382115249915,
        "nAUC_mrr_diff1": 0.20879390824714786,
        "nAUC_mrr_max": 0.20638772556085888,
        "nAUC_mrr_std": 0.04781592880324555
      }
    ]
  },
  "task_name": "StackOverflowDupQuestions"
}