{
  "dataset_revision": "2000358ca161889fa9c082cb41daa8dcfb161a54",
  "evaluation_time": 6.131610631942749,
  "kg_co2_emissions": null,
  "mteb_version": "1.14.20",
  "scores": {
    "test": [
      {
        "hf_subset": "default",
        "languages": [
          "eng-Latn"
        ],
        "main_score": 0.45029812495844784,
        "map": 0.45029812495844784,
        "mrr": 0.5656850459482039,
        "nAUC_map_diff1": 0.1448321201568489,
        "nAUC_map_max": 0.1865096960760723,
        "nAUC_map_std": 0.09774096970547912,
        "nAUC_mrr_diff1": 0.13300274530051742,
        "nAUC_mrr_max": 0.20758464924011213,
        "nAUC_mrr_std": 0.11041115278025894
      }
    ]
  },
  "task_name": "AskUbuntuDupQuestions"
}