{
  "dataset_revision": "d3fb88f8f02e40887cd149695127462bbcf29b4a",
  "evaluation_time": 2.2985193729400635,
  "kg_co2_emissions": null,
  "mteb_version": "1.14.20",
  "scores": {
    "test": [
      {
        "cosine_pearson": 0.06830175528787037,
        "cosine_spearman": 0.12890655168105866,
        "euclidean_pearson": 0.06599605151955615,
        "euclidean_spearman": 0.08862250125152134,
        "hf_subset": "default",
        "languages": [
          "eng-Latn"
        ],
        "main_score": 0.12890655168105866,
        "manhattan_pearson": 0.06698859058121333,
        "manhattan_spearman": 0.08552604515449994,
        "pearson": 0.06830175528787037,
        "spearman": 0.12890655168105866
      }
    ]
  },
  "task_name": "BIOSSES"
}