{
  "dataset_revision": "d3c5e1fc0b855ab6097bf1cda04dd73947d7caab",
  "evaluation_time": 42.94452786445618,
  "kg_co2_emissions": null,
  "mteb_version": "1.14.20",
  "scores": {
    "test": [
      {
        "hf_subset": "default",
        "languages": [
          "eng-Latn"
        ],
        "main_score": 0.351528941506522,
        "map": 0.351528941506522,
        "mrr": 0.5565174930371009,
        "nAUC_map_diff1": 0.21830518269250992,
        "nAUC_map_max": 0.3260720174105733,
        "nAUC_map_std": 0.2585540030057548,
        "nAUC_mrr_diff1": 0.3138333498323991,
        "nAUC_mrr_max": 0.3484582981180277,
        "nAUC_mrr_std": 0.24528773956670913
      }
    ]
  },
  "task_name": "SciDocsRR"
}