{
  "dataset_revision": "b0fddb56ed78048fa8b90373c8a3cfc37b684831",
  "evaluation_time": 4.004796028137207,
  "kg_co2_emissions": null,
  "mteb_version": "1.14.20",
  "scores": {
    "test": [
      {
        "cosine_pearson": 0.1366122078288435,
        "cosine_spearman": 0.16419035454462227,
        "euclidean_pearson": 0.17284178085651916,
        "euclidean_spearman": 0.17452522430589953,
        "hf_subset": "default",
        "languages": [
          "eng-Latn"
        ],
        "main_score": 0.16419035454462227,
        "manhattan_pearson": 0.171436706118204,
        "manhattan_spearman": 0.17271449161776087,
        "pearson": 0.1366122078288435,
        "spearman": 0.16419035454462227
      }
    ]
  },
  "task_name": "STSBenchmark"
}