{
  "dataset_revision": "d3fb88f8f02e40887cd149695127462bbcf29b4a",
  "evaluation_time": 2.4271488189697266,
  "kg_co2_emissions": null,
  "mteb_version": "1.14.20",
  "scores": {
    "test": [
      {
        "cosine_pearson": 0.07575839185239272,
        "cosine_spearman": 0.08245971022573748,
        "euclidean_pearson": 0.0680819126285671,
        "euclidean_spearman": 0.09279729517221363,
        "hf_subset": "default",
        "languages": [
          "eng-Latn"
        ],
        "main_score": 0.08245971022573748,
        "manhattan_pearson": 0.05560462350235124,
        "manhattan_spearman": 0.0816343902154419,
        "pearson": 0.07575839185239272,
        "spearman": 0.08245971022573748
      }
    ]
  },
  "task_name": "BIOSSES"
}