{
  "dataset_revision": "ae752c7c21bf194d8b67fd573edf7ae58183cbe3",
  "evaluation_time": 11.635644674301147,
  "kg_co2_emissions": null,
  "mteb_version": "1.14.20",
  "scores": {
    "test": [
      {
        "cosine_pearson": 0.31131691725886584,
        "cosine_spearman": 0.3214928302445698,
        "euclidean_pearson": 0.31191332794099663,
        "euclidean_spearman": 0.29442108140727274,
        "hf_subset": "default",
        "languages": [
          "eng-Latn"
        ],
        "main_score": 0.3214928302445698,
        "manhattan_pearson": 0.31175467289643,
        "manhattan_spearman": 0.29403245767665315,
        "pearson": 0.31131691725886584,
        "spearman": 0.3214928302445698
      }
    ]
  },
  "task_name": "STS15"
}