{
  "dataset_revision": "70970daeab8776df92f5ea462b6173c0b46fd2d1",
  "evaluation_time": 11.330907583236694,
  "kg_co2_emissions": null,
  "mteb_version": "1.14.20",
  "scores": {
    "test": [
      {
        "cosine_accuracy": 0.7783274721344698,
        "cosine_accuracy_threshold": 0.9162709712982178,
        "cosine_ap": 0.3485923797438531,
        "cosine_f1": 0.4051230198854061,
        "cosine_f1_threshold": 0.40227246284484863,
        "cosine_precision": 0.29759841544936866,
        "cosine_recall": 0.6343007915567282,
        "dot_accuracy": 0.7758836502354414,
        "dot_accuracy_threshold": 551.1277465820312,
        "dot_ap": 0.333910741526148,
        "dot_f1": 0.39854531891085415,
        "dot_f1_threshold": 189.51605224609375,
        "dot_precision": 0.3081915200461494,
        "dot_recall": 0.5638522427440633,
        "euclidean_accuracy": 0.7785062883709841,
        "euclidean_accuracy_threshold": 8.063152313232422,
        "euclidean_ap": 0.3395445026228144,
        "euclidean_f1": 0.4010574605396159,
        "euclidean_f1_threshold": 23.446977615356445,
        "euclidean_precision": 0.2843126446918752,
        "euclidean_recall": 0.6804749340369393,
        "hf_subset": "default",
        "languages": [
          "eng-Latn"
        ],
        "main_score": 0.3485923797438531,
        "manhattan_accuracy": 0.7783870775466413,
        "manhattan_accuracy_threshold": 205.8385009765625,
        "manhattan_ap": 0.33900396365435015,
        "manhattan_f1": 0.4004819277108434,
        "manhattan_f1_threshold": 593.487060546875,
        "manhattan_precision": 0.2878752886836028,
        "manhattan_recall": 0.6577836411609499,
        "max_accuracy": 0.7785062883709841,
        "max_ap": 0.3485923797438531,
        "max_f1": 0.4051230198854061,
        "max_precision": 0.3081915200461494,
        "max_recall": 0.6804749340369393,
        "similarity_accuracy": 0.7783274721344698,
        "similarity_accuracy_threshold": 0.9162709712982178,
        "similarity_ap": 0.3485923797438531,
        "similarity_f1": 0.4051230198854061,
        "similarity_f1_threshold": 0.40227246284484863,
        "similarity_precision": 0.29759841544936866,
        "similarity_recall": 0.6343007915567282
      }
    ]
  },
  "task_name": "TwitterSemEval2015"
}