{
  "dataset_revision": "2000358ca161889fa9c082cb41daa8dcfb161a54",
  "evaluation_time": 8.279961347579956,
  "kg_co2_emissions": null,
  "mteb_version": "1.14.20",
  "scores": {
    "test": [
      {
        "hf_subset": "default",
        "languages": [
          "eng-Latn"
        ],
        "main_score": 0.4215012485087249,
        "map": 0.4215012485087249,
        "mrr": 0.5345765730114761,
        "nAUC_map_diff1": 0.10807304306965967,
        "nAUC_map_max": 0.23610829557772003,
        "nAUC_map_std": 0.11692936803335861,
        "nAUC_mrr_diff1": 0.11517724871973287,
        "nAUC_mrr_max": 0.2652798985082904,
        "nAUC_mrr_std": 0.10880461736575855
      }
    ]
  },
  "task_name": "AskUbuntuDupQuestions"
}