{
  "dataset_revision": "d3c5e1fc0b855ab6097bf1cda04dd73947d7caab",
  "evaluation_time": 91.6671462059021,
  "kg_co2_emissions": null,
  "mteb_version": "1.14.20",
  "scores": {
    "test": [
      {
        "hf_subset": "default",
        "languages": [
          "eng-Latn"
        ],
        "main_score": 0.3101127312913446,
        "map": 0.3101127312913446,
        "mrr": 0.4849520577461754,
        "nAUC_map_diff1": 0.18886763877648705,
        "nAUC_map_max": 0.3540733188068988,
        "nAUC_map_std": 0.141879206006144,
        "nAUC_mrr_diff1": 0.28610807936500754,
        "nAUC_mrr_max": 0.37903815972564553,
        "nAUC_mrr_std": 0.12414168534605004
      }
    ]
  },
  "task_name": "SciDocsRR"
}