{
  "dataset_revision": "6031580fec1f6af667f0bd2da0a551cf4f0b2375",
  "evaluation_time": 12.809582471847534,
  "kg_co2_emissions": null,
  "mteb_version": "1.14.20",
  "scores": {
    "test": [
      {
        "cosine_pearson": 0.13544755924670476,
        "cosine_spearman": 0.16545376218104269,
        "euclidean_pearson": 0.15034512106984418,
        "euclidean_spearman": 0.1615054763906125,
        "hf_subset": "default",
        "languages": [
          "eng-Latn"
        ],
        "main_score": 0.16545376218104269,
        "manhattan_pearson": 0.14960015303092203,
        "manhattan_spearman": 0.16077741535685794,
        "pearson": 0.13544755924670476,
        "spearman": 0.16545376218104269
      }
    ]
  },
  "task_name": "STS14"
}