{
  "dataset_revision": "2000358ca161889fa9c082cb41daa8dcfb161a54",
  "evaluation_time": 5.40181827545166,
  "kg_co2_emissions": null,
  "mteb_version": "1.14.19",
  "scores": {
    "test": [
      {
        "hf_subset": "default",
        "languages": [
          "eng-Latn"
        ],
        "main_score": 0.4499467339913146,
        "map": 0.4499467339913146,
        "mrr": 0.5698082926614783,
        "nAUC_map_diff1": 0.1560292610148141,
        "nAUC_map_max": 0.1771947954460358,
        "nAUC_map_std": -0.01003048312939453,
        "nAUC_mrr_diff1": 0.24959720483765907,
        "nAUC_mrr_max": 0.24439488978539248,
        "nAUC_mrr_std": -0.045435506353408386
      }
    ]
  },
  "task_name": "AskUbuntuDupQuestions"
}