{
  "dataset_revision": "59042f120c80e8afa9cdbb224f67076cec0fc9a7",
  "evaluation_time": 118.52366042137146,
  "kg_co2_emissions": null,
  "mteb_version": "1.14.19",
  "scores": {
    "test": [
      {
        "hf_subset": "default",
        "languages": [
          "eng-Latn"
        ],
        "main_score": 0.275371680787187,
        "map": 0.275371680787187,
        "mrr": 0.28166392897531356,
        "nAUC_map_diff1": 0.2214686644863671,
        "nAUC_map_max": -0.22835238490744655,
        "nAUC_map_std": 0.06509661584707323,
        "nAUC_mrr_diff1": 0.1973988221212242,
        "nAUC_mrr_max": -0.17516139151871263,
        "nAUC_mrr_std": 0.05382827280768733
      }
    ]
  },
  "task_name": "MindSmallReranking"
}