{
  "dataset_revision": "d3c5e1fc0b855ab6097bf1cda04dd73947d7caab",
  "evaluation_time": 38.38727140426636,
  "kg_co2_emissions": null,
  "mteb_version": "1.14.19",
  "scores": {
    "test": [
      {
        "hf_subset": "default",
        "languages": [
          "eng-Latn"
        ],
        "main_score": 0.5227771840623419,
        "map": 0.5227771840623419,
        "mrr": 0.7735917586407781,
        "nAUC_map_diff1": 0.19164702034295955,
        "nAUC_map_max": 0.41432746959821837,
        "nAUC_map_std": 0.19688023759829232,
        "nAUC_mrr_diff1": 0.40906430075593575,
        "nAUC_mrr_max": 0.4864734238700084,
        "nAUC_mrr_std": 0.18821098726057928
      }
    ]
  },
  "task_name": "SciDocsRR"
}