{
  "dataset_revision": "d66bd1f72af766a5cc4b0ca5e00c162f89e8cc46",
  "evaluation_time": 19.976632118225098,
  "kg_co2_emissions": null,
  "mteb_version": "1.14.19",
  "scores": {
    "test": [
      {
        "cosine_accuracy": 0.9925346534653465,
        "cosine_accuracy_threshold": 0.962273120880127,
        "cosine_ap": 0.4941980338871542,
        "cosine_f1": 0.5037974683544304,
        "cosine_f1_threshold": 0.9593733549118042,
        "cosine_precision": 0.6862068965517242,
        "cosine_recall": 0.398,
        "dot_accuracy": 0.9901089108910891,
        "dot_accuracy_threshold": 3764.22998046875,
        "dot_ap": 0.03429672978420071,
        "dot_f1": 0.0826645264847512,
        "dot_f1_threshold": 3344.3251953125,
        "dot_precision": 0.0690348525469169,
        "dot_recall": 0.103,
        "euclidean_accuracy": 0.9924653465346535,
        "euclidean_accuracy_threshold": 14.950618743896484,
        "euclidean_ap": 0.48888236939183954,
        "euclidean_f1": 0.4950724637681159,
        "euclidean_f1_threshold": 16.435955047607422,
        "euclidean_precision": 0.5889655172413794,
        "euclidean_recall": 0.427,
        "hf_subset": "default",
        "languages": [
          "eng-Latn"
        ],
        "main_score": 0.5689929906004436,
        "manhattan_accuracy": 0.9931782178217822,
        "manhattan_accuracy_threshold": 448.310791015625,
        "manhattan_ap": 0.5689929906004436,
        "manhattan_f1": 0.5668508287292817,
        "manhattan_f1_threshold": 490.0804443359375,
        "manhattan_precision": 0.6333333333333333,
        "manhattan_recall": 0.513,
        "max_accuracy": 0.9931782178217822,
        "max_ap": 0.5689929906004436,
        "max_f1": 0.5668508287292817,
        "max_precision": 0.6862068965517242,
        "max_recall": 0.513,
        "similarity_accuracy": 0.9925346534653465,
        "similarity_accuracy_threshold": 0.962273120880127,
        "similarity_ap": 0.4941980338871542,
        "similarity_f1": 0.5037974683544304,
        "similarity_f1_threshold": 0.9593733549118042,
        "similarity_precision": 0.6862068965517242,
        "similarity_recall": 0.398
      }
    ],
    "validation": [
      {
        "cosine_accuracy": 0.9916732673267327,
        "cosine_accuracy_threshold": 0.9642871618270874,
        "cosine_ap": 0.38742646503395495,
        "cosine_f1": 0.4212962962962963,
        "cosine_f1_threshold": 0.9556390047073364,
        "cosine_precision": 0.5,
        "cosine_recall": 0.364,
        "dot_accuracy": 0.9901287128712871,
        "dot_accuracy_threshold": 3902.31640625,
        "dot_ap": 0.039203571577320406,
        "dot_f1": 0.08869659275283938,
        "dot_f1_threshold": 3434.8408203125,
        "dot_precision": 0.09658421672555949,
        "dot_recall": 0.082,
        "euclidean_accuracy": 0.9918019801980198,
        "euclidean_accuracy_threshold": 15.15300178527832,
        "euclidean_ap": 0.3897678800543937,
        "euclidean_f1": 0.4305177111716621,
        "euclidean_f1_threshold": 16.886850357055664,
        "euclidean_precision": 0.47305389221556887,
        "euclidean_recall": 0.395,
        "hf_subset": "default",
        "languages": [
          "eng-Latn"
        ],
        "main_score": 0.48669191316789223,
        "manhattan_accuracy": 0.9925445544554455,
        "manhattan_accuracy_threshold": 456.83367919921875,
        "manhattan_ap": 0.48669191316789223,
        "manhattan_f1": 0.49817295980511567,
        "manhattan_f1_threshold": 481.8067932128906,
        "manhattan_precision": 0.6370716510903427,
        "manhattan_recall": 0.409,
        "max_accuracy": 0.9925445544554455,
        "max_ap": 0.48669191316789223,
        "max_f1": 0.49817295980511567,
        "max_precision": 0.6370716510903427,
        "max_recall": 0.409,
        "similarity_accuracy": 0.9916732673267327,
        "similarity_accuracy_threshold": 0.9642871618270874,
        "similarity_ap": 0.38742646503395495,
        "similarity_f1": 0.4212962962962963,
        "similarity_f1_threshold": 0.9556390047073364,
        "similarity_precision": 0.5,
        "similarity_recall": 0.364
      }
    ]
  },
  "task_name": "SprintDuplicateQuestions"
}