{
  "dataset_revision": "e185fbe320c72810689fc5848eb6114e1ef5ec69",
  "evaluation_time": 26.63640809059143,
  "kg_co2_emissions": null,
  "mteb_version": "1.14.19",
  "scores": {
    "test": [
      {
        "hf_subset": "default",
        "languages": [
          "eng-Latn"
        ],
        "main_score": 0.3740490247039935,
        "map": 0.3740490247039935,
        "mrr": 0.372583503098209,
        "nAUC_map_diff1": 0.32121263225090535,
        "nAUC_map_max": 0.2540004343648736,
        "nAUC_map_std": 0.04881832445205701,
        "nAUC_mrr_diff1": 0.31681378475646854,
        "nAUC_mrr_max": 0.26793501422844196,
        "nAUC_mrr_std": 0.05284389718458884
      }
    ]
  },
  "task_name": "StackOverflowDupQuestions"
}