{
  "dataset_revision": "7e90230a92c190f1bf69ae9002b8cea547a64cca",
  "evaluation_time": 3.4101181030273438,
  "kg_co2_emissions": null,
  "mteb_version": "1.14.19",
  "scores": {
    "test": [
      {
        "cosine_pearson": 0.5294129686109333,
        "cosine_spearman": 0.5405312139114081,
        "euclidean_pearson": 0.5330999003752053,
        "euclidean_spearman": 0.5305615736268519,
        "hf_subset": "default",
        "languages": [
          "eng-Latn"
        ],
        "main_score": 0.5405312139114081,
        "manhattan_pearson": 0.5622232575033067,
        "manhattan_spearman": 0.558022685900925,
        "pearson": 0.5294129686109333,
        "spearman": 0.5405312139114081
      }
    ]
  },
  "task_name": "STS13"
}