{
  "dataset_revision": "2000358ca161889fa9c082cb41daa8dcfb161a54",
  "evaluation_time": 6.7708213329315186,
  "kg_co2_emissions": null,
  "mteb_version": "1.14.20",
  "scores": {
    "test": [
      {
        "hf_subset": "default",
        "languages": [
          "eng-Latn"
        ],
        "main_score": 0.43318048670998494,
        "map": 0.43318048670998494,
        "mrr": 0.5471507716660071,
        "nAUC_map_diff1": 0.16044929957691736,
        "nAUC_map_max": 0.19216911215269353,
        "nAUC_map_std": 0.10138021024825021,
        "nAUC_mrr_diff1": 0.18284879103783147,
        "nAUC_mrr_max": 0.23396487985796907,
        "nAUC_mrr_std": 0.10270906207336075
      }
    ]
  },
  "task_name": "AskUbuntuDupQuestions"
}