{
  "dataset_revision": "59042f120c80e8afa9cdbb224f67076cec0fc9a7",
  "evaluation_time": 115.64187216758728,
  "kg_co2_emissions": null,
  "mteb_version": "1.14.20",
  "scores": {
    "test": [
      {
        "hf_subset": "default",
        "languages": [
          "eng-Latn"
        ],
        "main_score": 0.25548928285374156,
        "map": 0.25548928285374156,
        "mrr": 0.25871899875008225,
        "nAUC_map_diff1": 0.13479902637136096,
        "nAUC_map_max": -0.23600320668582447,
        "nAUC_map_std": -0.16047963705420853,
        "nAUC_mrr_diff1": 0.1276129315190147,
        "nAUC_mrr_max": -0.16774300095793382,
        "nAUC_mrr_std": -0.1233220542873104
      }
    ]
  },
  "task_name": "MindSmallReranking"
}