{
  "dataset_revision": "d3c5e1fc0b855ab6097bf1cda04dd73947d7caab",
  "evaluation_time": 51.921016216278076,
  "kg_co2_emissions": null,
  "mteb_version": "1.14.20",
  "scores": {
    "test": [
      {
        "hf_subset": "default",
        "languages": [
          "eng-Latn"
        ],
        "main_score": 0.34174453523475357,
        "map": 0.34174453523475357,
        "mrr": 0.5374748617395676,
        "nAUC_map_diff1": 0.20551173696879624,
        "nAUC_map_max": 0.34900543548937624,
        "nAUC_map_std": 0.24099973974488353,
        "nAUC_mrr_diff1": 0.30381324490561784,
        "nAUC_mrr_max": 0.3617046653760017,
        "nAUC_mrr_std": 0.2106701536082152
      }
    ]
  },
  "task_name": "SciDocsRR"
}