{
  "dataset_revision": "20a6d6f312dd54037fe07a32d58e5e168867909d",
  "evaluation_time": 12.707398176193237,
  "kg_co2_emissions": null,
  "mteb_version": "1.14.20",
  "scores": {
    "test": [
      {
        "cosine_pearson": 0.30915886420770283,
        "cosine_spearman": 0.3173210315376381,
        "euclidean_pearson": 0.31931868319553103,
        "euclidean_spearman": 0.3095881440998978,
        "hf_subset": "default",
        "languages": [
          "eng-Latn"
        ],
        "main_score": 0.3173210315376381,
        "manhattan_pearson": 0.31958108023230924,
        "manhattan_spearman": 0.3100683648924357,
        "pearson": 0.30915886420770283,
        "spearman": 0.3173210315376381
      }
    ]
  },
  "task_name": "SICK-R"
}