{
  "dataset_revision": "e185fbe320c72810689fc5848eb6114e1ef5ec69",
  "evaluation_time": 35.713214635849,
  "kg_co2_emissions": null,
  "mteb_version": "1.14.20",
  "scores": {
    "test": [
      {
        "hf_subset": "default",
        "languages": [
          "eng-Latn"
        ],
        "main_score": 0.2558745183776508,
        "map": 0.2558745183776508,
        "mrr": 0.2431094028520499,
        "nAUC_map_diff1": 0.19510488464961023,
        "nAUC_map_max": 0.23094693526163987,
        "nAUC_map_std": 0.0843647423550514,
        "nAUC_mrr_diff1": 0.18792668718319616,
        "nAUC_mrr_max": 0.22853280328083175,
        "nAUC_mrr_std": 0.08660722483864483
      }
    ]
  },
  "task_name": "StackOverflowDupQuestions"
}