{
  "dataset_revision": "6031580fec1f6af667f0bd2da0a551cf4f0b2375",
  "evaluation_time": 8.825809955596924,
  "kg_co2_emissions": null,
  "mteb_version": "1.14.20",
  "scores": {
    "test": [
      {
        "cosine_pearson": 0.14081693056390654,
        "cosine_spearman": 0.16258846390726736,
        "euclidean_pearson": 0.16963347344838323,
        "euclidean_spearman": 0.1764410640139044,
        "hf_subset": "default",
        "languages": [
          "eng-Latn"
        ],
        "main_score": 0.16258846390726736,
        "manhattan_pearson": 0.16953641073752218,
        "manhattan_spearman": 0.1765378835567605,
        "pearson": 0.14081693056390654,
        "spearman": 0.16258846390726736
      }
    ]
  },
  "task_name": "STS14"
}