{
  "dataset_revision": "4d8694f8f0e0100860b497b999b3dbed754a0513",
  "evaluation_time": 5.163003921508789,
  "kg_co2_emissions": null,
  "mteb_version": "1.14.20",
  "scores": {
    "test": [
      {
        "cosine_pearson": 0.28669320251235175,
        "cosine_spearman": 0.3079917224107747,
        "euclidean_pearson": 0.2901892427293476,
        "euclidean_spearman": 0.28576959356579273,
        "hf_subset": "default",
        "languages": [
          "eng-Latn"
        ],
        "main_score": 0.3079917224107747,
        "manhattan_pearson": 0.29086384443677343,
        "manhattan_spearman": 0.2865614762052074,
        "pearson": 0.28669320251235175,
        "spearman": 0.3079917224107747
      }
    ]
  },
  "task_name": "STS16"
}