{
  "dataset_revision": "59042f120c80e8afa9cdbb224f67076cec0fc9a7",
  "evaluation_time": 124.09132981300354,
  "kg_co2_emissions": null,
  "mteb_version": "1.14.19",
  "scores": {
    "test": [
      {
        "hf_subset": "default",
        "languages": [
          "eng-Latn"
        ],
        "main_score": 0.29142270300424045,
        "map": 0.29142270300424045,
        "mrr": 0.30098364455972504,
        "nAUC_map_diff1": 0.25421381241477686,
        "nAUC_map_max": -0.19712787945236745,
        "nAUC_map_std": 0.00759215303635995,
        "nAUC_mrr_diff1": 0.22252201100455188,
        "nAUC_mrr_max": -0.13846452179344473,
        "nAUC_mrr_std": 0.0055214970140924245
      }
    ]
  },
  "task_name": "MindSmallReranking"
}