{
  "dataset_revision": "d3c5e1fc0b855ab6097bf1cda04dd73947d7caab",
  "evaluation_time": 93.33639192581177,
  "kg_co2_emissions": null,
  "mteb_version": "1.14.19",
  "scores": {
    "test": [
      {
        "hf_subset": "default",
        "languages": [
          "eng-Latn"
        ],
        "main_score": 0.6634386189709457,
        "map": 0.6634386189709457,
        "mrr": 0.8658685268979387,
        "nAUC_map_diff1": 0.0904968717356859,
        "nAUC_map_max": 0.43695165836689137,
        "nAUC_map_std": 0.4107256430091636,
        "nAUC_mrr_diff1": 0.33705133736099885,
        "nAUC_mrr_max": 0.5468073454628597,
        "nAUC_mrr_std": 0.3380322849365439
      }
    ]
  },
  "task_name": "SciDocsRR"
}