{
  "dataset_revision": "d66bd1f72af766a5cc4b0ca5e00c162f89e8cc46",
  "evaluation_time": 32.37671518325806,
  "kg_co2_emissions": null,
  "mteb_version": "1.14.19",
  "scores": {
    "test": [
      {
        "cosine_accuracy": 0.9909504950495049,
        "cosine_accuracy_threshold": 0.95072340965271,
        "cosine_ap": 0.2860899530588725,
        "cosine_f1": 0.3486910994764398,
        "cosine_f1_threshold": 0.9364204406738281,
        "cosine_precision": 0.3659340659340659,
        "cosine_recall": 0.333,
        "dot_accuracy": 0.9901089108910891,
        "dot_accuracy_threshold": 3644.774169921875,
        "dot_ap": 0.04383600027107066,
        "dot_f1": 0.099577266322217,
        "dot_f1_threshold": 3205.3447265625,
        "dot_precision": 0.09388839681133747,
        "dot_recall": 0.106,
        "euclidean_accuracy": 0.9908910891089109,
        "euclidean_accuracy_threshold": 16.735595703125,
        "euclidean_ap": 0.26299973219068923,
        "euclidean_f1": 0.3220536756126021,
        "euclidean_f1_threshold": 19.3572998046875,
        "euclidean_precision": 0.3865546218487395,
        "euclidean_recall": 0.276,
        "hf_subset": "default",
        "languages": [
          "eng-Latn"
        ],
        "main_score": 0.32231031468980353,
        "manhattan_accuracy": 0.9910990099009901,
        "manhattan_accuracy_threshold": 505.6999206542969,
        "manhattan_ap": 0.32231031468980353,
        "manhattan_f1": 0.3698193411264612,
        "manhattan_f1_threshold": 589.4652709960938,
        "manhattan_precision": 0.3945578231292517,
        "manhattan_recall": 0.348,
        "max_accuracy": 0.9910990099009901,
        "max_ap": 0.32231031468980353,
        "max_f1": 0.3698193411264612,
        "max_precision": 0.3945578231292517,
        "max_recall": 0.348,
        "similarity_accuracy": 0.9909504950495049,
        "similarity_accuracy_threshold": 0.95072340965271,
        "similarity_ap": 0.2860899530588725,
        "similarity_f1": 0.3486910994764398,
        "similarity_f1_threshold": 0.9364204406738281,
        "similarity_precision": 0.3659340659340659,
        "similarity_recall": 0.333
      }
    ],
    "validation": [
      {
        "cosine_accuracy": 0.9904059405940594,
        "cosine_accuracy_threshold": 0.9526137113571167,
        "cosine_ap": 0.18384841112728179,
        "cosine_f1": 0.2534611288604898,
        "cosine_f1_threshold": 0.9347138404846191,
        "cosine_precision": 0.27107061503416857,
        "cosine_recall": 0.238,
        "dot_accuracy": 0.9901287128712871,
        "dot_accuracy_threshold": 3799.94580078125,
        "dot_ap": 0.032852891837442104,
        "dot_f1": 0.07364501448076127,
        "dot_f1_threshold": 3175.1640625,
        "dot_precision": 0.06280875088214538,
        "dot_recall": 0.089,
        "euclidean_accuracy": 0.9904158415841584,
        "euclidean_accuracy_threshold": 15.315746307373047,
        "euclidean_ap": 0.17075366824629817,
        "euclidean_f1": 0.23735603405107658,
        "euclidean_f1_threshold": 20.141542434692383,
        "euclidean_precision": 0.23771313941825475,
        "euclidean_recall": 0.237,
        "hf_subset": "default",
        "languages": [
          "eng-Latn"
        ],
        "main_score": 0.22529422176997554,
        "manhattan_accuracy": 0.9905445544554455,
        "manhattan_accuracy_threshold": 498.6833801269531,
        "manhattan_ap": 0.22529422176997554,
        "manhattan_f1": 0.2985856469355683,
        "manhattan_f1_threshold": 598.4268798828125,
        "manhattan_precision": 0.31353135313531355,
        "manhattan_recall": 0.285,
        "max_accuracy": 0.9905445544554455,
        "max_ap": 0.22529422176997554,
        "max_f1": 0.2985856469355683,
        "max_precision": 0.31353135313531355,
        "max_recall": 0.285,
        "similarity_accuracy": 0.9904059405940594,
        "similarity_accuracy_threshold": 0.9526137113571167,
        "similarity_ap": 0.18384841112728179,
        "similarity_f1": 0.2534611288604898,
        "similarity_f1_threshold": 0.9347138404846191,
        "similarity_precision": 0.27107061503416857,
        "similarity_recall": 0.238
      }
    ]
  },
  "task_name": "SprintDuplicateQuestions"
}