{
  "dataset_revision": "e185fbe320c72810689fc5848eb6114e1ef5ec69",
  "evaluation_time": 58.993000745773315,
  "kg_co2_emissions": null,
  "mteb_version": "1.14.19",
  "scores": {
    "test": [
      {
        "hf_subset": "default",
        "languages": [
          "eng-Latn"
        ],
        "main_score": 0.3672717821192351,
        "map": 0.3672717821192351,
        "mrr": 0.367083386384857,
        "nAUC_map_diff1": 0.290452152782979,
        "nAUC_map_max": 0.20422930572793435,
        "nAUC_map_std": 0.06603977840274779,
        "nAUC_mrr_diff1": 0.2890065761395424,
        "nAUC_mrr_max": 0.21151379771079606,
        "nAUC_mrr_std": 0.07340745317532262
      }
    ]
  },
  "task_name": "StackOverflowDupQuestions"
}