{
  "dataset_revision": "ae752c7c21bf194d8b67fd573edf7ae58183cbe3",
  "evaluation_time": 11.105247259140015,
  "kg_co2_emissions": null,
  "mteb_version": "1.14.19",
  "scores": {
    "test": [
      {
        "cosine_pearson": 0.5384643695605362,
        "cosine_spearman": 0.566037355584855,
        "euclidean_pearson": 0.589027672407907,
        "euclidean_spearman": 0.6035812547809244,
        "hf_subset": "default",
        "languages": [
          "eng-Latn"
        ],
        "main_score": 0.566037355584855,
        "manhattan_pearson": 0.5960518588982389,
        "manhattan_spearman": 0.6158030574483793,
        "pearson": 0.5384643695605362,
        "spearman": 0.566037355584855
      }
    ]
  },
  "task_name": "STS15"
}