{
  "dataset_revision": "4d8694f8f0e0100860b497b999b3dbed754a0513",
  "evaluation_time": 5.757178544998169,
  "kg_co2_emissions": null,
  "mteb_version": "1.14.19",
  "scores": {
    "test": [
      {
        "cosine_pearson": 0.5243870894744559,
        "cosine_spearman": 0.5285562160091704,
        "euclidean_pearson": 0.5309196806898127,
        "euclidean_spearman": 0.5269800065769298,
        "hf_subset": "default",
        "languages": [
          "eng-Latn"
        ],
        "main_score": 0.5285562160091704,
        "manhattan_pearson": 0.5194476029709141,
        "manhattan_spearman": 0.5171709698869666,
        "pearson": 0.5243870894744559,
        "spearman": 0.5285562160091704
      }
    ]
  },
  "task_name": "STS16"
}