{
  "dataset_revision": "2000358ca161889fa9c082cb41daa8dcfb161a54",
  "evaluation_time": 7.737902879714966,
  "kg_co2_emissions": null,
  "mteb_version": "1.14.20",
  "scores": {
    "test": [
      {
        "hf_subset": "default",
        "languages": [
          "eng-Latn"
        ],
        "main_score": 0.4423700818313392,
        "map": 0.4423700818313392,
        "mrr": 0.5582003253748405,
        "nAUC_map_diff1": 0.12870652062541002,
        "nAUC_map_max": 0.13269070558756793,
        "nAUC_map_std": -0.0019480491938366595,
        "nAUC_mrr_diff1": 0.14698938706782075,
        "nAUC_mrr_max": 0.1721102162481264,
        "nAUC_mrr_std": 0.007127006315056762
      }
    ]
  },
  "task_name": "AskUbuntuDupQuestions"
}