{
  "dataset_revision": "d3fb88f8f02e40887cd149695127462bbcf29b4a",
  "evaluation_time": 1.5411045551300049,
  "kg_co2_emissions": null,
  "mteb_version": "1.14.20",
  "scores": {
    "test": [
      {
        "cosine_pearson": 0.3193745292330718,
        "cosine_spearman": 0.30875402312167577,
        "euclidean_pearson": 0.30267579296310176,
        "euclidean_spearman": 0.2923741318224516,
        "hf_subset": "default",
        "languages": [
          "eng-Latn"
        ],
        "main_score": 0.30875402312167577,
        "manhattan_pearson": 0.30156114704649384,
        "manhattan_spearman": 0.29016323807224365,
        "pearson": 0.3193745292330718,
        "spearman": 0.30875402312167577
      }
    ]
  },
  "task_name": "BIOSSES"
}