{
  "dataset_revision": "20a6d6f312dd54037fe07a32d58e5e168867909d",
  "evaluation_time": 11.546137809753418,
  "kg_co2_emissions": null,
  "mteb_version": "1.14.20",
  "scores": {
    "test": [
      {
        "cosine_pearson": 0.33781746286707975,
        "cosine_spearman": 0.339164518599382,
        "euclidean_pearson": 0.3522000476887927,
        "euclidean_spearman": 0.33691221884903333,
        "hf_subset": "default",
        "languages": [
          "eng-Latn"
        ],
        "main_score": 0.339164518599382,
        "manhattan_pearson": 0.35155503865933635,
        "manhattan_spearman": 0.3360407037121128,
        "pearson": 0.33781746286707975,
        "spearman": 0.339164518599382
      }
    ]
  },
  "task_name": "SICK-R"
}