{
  "dataset_revision": "d3fb88f8f02e40887cd149695127462bbcf29b4a",
  "evaluation_time": 1.5747058391571045,
  "kg_co2_emissions": null,
  "mteb_version": "1.14.20",
  "scores": {
    "test": [
      {
        "cosine_pearson": 0.09521264570300053,
        "cosine_spearman": 0.1084422299659191,
        "euclidean_pearson": 0.10480270716998331,
        "euclidean_spearman": 0.1202798490916916,
        "hf_subset": "default",
        "languages": [
          "eng-Latn"
        ],
        "main_score": 0.1084422299659191,
        "manhattan_pearson": 0.10048695549826847,
        "manhattan_spearman": 0.11323751995274602,
        "pearson": 0.09521264570300053,
        "spearman": 0.1084422299659191
      }
    ]
  },
  "task_name": "BIOSSES"
}