{
  "dataset_revision": "ae752c7c21bf194d8b67fd573edf7ae58183cbe3",
  "evaluation_time": 7.794567584991455,
  "kg_co2_emissions": null,
  "mteb_version": "1.14.20",
  "scores": {
    "test": [
      {
        "cosine_pearson": 0.32583787409042075,
        "cosine_spearman": 0.33659713463307606,
        "euclidean_pearson": 0.3279948623952318,
        "euclidean_spearman": 0.3087220132702253,
        "hf_subset": "default",
        "languages": [
          "eng-Latn"
        ],
        "main_score": 0.33659713463307606,
        "manhattan_pearson": 0.32819528820953314,
        "manhattan_spearman": 0.3088258993676772,
        "pearson": 0.32583787409042075,
        "spearman": 0.33659713463307606
      }
    ]
  },
  "task_name": "STS15"
}