{
  "dataset_revision": "a0d554a64d88156834ff5ae9920b964011b16384",
  "evaluation_time": 6.237168312072754,
  "kg_co2_emissions": null,
  "mteb_version": "1.14.20",
  "scores": {
    "test": [
      {
        "cosine_pearson": 0.03120298402248306,
        "cosine_spearman": 0.13591508757317247,
        "euclidean_pearson": 0.11156918741653699,
        "euclidean_spearman": 0.15872828559247731,
        "hf_subset": "default",
        "languages": [
          "eng-Latn"
        ],
        "main_score": 0.13591508757317247,
        "manhattan_pearson": 0.11074238605217453,
        "manhattan_spearman": 0.15784489608998117,
        "pearson": 0.03120298402248306,
        "spearman": 0.13591508757317247
      }
    ]
  },
  "task_name": "STS12"
}