{
  "dataset_revision": "d3fb88f8f02e40887cd149695127462bbcf29b4a",
  "evaluation_time": 10.154442071914673,
  "kg_co2_emissions": null,
  "mteb_version": "1.14.19",
  "scores": {
    "test": [
      {
        "cosine_pearson": 0.7315102300499784,
        "cosine_spearman": 0.7270647594348523,
        "euclidean_pearson": 0.7368904105379869,
        "euclidean_spearman": 0.7282093638286928,
        "hf_subset": "default",
        "languages": [
          "eng-Latn"
        ],
        "main_score": 0.7270647594348523,
        "manhattan_pearson": 0.7551953621396112,
        "manhattan_spearman": 0.7421675131998963,
        "pearson": 0.7315102300499784,
        "spearman": 0.7270647594348523
      }
    ]
  },
  "task_name": "BIOSSES"
}