{
  "dataset_revision": "59042f120c80e8afa9cdbb224f67076cec0fc9a7",
  "evaluation_time": 110.14460849761963,
  "kg_co2_emissions": null,
  "mteb_version": "1.14.20",
  "scores": {
    "test": [
      {
        "hf_subset": "default",
        "languages": [
          "eng-Latn"
        ],
        "main_score": 0.2567922559744731,
        "map": 0.2567922559744731,
        "mrr": 0.26100768410778563,
        "nAUC_map_diff1": 0.07980926837695043,
        "nAUC_map_max": -0.21209324151668213,
        "nAUC_map_std": -0.08500928865193003,
        "nAUC_mrr_diff1": 0.08435410521610655,
        "nAUC_mrr_max": -0.14342990318652574,
        "nAUC_mrr_std": -0.04374557671502563
      }
    ]
  },
  "task_name": "MindSmallReranking"
}