{
  "dataset_revision": "d3c5e1fc0b855ab6097bf1cda04dd73947d7caab",
  "evaluation_time": 35.243462562561035,
  "kg_co2_emissions": null,
  "mteb_version": "1.14.20",
  "scores": {
    "test": [
      {
        "hf_subset": "default",
        "languages": [
          "eng-Latn"
        ],
        "main_score": 0.37479669308554153,
        "map": 0.37479669308554153,
        "mrr": 0.5896846345375757,
        "nAUC_map_diff1": 0.23252608573678657,
        "nAUC_map_max": 0.3438327440816664,
        "nAUC_map_std": 0.28616707637532807,
        "nAUC_mrr_diff1": 0.335308067931732,
        "nAUC_mrr_max": 0.3584442962387361,
        "nAUC_mrr_std": 0.26504271818623204
      }
    ]
  },
  "task_name": "SciDocsRR"
}