{
  "dataset_revision": "20a6d6f312dd54037fe07a32d58e5e168867909d",
  "evaluation_time": 10.324124336242676,
  "kg_co2_emissions": null,
  "mteb_version": "1.14.20",
  "scores": {
    "test": [
      {
        "cosine_pearson": 0.3546682120986688,
        "cosine_spearman": 0.35201794255291247,
        "euclidean_pearson": 0.3576908553619112,
        "euclidean_spearman": 0.33821919056171346,
        "hf_subset": "default",
        "languages": [
          "eng-Latn"
        ],
        "main_score": 0.35201794255291247,
        "manhattan_pearson": 0.3570834558719345,
        "manhattan_spearman": 0.3374919308508356,
        "pearson": 0.3546682120986688,
        "spearman": 0.35201794255291247
      }
    ]
  },
  "task_name": "SICK-R"
}