{
  "dataset_revision": "6031580fec1f6af667f0bd2da0a551cf4f0b2375",
  "evaluation_time": 5.642794370651245,
  "kg_co2_emissions": null,
  "mteb_version": "1.14.20",
  "scores": {
    "test": [
      {
        "cosine_pearson": 0.2142727742737097,
        "cosine_spearman": 0.24886493835789883,
        "euclidean_pearson": 0.24303325079642252,
        "euclidean_spearman": 0.23775752034001893,
        "hf_subset": "default",
        "languages": [
          "eng-Latn"
        ],
        "main_score": 0.24886493835789883,
        "manhattan_pearson": 0.24218821878471414,
        "manhattan_spearman": 0.23680393380502457,
        "pearson": 0.2142727742737097,
        "spearman": 0.24886493835789883
      }
    ]
  },
  "task_name": "STS14"
}