{
  "dataset_revision": "2000358ca161889fa9c082cb41daa8dcfb161a54",
  "evaluation_time": 10.454325914382935,
  "kg_co2_emissions": null,
  "mteb_version": "1.14.19",
  "scores": {
    "test": [
      {
        "hf_subset": "default",
        "languages": [
          "eng-Latn"
        ],
        "main_score": 0.46605317999977514,
        "map": 0.46605317999977514,
        "mrr": 0.5974431693268258,
        "nAUC_map_diff1": 0.15219599107426363,
        "nAUC_map_max": 0.12206974401443228,
        "nAUC_map_std": -0.05102014514317547,
        "nAUC_mrr_diff1": 0.22215571561482425,
        "nAUC_mrr_max": 0.17586871256126418,
        "nAUC_mrr_std": -0.024687163761731502
      }
    ]
  },
  "task_name": "AskUbuntuDupQuestions"
}