{
  "dataset_revision": "59042f120c80e8afa9cdbb224f67076cec0fc9a7",
  "evaluation_time": 133.95021152496338,
  "kg_co2_emissions": null,
  "mteb_version": "1.14.19",
  "scores": {
    "test": [
      {
        "hf_subset": "default",
        "languages": [
          "eng-Latn"
        ],
        "main_score": 0.28727669901375563,
        "map": 0.28727669901375563,
        "mrr": 0.29610088196847056,
        "nAUC_map_diff1": 0.21605221422423254,
        "nAUC_map_max": -0.20051142188727114,
        "nAUC_map_std": 0.12514934160771302,
        "nAUC_mrr_diff1": 0.18913822399923222,
        "nAUC_mrr_max": -0.14476368873260306,
        "nAUC_mrr_std": 0.10599488782687352
      }
    ]
  },
  "task_name": "MindSmallReranking"
}