{
  "dataset_revision": "20a6d6f312dd54037fe07a32d58e5e168867909d",
  "evaluation_time": 20.792151927947998,
  "kg_co2_emissions": null,
  "mteb_version": "1.14.19",
  "scores": {
    "test": [
      {
        "cosine_pearson": 0.5887031090187558,
        "cosine_spearman": 0.5438894184884117,
        "euclidean_pearson": 0.561192176552122,
        "euclidean_spearman": 0.5467793572962547,
        "hf_subset": "default",
        "languages": [
          "eng-Latn"
        ],
        "main_score": 0.5438894184884117,
        "manhattan_pearson": 0.5552364763169896,
        "manhattan_spearman": 0.5436777364092189,
        "pearson": 0.5887031090187558,
        "spearman": 0.5438894184884117
      }
    ]
  },
  "task_name": "SICK-R"
}