{
  "dataset_revision": "e185fbe320c72810689fc5848eb6114e1ef5ec69",
  "evaluation_time": 58.988293170928955,
  "kg_co2_emissions": null,
  "mteb_version": "1.14.19",
  "scores": {
    "test": [
      {
        "hf_subset": "default",
        "languages": [
          "eng-Latn"
        ],
        "main_score": 0.3688117591808093,
        "map": 0.3688117591808093,
        "mrr": 0.36803367180205415,
        "nAUC_map_diff1": 0.2867214256639905,
        "nAUC_map_max": 0.21428606281102286,
        "nAUC_map_std": 0.05872566036700083,
        "nAUC_mrr_diff1": 0.2816850275119841,
        "nAUC_mrr_max": 0.22000769910636037,
        "nAUC_mrr_std": 0.06121441745123993
      }
    ]
  },
  "task_name": "StackOverflowDupQuestions"
}