{
  "dataset_revision": "ae752c7c21bf194d8b67fd573edf7ae58183cbe3",
  "evaluation_time": 11.508203506469727,
  "kg_co2_emissions": null,
  "mteb_version": "1.14.19",
  "scores": {
    "test": [
      {
        "cosine_pearson": 0.548933907712794,
        "cosine_spearman": 0.58478689472197,
        "euclidean_pearson": 0.5850034534222525,
        "euclidean_spearman": 0.6057716205027887,
        "hf_subset": "default",
        "languages": [
          "eng-Latn"
        ],
        "main_score": 0.58478689472197,
        "manhattan_pearson": 0.6082798154746831,
        "manhattan_spearman": 0.6298343662506413,
        "pearson": 0.548933907712794,
        "spearman": 0.58478689472197
      }
    ]
  },
  "task_name": "STS15"
}