{
  "dataset_revision": "a0d554a64d88156834ff5ae9920b964011b16384",
  "evaluation_time": 10.710226058959961,
  "kg_co2_emissions": null,
  "mteb_version": "1.14.19",
  "scores": {
    "test": [
      {
        "cosine_pearson": 0.46857049895418335,
        "cosine_spearman": 0.4737442668895846,
        "euclidean_pearson": 0.43373690695635925,
        "euclidean_spearman": 0.42588359157076083,
        "hf_subset": "default",
        "languages": [
          "eng-Latn"
        ],
        "main_score": 0.4737442668895846,
        "manhattan_pearson": 0.4643065764030207,
        "manhattan_spearman": 0.4340622215144927,
        "pearson": 0.46857049895418335,
        "spearman": 0.4737442668895846
      }
    ]
  },
  "task_name": "STS12"
}