{
  "dataset_revision": "2000358ca161889fa9c082cb41daa8dcfb161a54",
  "evaluation_time": 8.299384593963623,
  "kg_co2_emissions": null,
  "mteb_version": "1.14.20",
  "scores": {
    "test": [
      {
        "hf_subset": "default",
        "languages": [
          "eng-Latn"
        ],
        "main_score": 0.4366982825392138,
        "map": 0.4366982825392138,
        "mrr": 0.5585575781559161,
        "nAUC_map_diff1": 0.1462482213875806,
        "nAUC_map_max": 0.205451779176961,
        "nAUC_map_std": 0.09659068887831156,
        "nAUC_mrr_diff1": 0.16391771005204003,
        "nAUC_mrr_max": 0.22969052760669278,
        "nAUC_mrr_std": 0.0899918086415324
      }
    ]
  },
  "task_name": "AskUbuntuDupQuestions"
}