{
  "dataset_revision": "e185fbe320c72810689fc5848eb6114e1ef5ec69",
  "evaluation_time": 59.10885143280029,
  "kg_co2_emissions": null,
  "mteb_version": "1.14.20",
  "scores": {
    "test": [
      {
        "hf_subset": "default",
        "languages": [
          "eng-Latn"
        ],
        "main_score": 0.24845531788415293,
        "map": 0.24845531788415293,
        "mrr": 0.23407751358119006,
        "nAUC_map_diff1": 0.1554614333617286,
        "nAUC_map_max": 0.21817327104373155,
        "nAUC_map_std": 0.04864014400586149,
        "nAUC_mrr_diff1": 0.14429008169284938,
        "nAUC_mrr_max": 0.22158877979889083,
        "nAUC_mrr_std": 0.05549662888773372
      }
    ]
  },
  "task_name": "StackOverflowDupQuestions"
}