{
  "dataset_revision": "ae752c7c21bf194d8b67fd573edf7ae58183cbe3",
  "evaluation_time": 12.593703746795654,
  "kg_co2_emissions": null,
  "mteb_version": "1.14.20",
  "scores": {
    "test": [
      {
        "cosine_pearson": 0.3136740727542742,
        "cosine_spearman": 0.333655475844207,
        "euclidean_pearson": 0.3085258907429206,
        "euclidean_spearman": 0.29620494164276745,
        "hf_subset": "default",
        "languages": [
          "eng-Latn"
        ],
        "main_score": 0.333655475844207,
        "manhattan_pearson": 0.3082736778715794,
        "manhattan_spearman": 0.295933745309816,
        "pearson": 0.3136740727542742,
        "spearman": 0.333655475844207
      }
    ]
  },
  "task_name": "STS15"
}