{
  "dataset_revision": "7e90230a92c190f1bf69ae9002b8cea547a64cca",
  "evaluation_time": 6.584629058837891,
  "kg_co2_emissions": null,
  "mteb_version": "1.14.20",
  "scores": {
    "test": [
      {
        "cosine_pearson": 0.17725270894552278,
        "cosine_spearman": 0.19891122293347063,
        "euclidean_pearson": 0.195880025059861,
        "euclidean_spearman": 0.20084416699995553,
        "hf_subset": "default",
        "languages": [
          "eng-Latn"
        ],
        "main_score": 0.19891122293347063,
        "manhattan_pearson": 0.1958221032882839,
        "manhattan_spearman": 0.20062993855073757,
        "pearson": 0.17725270894552278,
        "spearman": 0.19891122293347063
      }
    ]
  },
  "task_name": "STS13"
}