{
  "dataset_revision": "6031580fec1f6af667f0bd2da0a551cf4f0b2375",
  "evaluation_time": 13.332396984100342,
  "kg_co2_emissions": null,
  "mteb_version": "1.14.20",
  "scores": {
    "test": [
      {
        "cosine_pearson": 0.11650467810057125,
        "cosine_spearman": 0.15178561675428062,
        "euclidean_pearson": 0.1394059804506508,
        "euclidean_spearman": 0.15327333156657347,
        "hf_subset": "default",
        "languages": [
          "eng-Latn"
        ],
        "main_score": 0.15178561675428062,
        "manhattan_pearson": 0.13888402208614078,
        "manhattan_spearman": 0.15261383684439997,
        "pearson": 0.11650467810057125,
        "spearman": 0.15178561675428062
      }
    ]
  },
  "task_name": "STS14"
}