{
  "dataset_revision": "a0d554a64d88156834ff5ae9920b964011b16384",
  "evaluation_time": 9.723723888397217,
  "kg_co2_emissions": null,
  "mteb_version": "1.14.20",
  "scores": {
    "test": [
      {
        "cosine_pearson": 0.02006741548719573,
        "cosine_spearman": 0.12483738453512283,
        "euclidean_pearson": 0.09318271299874287,
        "euclidean_spearman": 0.1476742213831416,
        "hf_subset": "default",
        "languages": [
          "eng-Latn"
        ],
        "main_score": 0.12483738453512283,
        "manhattan_pearson": 0.09305496820959239,
        "manhattan_spearman": 0.14759311464263658,
        "pearson": 0.02006741548719573,
        "spearman": 0.12483738453512283
      }
    ]
  },
  "task_name": "STS12"
}