{
  "dataset_revision": "20a6d6f312dd54037fe07a32d58e5e168867909d",
  "evaluation_time": 8.876044511795044,
  "kg_co2_emissions": null,
  "mteb_version": "1.14.20",
  "scores": {
    "test": [
      {
        "cosine_pearson": 0.388136092385302,
        "cosine_spearman": 0.374250104704842,
        "euclidean_pearson": 0.3813598752927352,
        "euclidean_spearman": 0.35984443232173713,
        "hf_subset": "default",
        "languages": [
          "eng-Latn"
        ],
        "main_score": 0.374250104704842,
        "manhattan_pearson": 0.38230514591297793,
        "manhattan_spearman": 0.36091144954579263,
        "pearson": 0.388136092385302,
        "spearman": 0.374250104704842
      }
    ]
  },
  "task_name": "SICK-R"
}