{
  "dataset_revision": "e185fbe320c72810689fc5848eb6114e1ef5ec69",
  "evaluation_time": 24.55020546913147,
  "kg_co2_emissions": null,
  "mteb_version": "1.14.20",
  "scores": {
    "test": [
      {
        "hf_subset": "default",
        "languages": [
          "eng-Latn"
        ],
        "main_score": 0.2800053610680657,
        "map": 0.2800053610680657,
        "mrr": 0.2689737448009507,
        "nAUC_map_diff1": 0.2203681400306696,
        "nAUC_map_max": 0.21041565801748932,
        "nAUC_map_std": 0.06252944015333563,
        "nAUC_mrr_diff1": 0.21171098044975872,
        "nAUC_mrr_max": 0.2123136800044775,
        "nAUC_mrr_std": 0.06803246709415561
      }
    ]
  },
  "task_name": "StackOverflowDupQuestions"
}