{
  "dataset_revision": "ae752c7c21bf194d8b67fd573edf7ae58183cbe3",
  "evaluation_time": 4.301075220108032,
  "kg_co2_emissions": null,
  "mteb_version": "1.14.20",
  "scores": {
    "test": [
      {
        "cosine_pearson": 0.4373642531619662,
        "cosine_spearman": 0.44491586426697544,
        "euclidean_pearson": 0.39902318706300877,
        "euclidean_spearman": 0.3735038839396041,
        "hf_subset": "default",
        "languages": [
          "eng-Latn"
        ],
        "main_score": 0.44491586426697544,
        "manhattan_pearson": 0.39963230585297393,
        "manhattan_spearman": 0.3742258631120388,
        "pearson": 0.4373642531619662,
        "spearman": 0.44491586426697544
      }
    ]
  },
  "task_name": "STS15"
}