{
  "dataset_revision": "2000358ca161889fa9c082cb41daa8dcfb161a54",
  "evaluation_time": 43.018393754959106,
  "kg_co2_emissions": null,
  "mteb_version": "1.14.19",
  "scores": {
    "test": [
      {
        "hf_subset": "default",
        "languages": [
          "eng-Latn"
        ],
        "main_score": 0.5061397915755734,
        "map": 0.5061397915755734,
        "mrr": 0.6509090709229213,
        "nAUC_map_diff1": 0.12380978364703432,
        "nAUC_map_max": 0.1369928033219535,
        "nAUC_map_std": 0.10508683305456555,
        "nAUC_mrr_diff1": 0.17074626900201778,
        "nAUC_mrr_max": 0.1194389237054518,
        "nAUC_mrr_std": 0.08272815184869409
      }
    ]
  },
  "task_name": "AskUbuntuDupQuestions"
}