{
  "dataset_revision": "59042f120c80e8afa9cdbb224f67076cec0fc9a7",
  "evaluation_time": 130.41836595535278,
  "kg_co2_emissions": null,
  "mteb_version": "1.14.20",
  "scores": {
    "test": [
      {
        "hf_subset": "default",
        "languages": [
          "eng-Latn"
        ],
        "main_score": 0.2561098537365615,
        "map": 0.2561098537365615,
        "mrr": 0.25892790015157435,
        "nAUC_map_diff1": 0.19692863430605403,
        "nAUC_map_max": -0.21433331080250848,
        "nAUC_map_std": -0.17021743830376768,
        "nAUC_mrr_diff1": 0.1859549092942881,
        "nAUC_mrr_max": -0.1507879662398189,
        "nAUC_mrr_std": -0.14782440295788182
      }
    ]
  },
  "task_name": "MindSmallReranking"
}