{
  "dataset_revision": "20a6d6f312dd54037fe07a32d58e5e168867909d",
  "evaluation_time": 15.930705547332764,
  "kg_co2_emissions": null,
  "mteb_version": "1.14.20",
  "scores": {
    "test": [
      {
        "cosine_pearson": 0.30102575665369424,
        "cosine_spearman": 0.31159433143652426,
        "euclidean_pearson": 0.3214563658042663,
        "euclidean_spearman": 0.3104215881290561,
        "hf_subset": "default",
        "languages": [
          "eng-Latn"
        ],
        "main_score": 0.31159433143652426,
        "manhattan_pearson": 0.3207902172011097,
        "manhattan_spearman": 0.31007160610452644,
        "pearson": 0.30102575665369424,
        "spearman": 0.31159433143652426
      }
    ]
  },
  "task_name": "SICK-R"
}