{
  "dataset_revision": "ae752c7c21bf194d8b67fd573edf7ae58183cbe3",
  "evaluation_time": 11.44135594367981,
  "kg_co2_emissions": null,
  "mteb_version": "1.14.20",
  "scores": {
    "test": [
      {
        "cosine_pearson": 0.3266409102092955,
        "cosine_spearman": 0.33630693248717286,
        "euclidean_pearson": 0.33796537043819,
        "euclidean_spearman": 0.3282002733346906,
        "hf_subset": "default",
        "languages": [
          "eng-Latn"
        ],
        "main_score": 0.33630693248717286,
        "manhattan_pearson": 0.33721481339104104,
        "manhattan_spearman": 0.32742867434222717,
        "pearson": 0.3266409102092955,
        "spearman": 0.33630693248717286
      }
    ]
  },
  "task_name": "STS15"
}