{
  "dataset_revision": "7e90230a92c190f1bf69ae9002b8cea547a64cca",
  "evaluation_time": 7.022628307342529,
  "kg_co2_emissions": null,
  "mteb_version": "1.14.20",
  "scores": {
    "test": [
      {
        "cosine_pearson": 0.21230037800786225,
        "cosine_spearman": 0.19976542286386734,
        "euclidean_pearson": 0.23002997199555233,
        "euclidean_spearman": 0.22259228099310904,
        "hf_subset": "default",
        "languages": [
          "eng-Latn"
        ],
        "main_score": 0.19976542286386734,
        "manhattan_pearson": 0.2303407293108323,
        "manhattan_spearman": 0.2234197232304864,
        "pearson": 0.21230037800786225,
        "spearman": 0.19976542286386734
      }
    ]
  },
  "task_name": "STS13"
}