{
  "dataset_revision": "2000358ca161889fa9c082cb41daa8dcfb161a54",
  "evaluation_time": 14.790870189666748,
  "kg_co2_emissions": null,
  "mteb_version": "1.14.19",
  "scores": {
    "test": [
      {
        "hf_subset": "default",
        "languages": [
          "eng-Latn"
        ],
        "main_score": 0.468003159881326,
        "map": 0.468003159881326,
        "mrr": 0.5915952161104516,
        "nAUC_map_diff1": 0.06731552136775378,
        "nAUC_map_max": 0.1254202677762719,
        "nAUC_map_std": -0.05830335063752656,
        "nAUC_mrr_diff1": 0.1194021443620252,
        "nAUC_mrr_max": 0.1907560481460294,
        "nAUC_mrr_std": -0.08231717097033285
      }
    ]
  },
  "task_name": "AskUbuntuDupQuestions"
}