{
  "dataset_revision": "d3fb88f8f02e40887cd149695127462bbcf29b4a",
  "evaluation_time": 2.5285959243774414,
  "kg_co2_emissions": null,
  "mteb_version": "1.14.19",
  "scores": {
    "test": [
      {
        "cosine_pearson": 0.4425755272069111,
        "cosine_spearman": 0.5583621202500515,
        "euclidean_pearson": 0.5108015958573702,
        "euclidean_spearman": 0.5559283298547273,
        "hf_subset": "default",
        "languages": [
          "eng-Latn"
        ],
        "main_score": 0.5583621202500515,
        "manhattan_pearson": 0.6418213574265519,
        "manhattan_spearman": 0.6497196235794865,
        "pearson": 0.4425755272069111,
        "spearman": 0.5583621202500515
      }
    ]
  },
  "task_name": "BIOSSES"
}