{
  "dataset_revision": "59042f120c80e8afa9cdbb224f67076cec0fc9a7",
  "evaluation_time": 160.9264256954193,
  "kg_co2_emissions": null,
  "mteb_version": "1.14.19",
  "scores": {
    "test": [
      {
        "hf_subset": "default",
        "languages": [
          "eng-Latn"
        ],
        "main_score": 0.2906026077824815,
        "map": 0.2906026077824815,
        "mrr": 0.2995997454965145,
        "nAUC_map_diff1": 0.2527093888163154,
        "nAUC_map_max": -0.18293696890426897,
        "nAUC_map_std": 0.0521102997821677,
        "nAUC_mrr_diff1": 0.22186871935166916,
        "nAUC_mrr_max": -0.12564494014780747,
        "nAUC_mrr_std": 0.040559315601258965
      }
    ]
  },
  "task_name": "MindSmallReranking"
}