{
  "dataset_revision": "d3c5e1fc0b855ab6097bf1cda04dd73947d7caab",
  "evaluation_time": 125.79109764099121,
  "kg_co2_emissions": null,
  "mteb_version": "1.14.19",
  "scores": {
    "test": [
      {
        "hf_subset": "default",
        "languages": [
          "eng-Latn"
        ],
        "main_score": 0.5826915985637378,
        "map": 0.5826915985637378,
        "mrr": 0.8053273161116299,
        "nAUC_map_diff1": 0.12381256403205215,
        "nAUC_map_max": 0.4226757767335529,
        "nAUC_map_std": 0.30272573443667045,
        "nAUC_mrr_diff1": 0.34616854779394823,
        "nAUC_mrr_max": 0.5045913444842763,
        "nAUC_mrr_std": 0.2305095321935402
      }
    ]
  },
  "task_name": "SciDocsRR"
}