{
  "dataset_revision": "20a6d6f312dd54037fe07a32d58e5e168867909d",
  "evaluation_time": 26.672719955444336,
  "kg_co2_emissions": null,
  "mteb_version": "1.14.19",
  "scores": {
    "test": [
      {
        "cosine_pearson": 0.476181956746394,
        "cosine_spearman": 0.45627519032858305,
        "euclidean_pearson": 0.47073629431541214,
        "euclidean_spearman": 0.45920678429241163,
        "hf_subset": "default",
        "languages": [
          "eng-Latn"
        ],
        "main_score": 0.45627519032858305,
        "manhattan_pearson": 0.4875345275688617,
        "manhattan_spearman": 0.4732896988798949,
        "pearson": 0.476181956746394,
        "spearman": 0.45627519032858305
      }
    ]
  },
  "task_name": "SICK-R"
}