{
  "dataset_revision": "d66bd1f72af766a5cc4b0ca5e00c162f89e8cc46",
  "evaluation_time": 34.58422327041626,
  "kg_co2_emissions": null,
  "mteb_version": "1.14.19",
  "scores": {
    "test": [
      {
        "cosine_accuracy": 0.9904257425742574,
        "cosine_accuracy_threshold": 0.9567515850067139,
        "cosine_ap": 0.14743898533378494,
        "cosine_f1": 0.22462648119526016,
        "cosine_f1_threshold": 0.925748884677887,
        "cosine_precision": 0.2316684378320935,
        "cosine_recall": 0.218,
        "dot_accuracy": 0.9901089108910891,
        "dot_accuracy_threshold": 4108.1982421875,
        "dot_ap": 0.015938224934172907,
        "dot_f1": 0.03240740740740741,
        "dot_f1_threshold": 3334.988037109375,
        "dot_precision": 0.038461538461538464,
        "dot_recall": 0.028,
        "euclidean_accuracy": 0.9907227722772277,
        "euclidean_accuracy_threshold": 17.42296600341797,
        "euclidean_ap": 0.2035559840233293,
        "euclidean_f1": 0.2828402366863906,
        "euclidean_f1_threshold": 20.973848342895508,
        "euclidean_precision": 0.3463768115942029,
        "euclidean_recall": 0.239,
        "hf_subset": "default",
        "languages": [
          "eng-Latn"
        ],
        "main_score": 0.35625903714476204,
        "manhattan_accuracy": 0.9914158415841584,
        "manhattan_accuracy_threshold": 580.8082885742188,
        "manhattan_ap": 0.35625903714476204,
        "manhattan_f1": 0.40320733104238254,
        "manhattan_f1_threshold": 645.5696411132812,
        "manhattan_precision": 0.4718498659517426,
        "manhattan_recall": 0.352,
        "max_accuracy": 0.9914158415841584,
        "max_ap": 0.35625903714476204,
        "max_f1": 0.40320733104238254,
        "max_precision": 0.4718498659517426,
        "max_recall": 0.352,
        "similarity_accuracy": 0.9904257425742574,
        "similarity_accuracy_threshold": 0.9567515850067139,
        "similarity_ap": 0.14743898533378494,
        "similarity_f1": 0.22462648119526016,
        "similarity_f1_threshold": 0.925748884677887,
        "similarity_precision": 0.2316684378320935,
        "similarity_recall": 0.218
      }
    ],
    "validation": [
      {
        "cosine_accuracy": 0.9903366336633663,
        "cosine_accuracy_threshold": 0.965772271156311,
        "cosine_ap": 0.10078493702565763,
        "cosine_f1": 0.15599239061509196,
        "cosine_f1_threshold": 0.9310910701751709,
        "cosine_precision": 0.21317157712305027,
        "cosine_recall": 0.123,
        "dot_accuracy": 0.9900891089108911,
        "dot_accuracy_threshold": 4045.837646484375,
        "dot_ap": 0.016290628099547327,
        "dot_f1": 0.041264266900790166,
        "dot_f1_threshold": 3313.939453125,
        "dot_precision": 0.036776212832550864,
        "dot_recall": 0.047,
        "euclidean_accuracy": 0.9903960396039604,
        "euclidean_accuracy_threshold": 17.490989685058594,
        "euclidean_ap": 0.13086218504372266,
        "euclidean_f1": 0.2078614257161892,
        "euclidean_f1_threshold": 20.856693267822266,
        "euclidean_precision": 0.31137724550898205,
        "euclidean_recall": 0.156,
        "hf_subset": "default",
        "languages": [
          "eng-Latn"
        ],
        "main_score": 0.26529835983197925,
        "manhattan_accuracy": 0.9907623762376238,
        "manhattan_accuracy_threshold": 595.2357177734375,
        "manhattan_ap": 0.26529835983197925,
        "manhattan_f1": 0.3335180055401662,
        "manhattan_f1_threshold": 658.399169921875,
        "manhattan_precision": 0.3739130434782609,
        "manhattan_recall": 0.301,
        "max_accuracy": 0.9907623762376238,
        "max_ap": 0.26529835983197925,
        "max_f1": 0.3335180055401662,
        "max_precision": 0.3739130434782609,
        "max_recall": 0.301,
        "similarity_accuracy": 0.9903366336633663,
        "similarity_accuracy_threshold": 0.965772271156311,
        "similarity_ap": 0.10078493702565763,
        "similarity_f1": 0.15599239061509196,
        "similarity_f1_threshold": 0.9310910701751709,
        "similarity_precision": 0.21317157712305027,
        "similarity_recall": 0.123
      }
    ]
  },
  "task_name": "SprintDuplicateQuestions"
}