{
  "dataset_revision": "e185fbe320c72810689fc5848eb6114e1ef5ec69",
  "evaluation_time": 79.4537308216095,
  "kg_co2_emissions": null,
  "mteb_version": "1.14.19",
  "scores": {
    "test": [
      {
        "hf_subset": "default",
        "languages": [
          "eng-Latn"
        ],
        "main_score": 0.3514314494393134,
        "map": 0.3514314494393134,
        "mrr": 0.35058078155504624,
        "nAUC_map_diff1": 0.24757917419372769,
        "nAUC_map_max": 0.18994825666018164,
        "nAUC_map_std": 0.043597190829402235,
        "nAUC_mrr_diff1": 0.24396033162323863,
        "nAUC_mrr_max": 0.19393385457929707,
        "nAUC_mrr_std": 0.04659862777776753
      }
    ]
  },
  "task_name": "StackOverflowDupQuestions"
}