{
  "dataset_revision": "a0d554a64d88156834ff5ae9920b964011b16384",
  "evaluation_time": 14.235491752624512,
  "kg_co2_emissions": null,
  "mteb_version": "1.14.19",
  "scores": {
    "test": [
      {
        "cosine_pearson": 0.41315569408389874,
        "cosine_spearman": 0.4560093021723342,
        "euclidean_pearson": 0.3802650127290509,
        "euclidean_spearman": 0.39658276623199834,
        "hf_subset": "default",
        "languages": [
          "eng-Latn"
        ],
        "main_score": 0.4560093021723342,
        "manhattan_pearson": 0.43407606952075956,
        "manhattan_spearman": 0.43041026222425893,
        "pearson": 0.41315569408389874,
        "spearman": 0.4560093021723342
      }
    ]
  },
  "task_name": "STS12"
}