{
  "dataset_revision": "ae752c7c21bf194d8b67fd573edf7ae58183cbe3",
  "evaluation_time": 18.194713354110718,
  "kg_co2_emissions": null,
  "mteb_version": "1.14.19",
  "scores": {
    "test": [
      {
        "cosine_pearson": 0.4838436863244815,
        "cosine_spearman": 0.5209730056522379,
        "euclidean_pearson": 0.5456175217683708,
        "euclidean_spearman": 0.5612731959582654,
        "hf_subset": "default",
        "languages": [
          "eng-Latn"
        ],
        "main_score": 0.5209730056522379,
        "manhattan_pearson": 0.5727413723147233,
        "manhattan_spearman": 0.5918871221546602,
        "pearson": 0.4838436863244815,
        "spearman": 0.5209730056522379
      }
    ]
  },
  "task_name": "STS15"
}