{
  "dataset_revision": "2000358ca161889fa9c082cb41daa8dcfb161a54",
  "evaluation_time": 8.379139423370361,
  "kg_co2_emissions": null,
  "mteb_version": "1.14.20",
  "scores": {
    "test": [
      {
        "hf_subset": "default",
        "languages": [
          "eng-Latn"
        ],
        "main_score": 0.4368291073577461,
        "map": 0.4368291073577461,
        "mrr": 0.5578210878072375,
        "nAUC_map_diff1": 0.13866822038965218,
        "nAUC_map_max": 0.19853579942181385,
        "nAUC_map_std": 0.10328563974052994,
        "nAUC_mrr_diff1": 0.16091903566698335,
        "nAUC_mrr_max": 0.2313185438051239,
        "nAUC_mrr_std": 0.10772310495616895
      }
    ]
  },
  "task_name": "AskUbuntuDupQuestions"
}