{
  "dataset_revision": "d3fb88f8f02e40887cd149695127462bbcf29b4a",
  "evaluation_time": 2.011138916015625,
  "kg_co2_emissions": null,
  "mteb_version": "1.14.20",
  "scores": {
    "test": [
      {
        "cosine_pearson": -0.06018936907142859,
        "cosine_spearman": -0.03045852534346352,
        "euclidean_pearson": -0.03712462834820192,
        "euclidean_spearman": -0.003253086171968019,
        "hf_subset": "default",
        "languages": [
          "eng-Latn"
        ],
        "main_score": -0.03045852534346352,
        "manhattan_pearson": -0.040333225881798634,
        "manhattan_spearman": -0.0007590534401258711,
        "pearson": -0.06018936907142859,
        "spearman": -0.03045852534346352
      }
    ]
  },
  "task_name": "BIOSSES"
}