{
  "dataset_revision": "4d8694f8f0e0100860b497b999b3dbed754a0513",
  "evaluation_time": 6.889722108840942,
  "kg_co2_emissions": null,
  "mteb_version": "1.14.20",
  "scores": {
    "test": [
      {
        "cosine_pearson": 0.24570312606511358,
        "cosine_spearman": 0.27292410906751013,
        "euclidean_pearson": 0.2601206320166805,
        "euclidean_spearman": 0.2637624990035119,
        "hf_subset": "default",
        "languages": [
          "eng-Latn"
        ],
        "main_score": 0.27292410906751013,
        "manhattan_pearson": 0.26018952497508635,
        "manhattan_spearman": 0.2638929185341762,
        "pearson": 0.24570312606511358,
        "spearman": 0.27292410906751013
      }
    ]
  },
  "task_name": "STS16"
}