{
  "dataset_revision": "6031580fec1f6af667f0bd2da0a551cf4f0b2375",
  "evaluation_time": 11.887045860290527,
  "kg_co2_emissions": null,
  "mteb_version": "1.14.20",
  "scores": {
    "test": [
      {
        "cosine_pearson": 0.11497139529656822,
        "cosine_spearman": 0.14935711436046517,
        "euclidean_pearson": 0.137391109487749,
        "euclidean_spearman": 0.15077366184743204,
        "hf_subset": "default",
        "languages": [
          "eng-Latn"
        ],
        "main_score": 0.14935711436046517,
        "manhattan_pearson": 0.13694967619457218,
        "manhattan_spearman": 0.15021125214363412,
        "pearson": 0.11497139529656822,
        "spearman": 0.14935711436046517
      }
    ]
  },
  "task_name": "STS14"
}