{
  "dataset_revision": "2000358ca161889fa9c082cb41daa8dcfb161a54",
  "evaluation_time": 12.22184419631958,
  "kg_co2_emissions": null,
  "mteb_version": "1.14.19",
  "scores": {
    "test": [
      {
        "hf_subset": "default",
        "languages": [
          "eng-Latn"
        ],
        "main_score": 0.46423359056911634,
        "map": 0.46423359056911634,
        "mrr": 0.5978443916809568,
        "nAUC_map_diff1": 0.10694351452234267,
        "nAUC_map_max": 0.13101837048180795,
        "nAUC_map_std": -0.06858104499506332,
        "nAUC_mrr_diff1": 0.16670748844854316,
        "nAUC_mrr_max": 0.19579216523974224,
        "nAUC_mrr_std": -0.08567145376601952
      }
    ]
  },
  "task_name": "AskUbuntuDupQuestions"
}