{
  "dataset_revision": "59042f120c80e8afa9cdbb224f67076cec0fc9a7",
  "evaluation_time": 134.8352406024933,
  "kg_co2_emissions": null,
  "mteb_version": "1.14.19",
  "scores": {
    "test": [
      {
        "hf_subset": "default",
        "languages": [
          "eng-Latn"
        ],
        "main_score": 0.2898089038729032,
        "map": 0.2898089038729032,
        "mrr": 0.2989556719997387,
        "nAUC_map_diff1": 0.24216172725892077,
        "nAUC_map_max": -0.18353305668073744,
        "nAUC_map_std": 0.08398429298258185,
        "nAUC_mrr_diff1": 0.21184524576035021,
        "nAUC_mrr_max": -0.1271038022804012,
        "nAUC_mrr_std": 0.06931372361967193
      }
    ]
  },
  "task_name": "MindSmallReranking"
}