{
  "dataset_revision": "20a6d6f312dd54037fe07a32d58e5e168867909d",
  "evaluation_time": 22.674684286117554,
  "kg_co2_emissions": null,
  "mteb_version": "1.14.19",
  "scores": {
    "test": [
      {
        "cosine_pearson": 0.5047544545986757,
        "cosine_spearman": 0.47840406858757994,
        "euclidean_pearson": 0.49642342478565177,
        "euclidean_spearman": 0.4838996583066925,
        "hf_subset": "default",
        "languages": [
          "eng-Latn"
        ],
        "main_score": 0.47840406858757994,
        "manhattan_pearson": 0.5051292242493517,
        "manhattan_spearman": 0.4919234944828336,
        "pearson": 0.5047544545986757,
        "spearman": 0.47840406858757994
      }
    ]
  },
  "task_name": "SICK-R"
}