{
  "dataset_revision": "d66bd1f72af766a5cc4b0ca5e00c162f89e8cc46",
  "evaluation_time": 36.5510139465332,
  "kg_co2_emissions": null,
  "mteb_version": "1.14.19",
  "scores": {
    "test": [
      {
        "cosine_accuracy": 0.9903663366336634,
        "cosine_accuracy_threshold": 0.9619992971420288,
        "cosine_ap": 0.13693442254401986,
        "cosine_f1": 0.20594059405940593,
        "cosine_f1_threshold": 0.9342502355575562,
        "cosine_precision": 0.20392156862745098,
        "cosine_recall": 0.208,
        "dot_accuracy": 0.9901089108910891,
        "dot_accuracy_threshold": 5046.556640625,
        "dot_ap": 0.014969098132778304,
        "dot_f1": 0.034526529576034526,
        "dot_f1_threshold": 3689.817626953125,
        "dot_precision": 0.023137121469887716,
        "dot_recall": 0.068,
        "euclidean_accuracy": 0.9906336633663366,
        "euclidean_accuracy_threshold": 17.022018432617188,
        "euclidean_ap": 0.18470037678958545,
        "euclidean_f1": 0.25866336633663367,
        "euclidean_f1_threshold": 20.939523696899414,
        "euclidean_precision": 0.3392857142857143,
        "euclidean_recall": 0.209,
        "hf_subset": "default",
        "languages": [
          "eng-Latn"
        ],
        "main_score": 0.33494724433670514,
        "manhattan_accuracy": 0.9912574257425742,
        "manhattan_accuracy_threshold": 579.9281005859375,
        "manhattan_ap": 0.33494724433670514,
        "manhattan_f1": 0.3904761904761905,
        "manhattan_f1_threshold": 616.0065307617188,
        "manhattan_precision": 0.4823529411764706,
        "manhattan_recall": 0.328,
        "max_accuracy": 0.9912574257425742,
        "max_ap": 0.33494724433670514,
        "max_f1": 0.3904761904761905,
        "max_precision": 0.4823529411764706,
        "max_recall": 0.328,
        "similarity_accuracy": 0.9903663366336634,
        "similarity_accuracy_threshold": 0.9619992971420288,
        "similarity_ap": 0.13693442254401986,
        "similarity_f1": 0.20594059405940593,
        "similarity_f1_threshold": 0.9342502355575562,
        "similarity_precision": 0.20392156862745098,
        "similarity_recall": 0.208
      }
    ],
    "validation": [
      {
        "cosine_accuracy": 0.9903267326732673,
        "cosine_accuracy_threshold": 0.9592266082763672,
        "cosine_ap": 0.09917781957231944,
        "cosine_f1": 0.15793151642208247,
        "cosine_f1_threshold": 0.9419748783111572,
        "cosine_precision": 0.26218097447795824,
        "cosine_recall": 0.113,
        "dot_accuracy": 0.9900891089108911,
        "dot_accuracy_threshold": 4948.02490234375,
        "dot_ap": 0.015608360078915404,
        "dot_f1": 0.04206642066420664,
        "dot_f1_threshold": 3863.011962890625,
        "dot_precision": 0.03333333333333333,
        "dot_recall": 0.057,
        "euclidean_accuracy": 0.9903960396039604,
        "euclidean_accuracy_threshold": 17.629817962646484,
        "euclidean_ap": 0.11912677956011479,
        "euclidean_f1": 0.1890201528839472,
        "euclidean_f1_threshold": 20.652973175048828,
        "euclidean_precision": 0.3097949886104784,
        "euclidean_recall": 0.136,
        "hf_subset": "default",
        "languages": [
          "eng-Latn"
        ],
        "main_score": 0.23681319654311098,
        "manhattan_accuracy": 0.9906138613861386,
        "manhattan_accuracy_threshold": 550.1392822265625,
        "manhattan_ap": 0.23681319654311098,
        "manhattan_f1": 0.3106904231625835,
        "manhattan_f1_threshold": 634.925537109375,
        "manhattan_precision": 0.35050251256281406,
        "manhattan_recall": 0.279,
        "max_accuracy": 0.9906138613861386,
        "max_ap": 0.23681319654311098,
        "max_f1": 0.3106904231625835,
        "max_precision": 0.35050251256281406,
        "max_recall": 0.279,
        "similarity_accuracy": 0.9903267326732673,
        "similarity_accuracy_threshold": 0.9592266082763672,
        "similarity_ap": 0.09917781957231944,
        "similarity_f1": 0.15793151642208247,
        "similarity_f1_threshold": 0.9419748783111572,
        "similarity_precision": 0.26218097447795824,
        "similarity_recall": 0.113
      }
    ]
  },
  "task_name": "SprintDuplicateQuestions"
}