{
  "dataset_revision": "e185fbe320c72810689fc5848eb6114e1ef5ec69",
  "evaluation_time": 69.39638662338257,
  "kg_co2_emissions": null,
  "mteb_version": "1.14.19",
  "scores": {
    "test": [
      {
        "hf_subset": "default",
        "languages": [
          "eng-Latn"
        ],
        "main_score": 0.35436109959872686,
        "map": 0.35436109959872686,
        "mrr": 0.35291889483065947,
        "nAUC_map_diff1": 0.28633270445279757,
        "nAUC_map_max": 0.2066728320521039,
        "nAUC_map_std": 0.022374454386276645,
        "nAUC_mrr_diff1": 0.28406551043145756,
        "nAUC_mrr_max": 0.21169123738170048,
        "nAUC_mrr_std": 0.02607894917286619
      }
    ]
  },
  "task_name": "StackOverflowDupQuestions"
}