{
  "dataset_revision": "6031580fec1f6af667f0bd2da0a551cf4f0b2375",
  "evaluation_time": 20.013805866241455,
  "kg_co2_emissions": null,
  "mteb_version": "1.14.19",
  "scores": {
    "test": [
      {
        "cosine_pearson": 0.40997345933843193,
        "cosine_spearman": 0.395155332874049,
        "euclidean_pearson": 0.43758994222859515,
        "euclidean_spearman": 0.4222348425306507,
        "hf_subset": "default",
        "languages": [
          "eng-Latn"
        ],
        "main_score": 0.395155332874049,
        "manhattan_pearson": 0.47037891326358267,
        "manhattan_spearman": 0.4533414153569544,
        "pearson": 0.40997345933843193,
        "spearman": 0.395155332874049
      }
    ]
  },
  "task_name": "STS14"
}