{
  "dataset_revision": "b0fddb56ed78048fa8b90373c8a3cfc37b684831",
  "evaluation_time": 5.752523422241211,
  "kg_co2_emissions": null,
  "mteb_version": "1.14.19",
  "scores": {
    "test": [
      {
        "cosine_pearson": 0.45203672390042443,
        "cosine_spearman": 0.4591771579484532,
        "euclidean_pearson": 0.4517983958416174,
        "euclidean_spearman": 0.4517099524079065,
        "hf_subset": "default",
        "languages": [
          "eng-Latn"
        ],
        "main_score": 0.4591771579484532,
        "manhattan_pearson": 0.4731841059745428,
        "manhattan_spearman": 0.466505940668767,
        "pearson": 0.45203672390042443,
        "spearman": 0.4591771579484532
      }
    ]
  },
  "task_name": "STSBenchmark"
}