{
  "dataset_revision": "2000358ca161889fa9c082cb41daa8dcfb161a54",
  "evaluation_time": 7.536677598953247,
  "kg_co2_emissions": null,
  "mteb_version": "1.14.20",
  "scores": {
    "test": [
      {
        "hf_subset": "default",
        "languages": [
          "eng-Latn"
        ],
        "main_score": 0.4295334791400124,
        "map": 0.4295334791400124,
        "mrr": 0.5380226882996966,
        "nAUC_map_diff1": 0.15255663514480403,
        "nAUC_map_max": 0.18883976716539125,
        "nAUC_map_std": 0.08919764500314815,
        "nAUC_mrr_diff1": 0.19275555321634982,
        "nAUC_mrr_max": 0.23946038957409607,
        "nAUC_mrr_std": 0.10508337649886881
      }
    ]
  },
  "task_name": "AskUbuntuDupQuestions"
}