{
  "dataset_revision": "d3fb88f8f02e40887cd149695127462bbcf29b4a",
  "evaluation_time": 2.746342897415161,
  "kg_co2_emissions": null,
  "mteb_version": "1.14.20",
  "scores": {
    "test": [
      {
        "cosine_pearson": 0.07978789464624006,
        "cosine_spearman": 0.08918877921478983,
        "euclidean_pearson": 0.08359570790832153,
        "euclidean_spearman": 0.10118302841550897,
        "hf_subset": "default",
        "languages": [
          "eng-Latn"
        ],
        "main_score": 0.08918877921478983,
        "manhattan_pearson": 0.08008333227886401,
        "manhattan_spearman": 0.09214065370416823,
        "pearson": 0.07978789464624006,
        "spearman": 0.08918877921478983
      }
    ]
  },
  "task_name": "BIOSSES"
}