{
  "dataset_revision": "59042f120c80e8afa9cdbb224f67076cec0fc9a7",
  "evaluation_time": 121.33762240409851,
  "kg_co2_emissions": null,
  "mteb_version": "1.14.20",
  "scores": {
    "test": [
      {
        "hf_subset": "default",
        "languages": [
          "eng-Latn"
        ],
        "main_score": 0.2552229084870961,
        "map": 0.2552229084870961,
        "mrr": 0.2579389525035723,
        "nAUC_map_diff1": 0.15561947444129096,
        "nAUC_map_max": -0.24242559861562993,
        "nAUC_map_std": -0.16637489034778793,
        "nAUC_mrr_diff1": 0.1457667288337573,
        "nAUC_mrr_max": -0.174105647026983,
        "nAUC_mrr_std": -0.13101947661545157
      }
    ]
  },
  "task_name": "MindSmallReranking"
}