{
  "dataset_revision": "ae752c7c21bf194d8b67fd573edf7ae58183cbe3",
  "evaluation_time": 8.740134239196777,
  "kg_co2_emissions": null,
  "mteb_version": "1.14.20",
  "scores": {
    "test": [
      {
        "cosine_pearson": 0.31631307700640243,
        "cosine_spearman": 0.3275676002526487,
        "euclidean_pearson": 0.319226932981694,
        "euclidean_spearman": 0.3012013915153429,
        "hf_subset": "default",
        "languages": [
          "eng-Latn"
        ],
        "main_score": 0.3275676002526487,
        "manhattan_pearson": 0.3195344345854977,
        "manhattan_spearman": 0.30142077825663877,
        "pearson": 0.31631307700640243,
        "spearman": 0.3275676002526487
      }
    ]
  },
  "task_name": "STS15"
}