{
  "dataset_revision": "d3fb88f8f02e40887cd149695127462bbcf29b4a",
  "evaluation_time": 2.2237162590026855,
  "kg_co2_emissions": null,
  "mteb_version": "1.14.20",
  "scores": {
    "test": [
      {
        "cosine_pearson": 0.02506198245053032,
        "cosine_spearman": 0.06515811117778905,
        "euclidean_pearson": 0.02527490291489232,
        "euclidean_spearman": 0.06251949683830388,
        "hf_subset": "default",
        "languages": [
          "eng-Latn"
        ],
        "main_score": 0.06515811117778905,
        "manhattan_pearson": 0.02797625606902071,
        "manhattan_spearman": 0.06860999706026623,
        "pearson": 0.02506198245053032,
        "spearman": 0.06515811117778905
      }
    ]
  },
  "task_name": "BIOSSES"
}