{
  "dataset_revision": "6031580fec1f6af667f0bd2da0a551cf4f0b2375",
  "evaluation_time": 12.990493059158325,
  "kg_co2_emissions": null,
  "mteb_version": "1.14.20",
  "scores": {
    "test": [
      {
        "cosine_pearson": 0.1066997291819436,
        "cosine_spearman": 0.1386489866173392,
        "euclidean_pearson": 0.13012509457992552,
        "euclidean_spearman": 0.13998562299008466,
        "hf_subset": "default",
        "languages": [
          "eng-Latn"
        ],
        "main_score": 0.1386489866173392,
        "manhattan_pearson": 0.12964571931583752,
        "manhattan_spearman": 0.1395841947159596,
        "pearson": 0.1066997291819436,
        "spearman": 0.1386489866173392
      }
    ]
  },
  "task_name": "STS14"
}