{
  "dataset_revision": "d3c5e1fc0b855ab6097bf1cda04dd73947d7caab",
  "evaluation_time": 104.6661868095398,
  "kg_co2_emissions": null,
  "mteb_version": "1.14.20",
  "scores": {
    "test": [
      {
        "hf_subset": "default",
        "languages": [
          "eng-Latn"
        ],
        "main_score": 0.32865172653457486,
        "map": 0.32865172653457486,
        "mrr": 0.5068840926684064,
        "nAUC_map_diff1": 0.1916860176473867,
        "nAUC_map_max": 0.3048876345133196,
        "nAUC_map_std": 0.11127616438673978,
        "nAUC_mrr_diff1": 0.2673757989207408,
        "nAUC_mrr_max": 0.30936638849016534,
        "nAUC_mrr_std": 0.07365447206386365
      }
    ]
  },
  "task_name": "SciDocsRR"
}