{
  "dataset_revision": "b0fddb56ed78048fa8b90373c8a3cfc37b684831",
  "evaluation_time": 5.917845964431763,
  "kg_co2_emissions": null,
  "mteb_version": "1.14.20",
  "scores": {
    "test": [
      {
        "cosine_pearson": 0.09204807310431203,
        "cosine_spearman": 0.11794485706736237,
        "euclidean_pearson": 0.11045985396823518,
        "euclidean_spearman": 0.11496935283484189,
        "hf_subset": "default",
        "languages": [
          "eng-Latn"
        ],
        "main_score": 0.11794485706736237,
        "manhattan_pearson": 0.10953367356356955,
        "manhattan_spearman": 0.11509628366928949,
        "pearson": 0.09204807310431203,
        "spearman": 0.11794485706736237
      }
    ]
  },
  "task_name": "STSBenchmark"
}