{
  "dataset_revision": "e185fbe320c72810689fc5848eb6114e1ef5ec69",
  "evaluation_time": 41.66037964820862,
  "kg_co2_emissions": null,
  "mteb_version": "1.14.20",
  "scores": {
    "test": [
      {
        "hf_subset": "default",
        "languages": [
          "eng-Latn"
        ],
        "main_score": 0.2531202480174178,
        "map": 0.2531202480174178,
        "mrr": 0.23981835158305745,
        "nAUC_map_diff1": 0.18353451896415954,
        "nAUC_map_max": 0.22306579234384669,
        "nAUC_map_std": 0.07914210627801238,
        "nAUC_mrr_diff1": 0.17778609761007838,
        "nAUC_mrr_max": 0.22000386764774235,
        "nAUC_mrr_std": 0.08242751480920482
      }
    ]
  },
  "task_name": "StackOverflowDupQuestions"
}