{
  "dataset_revision": "6031580fec1f6af667f0bd2da0a551cf4f0b2375",
  "evaluation_time": 9.896158218383789,
  "kg_co2_emissions": null,
  "mteb_version": "1.14.20",
  "scores": {
    "test": [
      {
        "cosine_pearson": 0.13242631574873398,
        "cosine_spearman": 0.1543015290691787,
        "euclidean_pearson": 0.15982201087021441,
        "euclidean_spearman": 0.1668564023077992,
        "hf_subset": "default",
        "languages": [
          "eng-Latn"
        ],
        "main_score": 0.1543015290691787,
        "manhattan_pearson": 0.15972292011912886,
        "manhattan_spearman": 0.16649621487214933,
        "pearson": 0.13242631574873398,
        "spearman": 0.1543015290691787
      }
    ]
  },
  "task_name": "STS14"
}