{
  "dataset_revision": "2000358ca161889fa9c082cb41daa8dcfb161a54",
  "evaluation_time": 9.328655242919922,
  "kg_co2_emissions": null,
  "mteb_version": "1.14.20",
  "scores": {
    "test": [
      {
        "hf_subset": "default",
        "languages": [
          "eng-Latn"
        ],
        "main_score": 0.4337727681990414,
        "map": 0.4337727681990414,
        "mrr": 0.5570703073473157,
        "nAUC_map_diff1": 0.1316259683739988,
        "nAUC_map_max": 0.18945459918617102,
        "nAUC_map_std": 0.076010715807326,
        "nAUC_mrr_diff1": 0.14445605051117108,
        "nAUC_mrr_max": 0.23428436199665625,
        "nAUC_mrr_std": 0.08367594522626083
      }
    ]
  },
  "task_name": "AskUbuntuDupQuestions"
}