{
  "dataset_revision": "59042f120c80e8afa9cdbb224f67076cec0fc9a7",
  "evaluation_time": 125.60180497169495,
  "kg_co2_emissions": null,
  "mteb_version": "1.14.20",
  "scores": {
    "test": [
      {
        "hf_subset": "default",
        "languages": [
          "eng-Latn"
        ],
        "main_score": 0.2561640327587462,
        "map": 0.2561640327587462,
        "mrr": 0.25980252373299834,
        "nAUC_map_diff1": 0.1698354256654108,
        "nAUC_map_max": -0.21908184461292485,
        "nAUC_map_std": -0.13435821861581862,
        "nAUC_mrr_diff1": 0.15388837760349178,
        "nAUC_mrr_max": -0.14914889287861846,
        "nAUC_mrr_std": -0.10424816249592879
      }
    ]
  },
  "task_name": "MindSmallReranking"
}