{
  "dataset_revision": "a0d554a64d88156834ff5ae9920b964011b16384",
  "evaluation_time": 11.497147798538208,
  "kg_co2_emissions": null,
  "mteb_version": "1.14.20",
  "scores": {
    "test": [
      {
        "cosine_pearson": 0.03336711723566278,
        "cosine_spearman": 0.13048799105090425,
        "euclidean_pearson": 0.09421885239833457,
        "euclidean_spearman": 0.14765399502504498,
        "hf_subset": "default",
        "languages": [
          "eng-Latn"
        ],
        "main_score": 0.13048799105090425,
        "manhattan_pearson": 0.09414698497305721,
        "manhattan_spearman": 0.14782054494332725,
        "pearson": 0.03336711723566278,
        "spearman": 0.13048799105090425
      }
    ]
  },
  "task_name": "STS12"
}