{
  "dataset_revision": "6031580fec1f6af667f0bd2da0a551cf4f0b2375",
  "evaluation_time": 11.884268045425415,
  "kg_co2_emissions": null,
  "mteb_version": "1.14.20",
  "scores": {
    "test": [
      {
        "cosine_pearson": 0.11267691983034103,
        "cosine_spearman": 0.1448673929016743,
        "euclidean_pearson": 0.13476517860065257,
        "euclidean_spearman": 0.14675524771832116,
        "hf_subset": "default",
        "languages": [
          "eng-Latn"
        ],
        "main_score": 0.1448673929016743,
        "manhattan_pearson": 0.1340920967923005,
        "manhattan_spearman": 0.146274493608889,
        "pearson": 0.11267691983034103,
        "spearman": 0.1448673929016743
      }
    ]
  },
  "task_name": "STS14"
}