{
  "dataset_revision": "2000358ca161889fa9c082cb41daa8dcfb161a54",
  "evaluation_time": 39.09975552558899,
  "kg_co2_emissions": null,
  "mteb_version": "1.14.19",
  "scores": {
    "test": [
      {
        "hf_subset": "default",
        "languages": [
          "eng-Latn"
        ],
        "main_score": 0.5093262163040435,
        "map": 0.5093262163040435,
        "mrr": 0.654816866728224,
        "nAUC_map_diff1": 0.12563384903722932,
        "nAUC_map_max": 0.15263468292006985,
        "nAUC_map_std": 0.08957378883050611,
        "nAUC_mrr_diff1": 0.15822643362472125,
        "nAUC_mrr_max": 0.1480148927847062,
        "nAUC_mrr_std": 0.07029438504021725
      }
    ]
  },
  "task_name": "AskUbuntuDupQuestions"
}