{
  "dataset_revision": "2000358ca161889fa9c082cb41daa8dcfb161a54",
  "evaluation_time": 8.290489196777344,
  "kg_co2_emissions": null,
  "mteb_version": "1.14.20",
  "scores": {
    "test": [
      {
        "hf_subset": "default",
        "languages": [
          "eng-Latn"
        ],
        "main_score": 0.4390380425846076,
        "map": 0.4390380425846076,
        "mrr": 0.5619740139823242,
        "nAUC_map_diff1": 0.1589120494696147,
        "nAUC_map_max": 0.20009911084094367,
        "nAUC_map_std": 0.09319880781676976,
        "nAUC_mrr_diff1": 0.17837926573024618,
        "nAUC_mrr_max": 0.2290725928900202,
        "nAUC_mrr_std": 0.09646908142984656
      }
    ]
  },
  "task_name": "AskUbuntuDupQuestions"
}