{
  "dataset_revision": "e185fbe320c72810689fc5848eb6114e1ef5ec69",
  "evaluation_time": 55.80923318862915,
  "kg_co2_emissions": null,
  "mteb_version": "1.14.20",
  "scores": {
    "test": [
      {
        "hf_subset": "default",
        "languages": [
          "eng-Latn"
        ],
        "main_score": 0.24989510850080007,
        "map": 0.24989510850080007,
        "mrr": 0.2356313927085986,
        "nAUC_map_diff1": 0.15357527793299,
        "nAUC_map_max": 0.21845138477654602,
        "nAUC_map_std": 0.04614677156840119,
        "nAUC_mrr_diff1": 0.14248018931757708,
        "nAUC_mrr_max": 0.22192217303704567,
        "nAUC_mrr_std": 0.05311506391767936
      }
    ]
  },
  "task_name": "StackOverflowDupQuestions"
}