{
  "dataset_revision": "b0fddb56ed78048fa8b90373c8a3cfc37b684831",
  "evaluation_time": 5.275634765625,
  "kg_co2_emissions": null,
  "mteb_version": "1.14.20",
  "scores": {
    "test": [
      {
        "cosine_pearson": 0.0829329495278655,
        "cosine_spearman": 0.11570142426351906,
        "euclidean_pearson": 0.11387704463533849,
        "euclidean_spearman": 0.12189566547771297,
        "hf_subset": "default",
        "languages": [
          "eng-Latn"
        ],
        "main_score": 0.11570142426351906,
        "manhattan_pearson": 0.11404588711423135,
        "manhattan_spearman": 0.12225480384779641,
        "pearson": 0.0829329495278655,
        "spearman": 0.11570142426351906
      }
    ]
  },
  "task_name": "STSBenchmark"
}