{
  "dataset_revision": "2000358ca161889fa9c082cb41daa8dcfb161a54",
  "evaluation_time": 9.092410326004028,
  "kg_co2_emissions": null,
  "mteb_version": "1.14.20",
  "scores": {
    "test": [
      {
        "hf_subset": "default",
        "languages": [
          "eng-Latn"
        ],
        "main_score": 0.4171145415388515,
        "map": 0.4171145415388515,
        "mrr": 0.5274128303214176,
        "nAUC_map_diff1": 0.07962739622097013,
        "nAUC_map_max": 0.13941020701893686,
        "nAUC_map_std": 0.03682271505648542,
        "nAUC_mrr_diff1": 0.10829324358835418,
        "nAUC_mrr_max": 0.21724539161349066,
        "nAUC_mrr_std": 0.06968824459645681
      }
    ]
  },
  "task_name": "AskUbuntuDupQuestions"
}