{
  "dataset_revision": "d3c5e1fc0b855ab6097bf1cda04dd73947d7caab",
  "evaluation_time": 119.91108083724976,
  "kg_co2_emissions": null,
  "mteb_version": "1.14.20",
  "scores": {
    "test": [
      {
        "hf_subset": "default",
        "languages": [
          "eng-Latn"
        ],
        "main_score": 0.3223858676986804,
        "map": 0.3223858676986804,
        "mrr": 0.4922118277510435,
        "nAUC_map_diff1": 0.17402554614462087,
        "nAUC_map_max": 0.29877702748830065,
        "nAUC_map_std": 0.0764395975245092,
        "nAUC_mrr_diff1": 0.2457364419887183,
        "nAUC_mrr_max": 0.29681426398679767,
        "nAUC_mrr_std": 0.035542969301110935
      }
    ]
  },
  "task_name": "SciDocsRR"
}