{
  "dataset_revision": "e185fbe320c72810689fc5848eb6114e1ef5ec69",
  "evaluation_time": 82.16369199752808,
  "kg_co2_emissions": null,
  "mteb_version": "1.14.20",
  "scores": {
    "test": [
      {
        "hf_subset": "default",
        "languages": [
          "eng-Latn"
        ],
        "main_score": 0.24293192084681758,
        "map": 0.24293192084681758,
        "mrr": 0.22791412019353197,
        "nAUC_map_diff1": 0.1680905249220266,
        "nAUC_map_max": 0.19843903023934809,
        "nAUC_map_std": 0.06084247188879887,
        "nAUC_mrr_diff1": 0.15762976438740683,
        "nAUC_mrr_max": 0.20184750085720954,
        "nAUC_mrr_std": 0.06422196504795925
      }
    ]
  },
  "task_name": "StackOverflowDupQuestions"
}