{
  "dataset_revision": "4d8694f8f0e0100860b497b999b3dbed754a0513",
  "evaluation_time": 9.72220230102539,
  "kg_co2_emissions": null,
  "mteb_version": "1.14.20",
  "scores": {
    "test": [
      {
        "cosine_pearson": 0.2138656268373061,
        "cosine_spearman": 0.2551465445294628,
        "euclidean_pearson": 0.2469572075271606,
        "euclidean_spearman": 0.24889874412767207,
        "hf_subset": "default",
        "languages": [
          "eng-Latn"
        ],
        "main_score": 0.2551465445294628,
        "manhattan_pearson": 0.24664166277663602,
        "manhattan_spearman": 0.2485948648335058,
        "pearson": 0.2138656268373061,
        "spearman": 0.2551465445294628
      }
    ]
  },
  "task_name": "STS16"
}