{
  "dataset_revision": "6031580fec1f6af667f0bd2da0a551cf4f0b2375",
  "evaluation_time": 13.668590784072876,
  "kg_co2_emissions": null,
  "mteb_version": "1.14.20",
  "scores": {
    "test": [
      {
        "cosine_pearson": 0.12553277429832976,
        "cosine_spearman": 0.14531049379163483,
        "euclidean_pearson": 0.1424500612276964,
        "euclidean_spearman": 0.14755706215757303,
        "hf_subset": "default",
        "languages": [
          "eng-Latn"
        ],
        "main_score": 0.14531049379163483,
        "manhattan_pearson": 0.14203471415836486,
        "manhattan_spearman": 0.14693840705155134,
        "pearson": 0.12553277429832976,
        "spearman": 0.14531049379163483
      }
    ]
  },
  "task_name": "STS14"
}