{
  "dataset_revision": "4d8694f8f0e0100860b497b999b3dbed754a0513",
  "evaluation_time": 4.644449710845947,
  "kg_co2_emissions": null,
  "mteb_version": "1.14.20",
  "scores": {
    "test": [
      {
        "cosine_pearson": 0.3044212186090942,
        "cosine_spearman": 0.3214886676877407,
        "euclidean_pearson": 0.3039430705566769,
        "euclidean_spearman": 0.2990501924464249,
        "hf_subset": "default",
        "languages": [
          "eng-Latn"
        ],
        "main_score": 0.3214886676877407,
        "manhattan_pearson": 0.30290567574558624,
        "manhattan_spearman": 0.2977532793560016,
        "pearson": 0.3044212186090942,
        "spearman": 0.3214886676877407
      }
    ]
  },
  "task_name": "STS16"
}