{
  "dataset_revision": "ae752c7c21bf194d8b67fd573edf7ae58183cbe3",
  "evaluation_time": 6.922828197479248,
  "kg_co2_emissions": null,
  "mteb_version": "1.14.20",
  "scores": {
    "test": [
      {
        "cosine_pearson": 0.3610350562653784,
        "cosine_spearman": 0.3747667276212979,
        "euclidean_pearson": 0.3534314073552432,
        "euclidean_spearman": 0.33135451402570915,
        "hf_subset": "default",
        "languages": [
          "eng-Latn"
        ],
        "main_score": 0.3747667276212979,
        "manhattan_pearson": 0.35305904441524566,
        "manhattan_spearman": 0.3306822905773621,
        "pearson": 0.3610350562653784,
        "spearman": 0.3747667276212979
      }
    ]
  },
  "task_name": "STS15"
}