{
  "dataset_revision": "b0fddb56ed78048fa8b90373c8a3cfc37b684831",
  "evaluation_time": 3.498940944671631,
  "kg_co2_emissions": null,
  "mteb_version": "1.14.20",
  "scores": {
    "test": [
      {
        "cosine_pearson": 0.15739600133918638,
        "cosine_spearman": 0.18331572577292324,
        "euclidean_pearson": 0.1792671426010028,
        "euclidean_spearman": 0.18294063256964913,
        "hf_subset": "default",
        "languages": [
          "eng-Latn"
        ],
        "main_score": 0.18331572577292324,
        "manhattan_pearson": 0.18075804889258199,
        "manhattan_spearman": 0.18376820621663956,
        "pearson": 0.15739600133918638,
        "spearman": 0.18331572577292324
      }
    ]
  },
  "task_name": "STSBenchmark"
}