{
  "dataset_revision": "59042f120c80e8afa9cdbb224f67076cec0fc9a7",
  "evaluation_time": 115.26432943344116,
  "kg_co2_emissions": null,
  "mteb_version": "1.14.20",
  "scores": {
    "test": [
      {
        "hf_subset": "default",
        "languages": [
          "eng-Latn"
        ],
        "main_score": 0.2557626218266318,
        "map": 0.2557626218266318,
        "mrr": 0.2601182980264009,
        "nAUC_map_diff1": 0.09265214121340001,
        "nAUC_map_max": -0.21000705606504166,
        "nAUC_map_std": -0.0838500401754917,
        "nAUC_mrr_diff1": 0.09203899092326917,
        "nAUC_mrr_max": -0.1404807959230146,
        "nAUC_mrr_std": -0.0426065571092835
      }
    ]
  },
  "task_name": "MindSmallReranking"
}