{
  "dataset_revision": "ae752c7c21bf194d8b67fd573edf7ae58183cbe3",
  "evaluation_time": 6.433688402175903,
  "kg_co2_emissions": null,
  "mteb_version": "1.14.20",
  "scores": {
    "test": [
      {
        "cosine_pearson": 0.37650123488921416,
        "cosine_spearman": 0.40254828757031186,
        "euclidean_pearson": 0.35683049236587217,
        "euclidean_spearman": 0.33504506199912426,
        "hf_subset": "default",
        "languages": [
          "eng-Latn"
        ],
        "main_score": 0.40254828757031186,
        "manhattan_pearson": 0.35642472664390856,
        "manhattan_spearman": 0.334471261138624,
        "pearson": 0.37650123488921416,
        "spearman": 0.40254828757031186
      }
    ]
  },
  "task_name": "STS15"
}