{
  "dataset_revision": "6031580fec1f6af667f0bd2da0a551cf4f0b2375",
  "evaluation_time": 6.8790366649627686,
  "kg_co2_emissions": null,
  "mteb_version": "1.14.20",
  "scores": {
    "test": [
      {
        "cosine_pearson": 0.17375524441476678,
        "cosine_spearman": 0.21902499326734134,
        "euclidean_pearson": 0.20163467119018993,
        "euclidean_spearman": 0.20990399676776283,
        "hf_subset": "default",
        "languages": [
          "eng-Latn"
        ],
        "main_score": 0.21902499326734134,
        "manhattan_pearson": 0.20152421806611506,
        "manhattan_spearman": 0.20949170494665806,
        "pearson": 0.17375524441476678,
        "spearman": 0.21902499326734134
      }
    ]
  },
  "task_name": "STS14"
}