{
  "dataset_revision": "2000358ca161889fa9c082cb41daa8dcfb161a54",
  "evaluation_time": 12.60562801361084,
  "kg_co2_emissions": null,
  "mteb_version": "1.14.19",
  "scores": {
    "test": [
      {
        "hf_subset": "default",
        "languages": [
          "eng-Latn"
        ],
        "main_score": 0.4635581134256484,
        "map": 0.4635581134256484,
        "mrr": 0.5943422151870905,
        "nAUC_map_diff1": 0.14705299179009496,
        "nAUC_map_max": 0.14808475156489007,
        "nAUC_map_std": -0.05844495227808471,
        "nAUC_mrr_diff1": 0.201125677879683,
        "nAUC_mrr_max": 0.21598997162051264,
        "nAUC_mrr_std": -0.06125915532640994
      }
    ]
  },
  "task_name": "AskUbuntuDupQuestions"
}