{
  "dataset_revision": "d3fb88f8f02e40887cd149695127462bbcf29b4a",
  "evaluation_time": 2.036952257156372,
  "kg_co2_emissions": null,
  "mteb_version": "1.14.19",
  "scores": {
    "test": [
      {
        "cosine_pearson": 0.45314458152022297,
        "cosine_spearman": 0.5533861032536708,
        "euclidean_pearson": 0.5251504705211051,
        "euclidean_spearman": 0.5631212648349676,
        "hf_subset": "default",
        "languages": [
          "eng-Latn"
        ],
        "main_score": 0.5533861032536708,
        "manhattan_pearson": 0.6475908188010043,
        "manhattan_spearman": 0.6508039856368094,
        "pearson": 0.45314458152022297,
        "spearman": 0.5533861032536708
      }
    ]
  },
  "task_name": "BIOSSES"
}