{
  "dataset_revision": "d3c5e1fc0b855ab6097bf1cda04dd73947d7caab",
  "evaluation_time": 106.11648678779602,
  "kg_co2_emissions": null,
  "mteb_version": "1.14.19",
  "scores": {
    "test": [
      {
        "hf_subset": "default",
        "languages": [
          "eng-Latn"
        ],
        "main_score": 0.6224838027722592,
        "map": 0.6224838027722592,
        "mrr": 0.8413200180357042,
        "nAUC_map_diff1": 0.1095546793818162,
        "nAUC_map_max": 0.4339005234661816,
        "nAUC_map_std": 0.2931626608455821,
        "nAUC_mrr_diff1": 0.3394465470400227,
        "nAUC_mrr_max": 0.5304689741345837,
        "nAUC_mrr_std": 0.24102434909861328
      }
    ]
  },
  "task_name": "SciDocsRR"
}