{
  "dataset_revision": "20a6d6f312dd54037fe07a32d58e5e168867909d",
  "evaluation_time": 22.668583869934082,
  "kg_co2_emissions": null,
  "mteb_version": "1.14.19",
  "scores": {
    "test": [
      {
        "cosine_pearson": 0.5218689069947001,
        "cosine_spearman": 0.4916539284916408,
        "euclidean_pearson": 0.5104234642798667,
        "euclidean_spearman": 0.49717879581428903,
        "hf_subset": "default",
        "languages": [
          "eng-Latn"
        ],
        "main_score": 0.4916539284916408,
        "manhattan_pearson": 0.51294732303112,
        "manhattan_spearman": 0.5005874903203765,
        "pearson": 0.5218689069947001,
        "spearman": 0.4916539284916408
      }
    ]
  },
  "task_name": "SICK-R"
}