{
  "dataset_revision": "d66bd1f72af766a5cc4b0ca5e00c162f89e8cc46",
  "evaluation_time": 35.112494230270386,
  "kg_co2_emissions": null,
  "mteb_version": "1.14.19",
  "scores": {
    "test": [
      {
        "cosine_accuracy": 0.9904158415841584,
        "cosine_accuracy_threshold": 0.9566577672958374,
        "cosine_ap": 0.1550777497500201,
        "cosine_f1": 0.22327341532639544,
        "cosine_f1_threshold": 0.9302715063095093,
        "cosine_precision": 0.2118491921005386,
        "cosine_recall": 0.236,
        "dot_accuracy": 0.9901089108910891,
        "dot_accuracy_threshold": 4887.96484375,
        "dot_ap": 0.0162012531782919,
        "dot_f1": 0.03677581863979849,
        "dot_f1_threshold": 3577.82666015625,
        "dot_precision": 0.02457912457912458,
        "dot_recall": 0.073,
        "euclidean_accuracy": 0.9906534653465346,
        "euclidean_accuracy_threshold": 16.918468475341797,
        "euclidean_ap": 0.20108513321635038,
        "euclidean_f1": 0.27068493150684925,
        "euclidean_f1_threshold": 21.6978816986084,
        "euclidean_precision": 0.2993939393939394,
        "euclidean_recall": 0.247,
        "hf_subset": "default",
        "languages": [
          "eng-Latn"
        ],
        "main_score": 0.3512821409908432,
        "manhattan_accuracy": 0.9913861386138614,
        "manhattan_accuracy_threshold": 580.4608764648438,
        "manhattan_ap": 0.3512821409908432,
        "manhattan_f1": 0.392156862745098,
        "manhattan_f1_threshold": 616.34375,
        "manhattan_precision": 0.5063291139240507,
        "manhattan_recall": 0.32,
        "max_accuracy": 0.9913861386138614,
        "max_ap": 0.3512821409908432,
        "max_f1": 0.392156862745098,
        "max_precision": 0.5063291139240507,
        "max_recall": 0.32,
        "similarity_accuracy": 0.9904158415841584,
        "similarity_accuracy_threshold": 0.9566577672958374,
        "similarity_ap": 0.1550777497500201,
        "similarity_f1": 0.22327341532639544,
        "similarity_f1_threshold": 0.9302715063095093,
        "similarity_precision": 0.2118491921005386,
        "similarity_recall": 0.236
      }
    ],
    "validation": [
      {
        "cosine_accuracy": 0.9903663366336634,
        "cosine_accuracy_threshold": 0.9589201807975769,
        "cosine_ap": 0.10819897132152059,
        "cosine_f1": 0.1683599419448476,
        "cosine_f1_threshold": 0.9311118125915527,
        "cosine_precision": 0.16307403936269915,
        "cosine_recall": 0.174,
        "dot_accuracy": 0.9900891089108911,
        "dot_accuracy_threshold": 4781.8310546875,
        "dot_ap": 0.016374574939720606,
        "dot_f1": 0.043912175648702596,
        "dot_f1_threshold": 3839.380859375,
        "dot_precision": 0.043824701195219126,
        "dot_recall": 0.044,
        "euclidean_accuracy": 0.9904158415841584,
        "euclidean_accuracy_threshold": 17.776592254638672,
        "euclidean_ap": 0.12841192765937914,
        "euclidean_f1": 0.19785458879618592,
        "euclidean_f1_threshold": 21.601329803466797,
        "euclidean_precision": 0.2448377581120944,
        "euclidean_recall": 0.166,
        "hf_subset": "default",
        "languages": [
          "eng-Latn"
        ],
        "main_score": 0.24980374654927717,
        "manhattan_accuracy": 0.9907425742574257,
        "manhattan_accuracy_threshold": 559.88623046875,
        "manhattan_ap": 0.24980374654927717,
        "manhattan_f1": 0.3284424379232506,
        "manhattan_f1_threshold": 639.4254760742188,
        "manhattan_precision": 0.37694300518134716,
        "manhattan_recall": 0.291,
        "max_accuracy": 0.9907425742574257,
        "max_ap": 0.24980374654927717,
        "max_f1": 0.3284424379232506,
        "max_precision": 0.37694300518134716,
        "max_recall": 0.291,
        "similarity_accuracy": 0.9903663366336634,
        "similarity_accuracy_threshold": 0.9589201807975769,
        "similarity_ap": 0.10819897132152059,
        "similarity_f1": 0.1683599419448476,
        "similarity_f1_threshold": 0.9311118125915527,
        "similarity_precision": 0.16307403936269915,
        "similarity_recall": 0.174
      }
    ]
  },
  "task_name": "SprintDuplicateQuestions"
}