{
  "dataset_revision": "e185fbe320c72810689fc5848eb6114e1ef5ec69",
  "evaluation_time": 66.98078513145447,
  "kg_co2_emissions": null,
  "mteb_version": "1.14.19",
  "scores": {
    "test": [
      {
        "hf_subset": "default",
        "languages": [
          "eng-Latn"
        ],
        "main_score": 0.36093292282634243,
        "map": 0.36093292282634243,
        "mrr": 0.3598052478567184,
        "nAUC_map_diff1": 0.28335149306804197,
        "nAUC_map_max": 0.20732963157802312,
        "nAUC_map_std": 0.037024303739774306,
        "nAUC_mrr_diff1": 0.28249924206657273,
        "nAUC_mrr_max": 0.21042402772618707,
        "nAUC_mrr_std": 0.04052793764243148
      }
    ]
  },
  "task_name": "StackOverflowDupQuestions"
}