{
  "dataset_revision": "ae752c7c21bf194d8b67fd573edf7ae58183cbe3",
  "evaluation_time": 12.87262225151062,
  "kg_co2_emissions": null,
  "mteb_version": "1.14.19",
  "scores": {
    "test": [
      {
        "cosine_pearson": 0.5119377141987014,
        "cosine_spearman": 0.5513980000720258,
        "euclidean_pearson": 0.5686763752707532,
        "euclidean_spearman": 0.5883209740303283,
        "hf_subset": "default",
        "languages": [
          "eng-Latn"
        ],
        "main_score": 0.5513980000720258,
        "manhattan_pearson": 0.5931353180021365,
        "manhattan_spearman": 0.6156300836028314,
        "pearson": 0.5119377141987014,
        "spearman": 0.5513980000720258
      }
    ]
  },
  "task_name": "STS15"
}