{
  "dataset_revision": "6031580fec1f6af667f0bd2da0a551cf4f0b2375",
  "evaluation_time": 19.4413845539093,
  "kg_co2_emissions": null,
  "mteb_version": "1.14.19",
  "scores": {
    "test": [
      {
        "cosine_pearson": 0.4189480307145481,
        "cosine_spearman": 0.40363963469488223,
        "euclidean_pearson": 0.44642480769177645,
        "euclidean_spearman": 0.4300023843377607,
        "hf_subset": "default",
        "languages": [
          "eng-Latn"
        ],
        "main_score": 0.40363963469488223,
        "manhattan_pearson": 0.4746914005605847,
        "manhattan_spearman": 0.45691119824438925,
        "pearson": 0.4189480307145481,
        "spearman": 0.40363963469488223
      }
    ]
  },
  "task_name": "STS14"
}