{
  "dataset_revision": "d3fb88f8f02e40887cd149695127462bbcf29b4a",
  "evaluation_time": 1.8193135261535645,
  "kg_co2_emissions": null,
  "mteb_version": "1.14.19",
  "scores": {
    "test": [
      {
        "cosine_pearson": 0.34521226949720374,
        "cosine_spearman": 0.524590266398102,
        "euclidean_pearson": 0.4184702748700767,
        "euclidean_spearman": 0.5001198293045203,
        "hf_subset": "default",
        "languages": [
          "eng-Latn"
        ],
        "main_score": 0.524590266398102,
        "manhattan_pearson": 0.5460473987337682,
        "manhattan_spearman": 0.56084410451459,
        "pearson": 0.34521226949720374,
        "spearman": 0.524590266398102
      }
    ]
  },
  "task_name": "BIOSSES"
}