{
  "dataset_revision": "59042f120c80e8afa9cdbb224f67076cec0fc9a7",
  "evaluation_time": 117.21830892562866,
  "kg_co2_emissions": null,
  "mteb_version": "1.14.19",
  "scores": {
    "test": [
      {
        "hf_subset": "default",
        "languages": [
          "eng-Latn"
        ],
        "main_score": 0.2827436853619822,
        "map": 0.2827436853619822,
        "mrr": 0.28978818189995553,
        "nAUC_map_diff1": 0.21650354271183575,
        "nAUC_map_max": -0.2167803368903123,
        "nAUC_map_std": 0.09049053032096833,
        "nAUC_mrr_diff1": 0.19311564267803458,
        "nAUC_mrr_max": -0.1649053959710276,
        "nAUC_mrr_std": 0.07782115973175661
      }
    ]
  },
  "task_name": "MindSmallReranking"
}