{
  "dataset_revision": "d3c5e1fc0b855ab6097bf1cda04dd73947d7caab",
  "evaluation_time": 42.15612602233887,
  "kg_co2_emissions": null,
  "mteb_version": "1.14.19",
  "scores": {
    "test": [
      {
        "hf_subset": "default",
        "languages": [
          "eng-Latn"
        ],
        "main_score": 0.5569779779706573,
        "map": 0.5569779779706573,
        "mrr": 0.80195639509365,
        "nAUC_map_diff1": 0.1881993141692307,
        "nAUC_map_max": 0.4387017917658422,
        "nAUC_map_std": 0.23580639750762294,
        "nAUC_mrr_diff1": 0.43455394643307443,
        "nAUC_mrr_max": 0.5221649845593822,
        "nAUC_mrr_std": 0.23200457498425547
      }
    ]
  },
  "task_name": "SciDocsRR"
}