{
  "dataset_revision": "20a6d6f312dd54037fe07a32d58e5e168867909d",
  "evaluation_time": 11.670625925064087,
  "kg_co2_emissions": null,
  "mteb_version": "1.14.19",
  "scores": {
    "test": [
      {
        "cosine_pearson": 0.617779753944209,
        "cosine_spearman": 0.5627482633613685,
        "euclidean_pearson": 0.5793423748478826,
        "euclidean_spearman": 0.5564459422141,
        "hf_subset": "default",
        "languages": [
          "eng-Latn"
        ],
        "main_score": 0.5627482633613685,
        "manhattan_pearson": 0.5811590847852061,
        "manhattan_spearman": 0.5598647356063353,
        "pearson": 0.617779753944209,
        "spearman": 0.5627482633613685
      }
    ]
  },
  "task_name": "SICK-R"
}