{
  "dataset_revision": "d66bd1f72af766a5cc4b0ca5e00c162f89e8cc46",
  "evaluation_time": 20.517895221710205,
  "kg_co2_emissions": null,
  "mteb_version": "1.14.19",
  "scores": {
    "test": [
      {
        "cosine_accuracy": 0.9922970297029703,
        "cosine_accuracy_threshold": 0.9575577974319458,
        "cosine_ap": 0.48200349043843926,
        "cosine_f1": 0.4890829694323144,
        "cosine_f1_threshold": 0.947512149810791,
        "cosine_precision": 0.5384615384615384,
        "cosine_recall": 0.448,
        "dot_accuracy": 0.9901089108910891,
        "dot_accuracy_threshold": 3858.26025390625,
        "dot_ap": 0.03024082991102303,
        "dot_f1": 0.07393364928909953,
        "dot_f1_threshold": 3189.79345703125,
        "dot_precision": 0.07027027027027027,
        "dot_recall": 0.078,
        "euclidean_accuracy": 0.9923564356435643,
        "euclidean_accuracy_threshold": 15.764229774475098,
        "euclidean_ap": 0.4878245291369419,
        "euclidean_f1": 0.49972175848636613,
        "euclidean_f1_threshold": 17.497203826904297,
        "euclidean_precision": 0.5633626097867002,
        "euclidean_recall": 0.449,
        "hf_subset": "default",
        "languages": [
          "eng-Latn"
        ],
        "main_score": 0.5921016488049939,
        "manhattan_accuracy": 0.9932574257425743,
        "manhattan_accuracy_threshold": 485.00128173828125,
        "manhattan_ap": 0.5921016488049939,
        "manhattan_f1": 0.5803964757709251,
        "manhattan_f1_threshold": 528.7328491210938,
        "manhattan_precision": 0.6458333333333334,
        "manhattan_recall": 0.527,
        "max_accuracy": 0.9932574257425743,
        "max_ap": 0.5921016488049939,
        "max_f1": 0.5803964757709251,
        "max_precision": 0.6458333333333334,
        "max_recall": 0.527,
        "similarity_accuracy": 0.9922970297029703,
        "similarity_accuracy_threshold": 0.9575577974319458,
        "similarity_ap": 0.48200349043843926,
        "similarity_f1": 0.4890829694323144,
        "similarity_f1_threshold": 0.947512149810791,
        "similarity_precision": 0.5384615384615384,
        "similarity_recall": 0.448
      }
    ],
    "validation": [
      {
        "cosine_accuracy": 0.9915742574257426,
        "cosine_accuracy_threshold": 0.9576764106750488,
        "cosine_ap": 0.3782428513848035,
        "cosine_f1": 0.4146955208857574,
        "cosine_f1_threshold": 0.9442264437675476,
        "cosine_precision": 0.41742654508611954,
        "cosine_recall": 0.412,
        "dot_accuracy": 0.9901188118811881,
        "dot_accuracy_threshold": 3797.208984375,
        "dot_ap": 0.036159153595692724,
        "dot_f1": 0.07204968944099378,
        "dot_f1_threshold": 3273.050048828125,
        "dot_precision": 0.09508196721311475,
        "dot_recall": 0.058,
        "euclidean_accuracy": 0.9918019801980198,
        "euclidean_accuracy_threshold": 15.997854232788086,
        "euclidean_ap": 0.38618346812333876,
        "euclidean_f1": 0.4269005847953216,
        "euclidean_f1_threshold": 17.527233123779297,
        "euclidean_precision": 0.5140845070422535,
        "euclidean_recall": 0.365,
        "hf_subset": "default",
        "languages": [
          "eng-Latn"
        ],
        "main_score": 0.5126520422951347,
        "manhattan_accuracy": 0.9926435643564356,
        "manhattan_accuracy_threshold": 493.49237060546875,
        "manhattan_ap": 0.5126520422951347,
        "manhattan_f1": 0.5240641711229945,
        "manhattan_f1_threshold": 537.7952270507812,
        "manhattan_precision": 0.5632183908045977,
        "manhattan_recall": 0.49,
        "max_accuracy": 0.9926435643564356,
        "max_ap": 0.5126520422951347,
        "max_f1": 0.5240641711229945,
        "max_precision": 0.5632183908045977,
        "max_recall": 0.49,
        "similarity_accuracy": 0.9915742574257426,
        "similarity_accuracy_threshold": 0.9576764106750488,
        "similarity_ap": 0.3782428513848035,
        "similarity_f1": 0.4146955208857574,
        "similarity_f1_threshold": 0.9442264437675476,
        "similarity_precision": 0.41742654508611954,
        "similarity_recall": 0.412
      }
    ]
  },
  "task_name": "SprintDuplicateQuestions"
}