{
  "dataset_revision": "e185fbe320c72810689fc5848eb6114e1ef5ec69",
  "evaluation_time": 28.410123586654663,
  "kg_co2_emissions": null,
  "mteb_version": "1.14.19",
  "scores": {
    "test": [
      {
        "hf_subset": "default",
        "languages": [
          "eng-Latn"
        ],
        "main_score": 0.3769215416807896,
        "map": 0.3769215416807896,
        "mrr": 0.37590532425091244,
        "nAUC_map_diff1": 0.31748862763593033,
        "nAUC_map_max": 0.23686310297897545,
        "nAUC_map_std": 0.04733529888677301,
        "nAUC_mrr_diff1": 0.3119419630529962,
        "nAUC_mrr_max": 0.25112497153862806,
        "nAUC_mrr_std": 0.05480670636354137
      }
    ]
  },
  "task_name": "StackOverflowDupQuestions"
}