{
  "dataset_revision": "7e90230a92c190f1bf69ae9002b8cea547a64cca",
  "evaluation_time": 3.5779385566711426,
  "kg_co2_emissions": null,
  "mteb_version": "1.14.19",
  "scores": {
    "test": [
      {
        "cosine_pearson": 0.528076453660145,
        "cosine_spearman": 0.5354220640752343,
        "euclidean_pearson": 0.5368887542904577,
        "euclidean_spearman": 0.5344412547748134,
        "hf_subset": "default",
        "languages": [
          "eng-Latn"
        ],
        "main_score": 0.5354220640752343,
        "manhattan_pearson": 0.5561337607381495,
        "manhattan_spearman": 0.5526700549306809,
        "pearson": 0.528076453660145,
        "spearman": 0.5354220640752343
      }
    ]
  },
  "task_name": "STS13"
}