{
  "dataset_revision": "ae752c7c21bf194d8b67fd573edf7ae58183cbe3",
  "evaluation_time": 5.541047096252441,
  "kg_co2_emissions": null,
  "mteb_version": "1.14.19",
  "scores": {
    "test": [
      {
        "cosine_pearson": 0.5400610097173072,
        "cosine_spearman": 0.5849532659108642,
        "euclidean_pearson": 0.5499640121830858,
        "euclidean_spearman": 0.5643367881950934,
        "hf_subset": "default",
        "languages": [
          "eng-Latn"
        ],
        "main_score": 0.5849532659108642,
        "manhattan_pearson": 0.5919530007276994,
        "manhattan_spearman": 0.6044669998586654,
        "pearson": 0.5400610097173072,
        "spearman": 0.5849532659108642
      }
    ]
  },
  "task_name": "STS15"
}