{
  "dataset_revision": "6031580fec1f6af667f0bd2da0a551cf4f0b2375",
  "evaluation_time": 7.393944263458252,
  "kg_co2_emissions": null,
  "mteb_version": "1.14.19",
  "scores": {
    "test": [
      {
        "cosine_pearson": 0.47003480926638624,
        "cosine_spearman": 0.4789275595216163,
        "euclidean_pearson": 0.47519685854278326,
        "euclidean_spearman": 0.4694068000535611,
        "hf_subset": "default",
        "languages": [
          "eng-Latn"
        ],
        "main_score": 0.4789275595216163,
        "manhattan_pearson": 0.5202523530569656,
        "manhattan_spearman": 0.5051897161822217,
        "pearson": 0.47003480926638624,
        "spearman": 0.4789275595216163
      }
    ]
  },
  "task_name": "STS14"
}