{
  "dataset_revision": "d3fb88f8f02e40887cd149695127462bbcf29b4a",
  "evaluation_time": 1.596991777420044,
  "kg_co2_emissions": null,
  "mteb_version": "1.14.20",
  "scores": {
    "test": [
      {
        "cosine_pearson": 0.32459545739295753,
        "cosine_spearman": 0.30663951710989656,
        "euclidean_pearson": 0.3083826749745656,
        "euclidean_spearman": 0.29489828572255267,
        "hf_subset": "default",
        "languages": [
          "eng-Latn"
        ],
        "main_score": 0.30663951710989656,
        "manhattan_pearson": 0.31168097846776993,
        "manhattan_spearman": 0.303808127293554,
        "pearson": 0.32459545739295753,
        "spearman": 0.30663951710989656
      }
    ]
  },
  "task_name": "BIOSSES"
}