{
  "dataset_revision": "59042f120c80e8afa9cdbb224f67076cec0fc9a7",
  "evaluation_time": 109.32195091247559,
  "kg_co2_emissions": null,
  "mteb_version": "1.14.20",
  "scores": {
    "test": [
      {
        "hf_subset": "default",
        "languages": [
          "eng-Latn"
        ],
        "main_score": 0.26272685217749864,
        "map": 0.26272685217749864,
        "mrr": 0.26772503554411703,
        "nAUC_map_diff1": 0.11006972534658342,
        "nAUC_map_max": -0.19829202431901152,
        "nAUC_map_std": -0.13031437944597257,
        "nAUC_mrr_diff1": 0.11629000464108576,
        "nAUC_mrr_max": -0.13063120109224,
        "nAUC_mrr_std": -0.09796660103817327
      }
    ]
  },
  "task_name": "MindSmallReranking"
}