{
  "dataset_revision": "e185fbe320c72810689fc5848eb6114e1ef5ec69",
  "evaluation_time": 24.627538681030273,
  "kg_co2_emissions": null,
  "mteb_version": "1.14.20",
  "scores": {
    "test": [
      {
        "hf_subset": "default",
        "languages": [
          "eng-Latn"
        ],
        "main_score": 0.2758294169224702,
        "map": 0.2758294169224702,
        "mrr": 0.26602779369323487,
        "nAUC_map_diff1": 0.22712188958713578,
        "nAUC_map_max": 0.22071170295633163,
        "nAUC_map_std": 0.08949448686544335,
        "nAUC_mrr_diff1": 0.2177007628064861,
        "nAUC_mrr_max": 0.22071340235731823,
        "nAUC_mrr_std": 0.0943383661200219
      }
    ]
  },
  "task_name": "StackOverflowDupQuestions"
}