{
  "dataset_revision": "a0d554a64d88156834ff5ae9920b964011b16384",
  "evaluation_time": 5.074778318405151,
  "kg_co2_emissions": null,
  "mteb_version": "1.14.20",
  "scores": {
    "test": [
      {
        "cosine_pearson": 0.10606772128743536,
        "cosine_spearman": 0.18799404131172273,
        "euclidean_pearson": 0.1853405274012782,
        "euclidean_spearman": 0.21305256089952815,
        "hf_subset": "default",
        "languages": [
          "eng-Latn"
        ],
        "main_score": 0.18799404131172273,
        "manhattan_pearson": 0.18368273875575705,
        "manhattan_spearman": 0.2124209717988858,
        "pearson": 0.10606772128743536,
        "spearman": 0.18799404131172273
      }
    ]
  },
  "task_name": "STS12"
}