{
  "dataset_revision": "2000358ca161889fa9c082cb41daa8dcfb161a54",
  "evaluation_time": 16.382355451583862,
  "kg_co2_emissions": null,
  "mteb_version": "1.14.19",
  "scores": {
    "test": [
      {
        "hf_subset": "default",
        "languages": [
          "eng-Latn"
        ],
        "main_score": 0.48349342612969626,
        "map": 0.48349342612969626,
        "mrr": 0.6082245086400212,
        "nAUC_map_diff1": 0.07301431188932789,
        "nAUC_map_max": 0.13760697677149614,
        "nAUC_map_std": -0.0063711891673667,
        "nAUC_mrr_diff1": 0.13836878521393753,
        "nAUC_mrr_max": 0.20693797931388386,
        "nAUC_mrr_std": -0.031546204602444214
      }
    ]
  },
  "task_name": "AskUbuntuDupQuestions"
}