{
  "dataset_revision": "59042f120c80e8afa9cdbb224f67076cec0fc9a7",
  "evaluation_time": 185.47489619255066,
  "kg_co2_emissions": null,
  "mteb_version": "1.14.19",
  "scores": {
    "test": [
      {
        "hf_subset": "default",
        "languages": [
          "eng-Latn"
        ],
        "main_score": 0.3098325628212696,
        "map": 0.3098325628212696,
        "mrr": 0.32059466079702054,
        "nAUC_map_diff1": 0.2277570485414431,
        "nAUC_map_max": -0.20656142959125584,
        "nAUC_map_std": -0.05037511265412069,
        "nAUC_mrr_diff1": 0.20194249057934283,
        "nAUC_mrr_max": -0.14835105780101973,
        "nAUC_mrr_std": -0.04567996917416403
      }
    ]
  },
  "task_name": "MindSmallReranking"
}