{
  "dataset_revision": "d3c5e1fc0b855ab6097bf1cda04dd73947d7caab",
  "evaluation_time": 142.10427689552307,
  "kg_co2_emissions": null,
  "mteb_version": "1.14.19",
  "scores": {
    "test": [
      {
        "hf_subset": "default",
        "languages": [
          "eng-Latn"
        ],
        "main_score": 0.6429974826918355,
        "map": 0.6429974826918355,
        "mrr": 0.8512626988117183,
        "nAUC_map_diff1": 0.09416270960701645,
        "nAUC_map_max": 0.4404169770469958,
        "nAUC_map_std": 0.4449674073764324,
        "nAUC_mrr_diff1": 0.3293584132979094,
        "nAUC_mrr_max": 0.5813316812346085,
        "nAUC_mrr_std": 0.3922668650043873
      }
    ]
  },
  "task_name": "SciDocsRR"
}