{
  "dataset_revision": "20a6d6f312dd54037fe07a32d58e5e168867909d",
  "evaluation_time": 29.4505398273468,
  "kg_co2_emissions": null,
  "mteb_version": "1.14.19",
  "scores": {
    "test": [
      {
        "cosine_pearson": 0.5152055389648358,
        "cosine_spearman": 0.46449821229923777,
        "euclidean_pearson": 0.5005134644330684,
        "euclidean_spearman": 0.4683373833681698,
        "hf_subset": "default",
        "languages": [
          "eng-Latn"
        ],
        "main_score": 0.46449821229923777,
        "manhattan_pearson": 0.5100969300101618,
        "manhattan_spearman": 0.4744709109189443,
        "pearson": 0.5152055389648358,
        "spearman": 0.46449821229923777
      }
    ]
  },
  "task_name": "SICK-R"
}