{
  "dataset_revision": "d66bd1f72af766a5cc4b0ca5e00c162f89e8cc46",
  "evaluation_time": 37.57676959037781,
  "kg_co2_emissions": null,
  "mteb_version": "1.14.19",
  "scores": {
    "test": [
      {
        "cosine_accuracy": 0.9907920792079208,
        "cosine_accuracy_threshold": 0.9262865781784058,
        "cosine_ap": 0.2536012641304263,
        "cosine_f1": 0.3333333333333333,
        "cosine_f1_threshold": 0.9046689867973328,
        "cosine_precision": 0.4435215946843854,
        "cosine_recall": 0.267,
        "dot_accuracy": 0.9900891089108911,
        "dot_accuracy_threshold": 2164.39111328125,
        "dot_ap": 0.021954405036669865,
        "dot_f1": 0.04357164774470697,
        "dot_f1_threshold": 1604.653076171875,
        "dot_precision": 0.02573396158028271,
        "dot_recall": 0.142,
        "euclidean_accuracy": 0.9914158415841584,
        "euclidean_accuracy_threshold": 16.430400848388672,
        "euclidean_ap": 0.3318210126605065,
        "euclidean_f1": 0.3853658536585366,
        "euclidean_f1_threshold": 18.412553787231445,
        "euclidean_precision": 0.49375,
        "euclidean_recall": 0.316,
        "hf_subset": "default",
        "languages": [
          "eng-Latn"
        ],
        "main_score": 0.5061898947494146,
        "manhattan_accuracy": 0.9924059405940594,
        "manhattan_accuracy_threshold": 560.077880859375,
        "manhattan_ap": 0.5061898947494146,
        "manhattan_f1": 0.5213918996006847,
        "manhattan_f1_threshold": 593.9367065429688,
        "manhattan_precision": 0.6069057104913679,
        "manhattan_recall": 0.457,
        "max_accuracy": 0.9924059405940594,
        "max_ap": 0.5061898947494146,
        "max_f1": 0.5213918996006847,
        "max_precision": 0.6069057104913679,
        "max_recall": 0.457,
        "similarity_accuracy": 0.9907920792079208,
        "similarity_accuracy_threshold": 0.9262865781784058,
        "similarity_ap": 0.2536012641304263,
        "similarity_f1": 0.3333333333333333,
        "similarity_f1_threshold": 0.9046689867973328,
        "similarity_precision": 0.4435215946843854,
        "similarity_recall": 0.267
      }
    ],
    "validation": [
      {
        "cosine_accuracy": 0.9905544554455445,
        "cosine_accuracy_threshold": 0.9355952143669128,
        "cosine_ap": 0.16207265919807873,
        "cosine_f1": 0.21998742928975487,
        "cosine_f1_threshold": 0.9055855870246887,
        "cosine_precision": 0.2961082910321489,
        "cosine_recall": 0.175,
        "dot_accuracy": 0.9901089108910891,
        "dot_accuracy_threshold": 2148.318359375,
        "dot_ap": 0.023537161682073357,
        "dot_f1": 0.05091725945338824,
        "dot_f1_threshold": 1753.7841796875,
        "dot_precision": 0.040694195092758824,
        "dot_recall": 0.068,
        "euclidean_accuracy": 0.9907722772277228,
        "euclidean_accuracy_threshold": 16.708942413330078,
        "euclidean_ap": 0.22072917060972724,
        "euclidean_f1": 0.28608082103912763,
        "euclidean_f1_threshold": 18.467365264892578,
        "euclidean_precision": 0.39892665474060823,
        "euclidean_recall": 0.223,
        "hf_subset": "default",
        "languages": [
          "eng-Latn"
        ],
        "main_score": 0.424267439669785,
        "manhattan_accuracy": 0.9918217821782178,
        "manhattan_accuracy_threshold": 558.5496215820312,
        "manhattan_ap": 0.424267439669785,
        "manhattan_f1": 0.4610169491525424,
        "manhattan_f1_threshold": 601.3721313476562,
        "manhattan_precision": 0.5298701298701298,
        "manhattan_recall": 0.408,
        "max_accuracy": 0.9918217821782178,
        "max_ap": 0.424267439669785,
        "max_f1": 0.4610169491525424,
        "max_precision": 0.5298701298701298,
        "max_recall": 0.408,
        "similarity_accuracy": 0.9905544554455445,
        "similarity_accuracy_threshold": 0.9355952143669128,
        "similarity_ap": 0.16207265919807873,
        "similarity_f1": 0.21998742928975487,
        "similarity_f1_threshold": 0.9055855870246887,
        "similarity_precision": 0.2961082910321489,
        "similarity_recall": 0.175
      }
    ]
  },
  "task_name": "SprintDuplicateQuestions"
}