{
  "dataset_revision": "a0d554a64d88156834ff5ae9920b964011b16384",
  "evaluation_time": 16.126432418823242,
  "kg_co2_emissions": null,
  "mteb_version": "1.14.19",
  "scores": {
    "test": [
      {
        "cosine_pearson": 0.4554377242758364,
        "cosine_spearman": 0.4721386220723188,
        "euclidean_pearson": 0.4889808049920404,
        "euclidean_spearman": 0.4795119315952356,
        "hf_subset": "default",
        "languages": [
          "eng-Latn"
        ],
        "main_score": 0.4721386220723188,
        "manhattan_pearson": 0.5488724800296373,
        "manhattan_spearman": 0.5178434253469698,
        "pearson": 0.4554377242758364,
        "spearman": 0.4721386220723188
      }
    ]
  },
  "task_name": "STS12"
}