{
  "dataset_revision": "6031580fec1f6af667f0bd2da0a551cf4f0b2375",
  "evaluation_time": 26.303637981414795,
  "kg_co2_emissions": null,
  "mteb_version": "1.14.19",
  "scores": {
    "test": [
      {
        "cosine_pearson": 0.4649642616038765,
        "cosine_spearman": 0.43521182994889945,
        "euclidean_pearson": 0.4808862680930385,
        "euclidean_spearman": 0.4623514169464733,
        "hf_subset": "default",
        "languages": [
          "eng-Latn"
        ],
        "main_score": 0.43521182994889945,
        "manhattan_pearson": 0.5087740929835627,
        "manhattan_spearman": 0.4898024554398536,
        "pearson": 0.4649642616038765,
        "spearman": 0.43521182994889945
      }
    ]
  },
  "task_name": "STS14"
}