{
  "dataset_revision": "2000358ca161889fa9c082cb41daa8dcfb161a54",
  "evaluation_time": 8.413885593414307,
  "kg_co2_emissions": null,
  "mteb_version": "1.14.20",
  "scores": {
    "test": [
      {
        "hf_subset": "default",
        "languages": [
          "eng-Latn"
        ],
        "main_score": 0.4202433046119002,
        "map": 0.4202433046119002,
        "mrr": 0.5350294596139471,
        "nAUC_map_diff1": 0.11854877450021371,
        "nAUC_map_max": 0.1575389003669204,
        "nAUC_map_std": 0.09908384071618012,
        "nAUC_mrr_diff1": 0.13919271299943523,
        "nAUC_mrr_max": 0.1891610115776393,
        "nAUC_mrr_std": 0.1196292594064138
      }
    ]
  },
  "task_name": "AskUbuntuDupQuestions"
}