{
  "dataset_revision": "2000358ca161889fa9c082cb41daa8dcfb161a54",
  "evaluation_time": 8.634180784225464,
  "kg_co2_emissions": null,
  "mteb_version": "1.14.19",
  "scores": {
    "test": [
      {
        "hf_subset": "default",
        "languages": [
          "eng-Latn"
        ],
        "main_score": 0.48659939804681024,
        "map": 0.48659939804681024,
        "mrr": 0.6159411687112518,
        "nAUC_map_diff1": 0.10019513112848522,
        "nAUC_map_max": 0.20429676854390338,
        "nAUC_map_std": 0.04464904254039019,
        "nAUC_mrr_diff1": 0.20220592204816176,
        "nAUC_mrr_max": 0.24749222189367126,
        "nAUC_mrr_std": 0.023547904858042538
      }
    ]
  },
  "task_name": "AskUbuntuDupQuestions"
}