{
  "dataset_revision": "20a6d6f312dd54037fe07a32d58e5e168867909d",
  "evaluation_time": 15.840959072113037,
  "kg_co2_emissions": null,
  "mteb_version": "1.14.19",
  "scores": {
    "test": [
      {
        "cosine_pearson": 0.6157221948765274,
        "cosine_spearman": 0.5662892776942887,
        "euclidean_pearson": 0.5788371793758369,
        "euclidean_spearman": 0.5579330434028269,
        "hf_subset": "default",
        "languages": [
          "eng-Latn"
        ],
        "main_score": 0.5662892776942887,
        "manhattan_pearson": 0.5745369856945681,
        "manhattan_spearman": 0.5560579288527752,
        "pearson": 0.6157221948765274,
        "spearman": 0.5662892776942887
      }
    ]
  },
  "task_name": "SICK-R"
}