{
  "dataset_revision": "d66bd1f72af766a5cc4b0ca5e00c162f89e8cc46",
  "evaluation_time": 29.03663396835327,
  "kg_co2_emissions": null,
  "mteb_version": "1.14.19",
  "scores": {
    "test": [
      {
        "cosine_accuracy": 0.9927128712871287,
        "cosine_accuracy_threshold": 0.9286019802093506,
        "cosine_ap": 0.5314676736578593,
        "cosine_f1": 0.5385514018691588,
        "cosine_f1_threshold": 0.9225829839706421,
        "cosine_precision": 0.6474719101123596,
        "cosine_recall": 0.461,
        "dot_accuracy": 0.9901089108910891,
        "dot_accuracy_threshold": 2644.34228515625,
        "dot_ap": 0.07008400197627412,
        "dot_f1": 0.140597539543058,
        "dot_f1_threshold": 2218.294189453125,
        "dot_precision": 0.16973125884016974,
        "dot_recall": 0.12,
        "euclidean_accuracy": 0.9921584158415842,
        "euclidean_accuracy_threshold": 16.64105796813965,
        "euclidean_ap": 0.46266936344813886,
        "euclidean_f1": 0.4874141876430205,
        "euclidean_f1_threshold": 18.15776824951172,
        "euclidean_precision": 0.56951871657754,
        "euclidean_recall": 0.426,
        "hf_subset": "default",
        "languages": [
          "eng-Latn"
        ],
        "main_score": 0.5314676736578593,
        "manhattan_accuracy": 0.9926039603960396,
        "manhattan_accuracy_threshold": 512.2750244140625,
        "manhattan_ap": 0.5294670065310341,
        "manhattan_f1": 0.5303476723629935,
        "manhattan_f1_threshold": 554.8623657226562,
        "manhattan_precision": 0.6456241032998565,
        "manhattan_recall": 0.45,
        "max_accuracy": 0.9927128712871287,
        "max_ap": 0.5314676736578593,
        "max_f1": 0.5385514018691588,
        "max_precision": 0.6474719101123596,
        "max_recall": 0.461,
        "similarity_accuracy": 0.9927128712871287,
        "similarity_accuracy_threshold": 0.9286019802093506,
        "similarity_ap": 0.5314676736578593,
        "similarity_f1": 0.5385514018691588,
        "similarity_f1_threshold": 0.9225829839706421,
        "similarity_precision": 0.6474719101123596,
        "similarity_recall": 0.461
      }
    ],
    "validation": [
      {
        "cosine_accuracy": 0.9918514851485148,
        "cosine_accuracy_threshold": 0.9263807535171509,
        "cosine_ap": 0.4186785109441394,
        "cosine_f1": 0.46215596330275227,
        "cosine_f1_threshold": 0.9171102643013,
        "cosine_precision": 0.5416666666666666,
        "cosine_recall": 0.403,
        "dot_accuracy": 0.9901287128712871,
        "dot_accuracy_threshold": 2736.900390625,
        "dot_ap": 0.04706727926471183,
        "dot_f1": 0.10206995003568879,
        "dot_f1_threshold": 2158.6259765625,
        "dot_precision": 0.07935627081021088,
        "dot_recall": 0.143,
        "euclidean_accuracy": 0.9913663366336634,
        "euclidean_accuracy_threshold": 16.7608699798584,
        "euclidean_ap": 0.343910163955364,
        "euclidean_f1": 0.3988571428571428,
        "euclidean_f1_threshold": 18.662845611572266,
        "euclidean_precision": 0.4653333333333333,
        "euclidean_recall": 0.349,
        "hf_subset": "default",
        "languages": [
          "eng-Latn"
        ],
        "main_score": 0.43158389529304253,
        "manhattan_accuracy": 0.991980198019802,
        "manhattan_accuracy_threshold": 533.0655517578125,
        "manhattan_ap": 0.43158389529304253,
        "manhattan_f1": 0.4613596746077862,
        "manhattan_f1_threshold": 569.82373046875,
        "manhattan_precision": 0.550624133148405,
        "manhattan_recall": 0.397,
        "max_accuracy": 0.991980198019802,
        "max_ap": 0.43158389529304253,
        "max_f1": 0.46215596330275227,
        "max_precision": 0.550624133148405,
        "max_recall": 0.403,
        "similarity_accuracy": 0.9918514851485148,
        "similarity_accuracy_threshold": 0.9263807535171509,
        "similarity_ap": 0.4186785109441394,
        "similarity_f1": 0.46215596330275227,
        "similarity_f1_threshold": 0.9171102643013,
        "similarity_precision": 0.5416666666666666,
        "similarity_recall": 0.403
      }
    ]
  },
  "task_name": "SprintDuplicateQuestions"
}