{
  "dataset_revision": "e185fbe320c72810689fc5848eb6114e1ef5ec69",
  "evaluation_time": 45.03490209579468,
  "kg_co2_emissions": null,
  "mteb_version": "1.14.19",
  "scores": {
    "test": [
      {
        "hf_subset": "default",
        "languages": [
          "eng-Latn"
        ],
        "main_score": 0.3964590222121622,
        "map": 0.3964590222121622,
        "mrr": 0.398741750488074,
        "nAUC_map_diff1": 0.3076307256173358,
        "nAUC_map_max": 0.21978856941361657,
        "nAUC_map_std": 0.08947195860422404,
        "nAUC_mrr_diff1": 0.30209802333876196,
        "nAUC_mrr_max": 0.22789603559012975,
        "nAUC_mrr_std": 0.09810939175251349
      }
    ]
  },
  "task_name": "StackOverflowDupQuestions"
}