{
  "dataset_revision": "a0d554a64d88156834ff5ae9920b964011b16384",
  "evaluation_time": 9.091759443283081,
  "kg_co2_emissions": null,
  "mteb_version": "1.14.19",
  "scores": {
    "test": [
      {
        "cosine_pearson": 0.48211652039847896,
        "cosine_spearman": 0.4558221927945787,
        "euclidean_pearson": 0.46192097531921705,
        "euclidean_spearman": 0.4435187619510223,
        "hf_subset": "default",
        "languages": [
          "eng-Latn"
        ],
        "main_score": 0.4558221927945787,
        "manhattan_pearson": 0.47918842640613424,
        "manhattan_spearman": 0.44518185309737784,
        "pearson": 0.48211652039847896,
        "spearman": 0.4558221927945787
      }
    ]
  },
  "task_name": "STS12"
}