{
  "dataset_revision": "ae752c7c21bf194d8b67fd573edf7ae58183cbe3",
  "evaluation_time": 8.807455062866211,
  "kg_co2_emissions": null,
  "mteb_version": "1.14.19",
  "scores": {
    "test": [
      {
        "cosine_pearson": 0.5906098966222172,
        "cosine_spearman": 0.6165846352379226,
        "euclidean_pearson": 0.6238262959582997,
        "euclidean_spearman": 0.6402632097148894,
        "hf_subset": "default",
        "languages": [
          "eng-Latn"
        ],
        "main_score": 0.6165846352379226,
        "manhattan_pearson": 0.621359677774654,
        "manhattan_spearman": 0.6415947704353739,
        "pearson": 0.5906098966222172,
        "spearman": 0.6165846352379226
      }
    ]
  },
  "task_name": "STS15"
}