{
  "dataset_revision": "2000358ca161889fa9c082cb41daa8dcfb161a54",
  "evaluation_time": 46.691407918930054,
  "kg_co2_emissions": null,
  "mteb_version": "1.14.19",
  "scores": {
    "test": [
      {
        "hf_subset": "default",
        "languages": [
          "eng-Latn"
        ],
        "main_score": 0.5000798576523654,
        "map": 0.5000798576523654,
        "mrr": 0.6508134371015257,
        "nAUC_map_diff1": 0.1288335327445241,
        "nAUC_map_max": 0.1597118431742768,
        "nAUC_map_std": 0.08687418105499813,
        "nAUC_mrr_diff1": 0.14896155533613517,
        "nAUC_mrr_max": 0.1597822157070384,
        "nAUC_mrr_std": 0.06677221878492531
      }
    ]
  },
  "task_name": "AskUbuntuDupQuestions"
}