{
  "dataset_revision": "2000358ca161889fa9c082cb41daa8dcfb161a54",
  "evaluation_time": 7.0378499031066895,
  "kg_co2_emissions": null,
  "mteb_version": "1.14.20",
  "scores": {
    "test": [
      {
        "hf_subset": "default",
        "languages": [
          "eng-Latn"
        ],
        "main_score": 0.4269815612600959,
        "map": 0.4269815612600959,
        "mrr": 0.5364529745416172,
        "nAUC_map_diff1": 0.1149889909870346,
        "nAUC_map_max": 0.17377844670317963,
        "nAUC_map_std": 0.09538338054320163,
        "nAUC_mrr_diff1": 0.15248819315945145,
        "nAUC_mrr_max": 0.22349686599614266,
        "nAUC_mrr_std": 0.10836620012808337
      }
    ]
  },
  "task_name": "AskUbuntuDupQuestions"
}