{
  "dataset_revision": "ae752c7c21bf194d8b67fd573edf7ae58183cbe3",
  "evaluation_time": 11.718603610992432,
  "kg_co2_emissions": null,
  "mteb_version": "1.14.20",
  "scores": {
    "test": [
      {
        "cosine_pearson": 0.31482158688802564,
        "cosine_spearman": 0.32529857402973644,
        "euclidean_pearson": 0.3161066211550474,
        "euclidean_spearman": 0.2981832583486162,
        "hf_subset": "default",
        "languages": [
          "eng-Latn"
        ],
        "main_score": 0.32529857402973644,
        "manhattan_pearson": 0.31621649423833786,
        "manhattan_spearman": 0.29812211009846556,
        "pearson": 0.31482158688802564,
        "spearman": 0.32529857402973644
      }
    ]
  },
  "task_name": "STS15"
}