{
  "dataset_revision": "e185fbe320c72810689fc5848eb6114e1ef5ec69",
  "evaluation_time": 16.76151466369629,
  "kg_co2_emissions": null,
  "mteb_version": "1.14.20",
  "scores": {
    "test": [
      {
        "hf_subset": "default",
        "languages": [
          "eng-Latn"
        ],
        "main_score": 0.3409934215832911,
        "map": 0.3409934215832911,
        "mrr": 0.33780358734402854,
        "nAUC_map_diff1": 0.31386666367034605,
        "nAUC_map_max": 0.25025626724421,
        "nAUC_map_std": 0.14686005612241493,
        "nAUC_mrr_diff1": 0.30980579183124546,
        "nAUC_mrr_max": 0.26000091907423917,
        "nAUC_mrr_std": 0.15900093368343202
      }
    ]
  },
  "task_name": "StackOverflowDupQuestions"
}