{
  "dataset_revision": "ae752c7c21bf194d8b67fd573edf7ae58183cbe3",
  "evaluation_time": 3.6607072353363037,
  "kg_co2_emissions": null,
  "mteb_version": "1.14.20",
  "scores": {
    "test": [
      {
        "cosine_pearson": 0.6560046780630246,
        "cosine_spearman": 0.6525165553993627,
        "euclidean_pearson": 0.5021624181032743,
        "euclidean_spearman": 0.5087401896767111,
        "hf_subset": "default",
        "languages": [
          "eng-Latn"
        ],
        "main_score": 0.6525165553993627,
        "manhattan_pearson": 0.5023122813962398,
        "manhattan_spearman": 0.5087392149952233,
        "pearson": 0.6560046780630246,
        "spearman": 0.6525165553993627
      }
    ]
  },
  "task_name": "STS15"
}