{
  "dataset_revision": "2000358ca161889fa9c082cb41daa8dcfb161a54",
  "evaluation_time": 13.803948640823364,
  "kg_co2_emissions": null,
  "mteb_version": "1.14.19",
  "scores": {
    "test": [
      {
        "hf_subset": "default",
        "languages": [
          "eng-Latn"
        ],
        "main_score": 0.4797591892249167,
        "map": 0.4797591892249167,
        "mrr": 0.6044222398100514,
        "nAUC_map_diff1": 0.10189984195075644,
        "nAUC_map_max": 0.18417504903884876,
        "nAUC_map_std": -0.02078345311239605,
        "nAUC_mrr_diff1": 0.1816696626104877,
        "nAUC_mrr_max": 0.2631452459511129,
        "nAUC_mrr_std": -0.0313726073965803
      }
    ]
  },
  "task_name": "AskUbuntuDupQuestions"
}