{
  "dataset_revision": "59042f120c80e8afa9cdbb224f67076cec0fc9a7",
  "evaluation_time": 153.602858543396,
  "kg_co2_emissions": null,
  "mteb_version": "1.14.19",
  "scores": {
    "test": [
      {
        "hf_subset": "default",
        "languages": [
          "eng-Latn"
        ],
        "main_score": 0.29927681496275066,
        "map": 0.29927681496275066,
        "mrr": 0.3091074723422689,
        "nAUC_map_diff1": 0.25083140214448263,
        "nAUC_map_max": -0.18939305492729622,
        "nAUC_map_std": 0.03385173436661793,
        "nAUC_mrr_diff1": 0.22055193080778862,
        "nAUC_mrr_max": -0.13430445837110697,
        "nAUC_mrr_std": 0.025297637201029212
      }
    ]
  },
  "task_name": "MindSmallReranking"
}