{
  "dataset_revision": "d3c5e1fc0b855ab6097bf1cda04dd73947d7caab",
  "evaluation_time": 115.73634600639343,
  "kg_co2_emissions": null,
  "mteb_version": "1.14.19",
  "scores": {
    "test": [
      {
        "hf_subset": "default",
        "languages": [
          "eng-Latn"
        ],
        "main_score": 0.6200051364676247,
        "map": 0.6200051364676247,
        "mrr": 0.8343241997653762,
        "nAUC_map_diff1": 0.10895211039251046,
        "nAUC_map_max": 0.44512170157566017,
        "nAUC_map_std": 0.4382863366074159,
        "nAUC_mrr_diff1": 0.32906873759246946,
        "nAUC_mrr_max": 0.5486779349933386,
        "nAUC_mrr_std": 0.37418647776818903
      }
    ]
  },
  "task_name": "SciDocsRR"
}