{
  "dataset_revision": "d66bd1f72af766a5cc4b0ca5e00c162f89e8cc46",
  "evaluation_time": 38.71127653121948,
  "kg_co2_emissions": null,
  "mteb_version": "1.14.19",
  "scores": {
    "test": [
      {
        "cosine_accuracy": 0.9905049504950495,
        "cosine_accuracy_threshold": 0.9543001055717468,
        "cosine_ap": 0.2146951036623714,
        "cosine_f1": 0.29541595925297115,
        "cosine_f1_threshold": 0.9322152137756348,
        "cosine_precision": 0.34028683181225555,
        "cosine_recall": 0.261,
        "dot_accuracy": 0.9901188118811881,
        "dot_accuracy_threshold": 3974.65625,
        "dot_ap": 0.029266422845994084,
        "dot_f1": 0.07086197778952935,
        "dot_f1_threshold": 3512.854248046875,
        "dot_precision": 0.07519640852974187,
        "dot_recall": 0.067,
        "euclidean_accuracy": 0.9907029702970297,
        "euclidean_accuracy_threshold": 18.923757553100586,
        "euclidean_ap": 0.24230374440327784,
        "euclidean_f1": 0.3188405797101449,
        "euclidean_f1_threshold": 21.459991455078125,
        "euclidean_precision": 0.3793103448275862,
        "euclidean_recall": 0.275,
        "hf_subset": "default",
        "languages": [
          "eng-Latn"
        ],
        "main_score": 0.35447981070844725,
        "manhattan_accuracy": 0.9912970297029703,
        "manhattan_accuracy_threshold": 596.1463623046875,
        "manhattan_ap": 0.35447981070844725,
        "manhattan_f1": 0.3988269794721408,
        "manhattan_f1_threshold": 655.2637329101562,
        "manhattan_precision": 0.48226950354609927,
        "manhattan_recall": 0.34,
        "max_accuracy": 0.9912970297029703,
        "max_ap": 0.35447981070844725,
        "max_f1": 0.3988269794721408,
        "max_precision": 0.48226950354609927,
        "max_recall": 0.34,
        "similarity_accuracy": 0.9905049504950495,
        "similarity_accuracy_threshold": 0.9543001055717468,
        "similarity_ap": 0.2146951036623714,
        "similarity_f1": 0.29541595925297115,
        "similarity_f1_threshold": 0.9322152137756348,
        "similarity_precision": 0.34028683181225555,
        "similarity_recall": 0.261
      }
    ],
    "validation": [
      {
        "cosine_accuracy": 0.9904059405940594,
        "cosine_accuracy_threshold": 0.9611185789108276,
        "cosine_ap": 0.14072781443362767,
        "cosine_f1": 0.2056414922656961,
        "cosine_f1_threshold": 0.9262002110481262,
        "cosine_precision": 0.18864774624373956,
        "cosine_recall": 0.226,
        "dot_accuracy": 0.9900891089108911,
        "dot_accuracy_threshold": 3885.80126953125,
        "dot_ap": 0.02510192483138518,
        "dot_f1": 0.06214689265536723,
        "dot_f1_threshold": 3532.770263671875,
        "dot_precision": 0.07142857142857142,
        "dot_recall": 0.055,
        "euclidean_accuracy": 0.9904653465346535,
        "euclidean_accuracy_threshold": 16.751422882080078,
        "euclidean_ap": 0.16628343399787465,
        "euclidean_f1": 0.23209876543209879,
        "euclidean_f1_threshold": 22.32242774963379,
        "euclidean_precision": 0.22926829268292684,
        "euclidean_recall": 0.235,
        "hf_subset": "default",
        "languages": [
          "eng-Latn"
        ],
        "main_score": 0.2695854324696887,
        "manhattan_accuracy": 0.9907128712871287,
        "manhattan_accuracy_threshold": 585.0294799804688,
        "manhattan_ap": 0.2695854324696887,
        "manhattan_f1": 0.33511586452762926,
        "manhattan_f1_threshold": 695.2975463867188,
        "manhattan_precision": 0.3022508038585209,
        "manhattan_recall": 0.376,
        "max_accuracy": 0.9907128712871287,
        "max_ap": 0.2695854324696887,
        "max_f1": 0.33511586452762926,
        "max_precision": 0.3022508038585209,
        "max_recall": 0.376,
        "similarity_accuracy": 0.9904059405940594,
        "similarity_accuracy_threshold": 0.9611185789108276,
        "similarity_ap": 0.14072781443362767,
        "similarity_f1": 0.2056414922656961,
        "similarity_f1_threshold": 0.9262002110481262,
        "similarity_precision": 0.18864774624373956,
        "similarity_recall": 0.226
      }
    ]
  },
  "task_name": "SprintDuplicateQuestions"
}