{
  "dataset_revision": "a0d554a64d88156834ff5ae9920b964011b16384",
  "evaluation_time": 13.268109560012817,
  "kg_co2_emissions": null,
  "mteb_version": "1.14.19",
  "scores": {
    "test": [
      {
        "cosine_pearson": 0.4031342961760486,
        "cosine_spearman": 0.4245940953874457,
        "euclidean_pearson": 0.39774706620811634,
        "euclidean_spearman": 0.4089359137711706,
        "hf_subset": "default",
        "languages": [
          "eng-Latn"
        ],
        "main_score": 0.4245940953874457,
        "manhattan_pearson": 0.4499824641326359,
        "manhattan_spearman": 0.4431497555554626,
        "pearson": 0.4031342961760486,
        "spearman": 0.4245940953874457
      }
    ]
  },
  "task_name": "STS12"
}