{
  "dataset_revision": "d3fb88f8f02e40887cd149695127462bbcf29b4a",
  "evaluation_time": 1.5344860553741455,
  "kg_co2_emissions": null,
  "mteb_version": "1.14.20",
  "scores": {
    "test": [
      {
        "cosine_pearson": 0.19633128107776263,
        "cosine_spearman": 0.23666804324432514,
        "euclidean_pearson": 0.1289141314188892,
        "euclidean_spearman": 0.16329890159914276,
        "hf_subset": "default",
        "languages": [
          "eng-Latn"
        ],
        "main_score": 0.23666804324432514,
        "manhattan_pearson": 0.13560565953943812,
        "manhattan_spearman": 0.16114222595180097,
        "pearson": 0.19633128107776263,
        "spearman": 0.23666804324432514
      }
    ]
  },
  "task_name": "BIOSSES"
}