{
  "dataset_revision": "d3c5e1fc0b855ab6097bf1cda04dd73947d7caab",
  "evaluation_time": 29.967966556549072,
  "kg_co2_emissions": null,
  "mteb_version": "1.14.20",
  "scores": {
    "test": [
      {
        "hf_subset": "default",
        "languages": [
          "eng-Latn"
        ],
        "main_score": 0.39439164140275496,
        "map": 0.39439164140275496,
        "mrr": 0.6201643762918272,
        "nAUC_map_diff1": 0.22888599593585893,
        "nAUC_map_max": 0.3571077324372705,
        "nAUC_map_std": 0.3039223332941814,
        "nAUC_mrr_diff1": 0.3424456663398631,
        "nAUC_mrr_max": 0.37197802921597656,
        "nAUC_mrr_std": 0.27434294633675227
      }
    ]
  },
  "task_name": "SciDocsRR"
}