{
  "dataset_revision": "b0fddb56ed78048fa8b90373c8a3cfc37b684831",
  "evaluation_time": 3.068398952484131,
  "kg_co2_emissions": null,
  "mteb_version": "1.14.20",
  "scores": {
    "test": [
      {
        "cosine_pearson": 0.21548107831919988,
        "cosine_spearman": 0.22044653285887497,
        "euclidean_pearson": 0.2536055537948262,
        "euclidean_spearman": 0.24759548318048835,
        "hf_subset": "default",
        "languages": [
          "eng-Latn"
        ],
        "main_score": 0.22044653285887497,
        "manhattan_pearson": 0.25364557818884576,
        "manhattan_spearman": 0.24753009241691898,
        "pearson": 0.21548107831919988,
        "spearman": 0.22044653285887497
      }
    ]
  },
  "task_name": "STSBenchmark"
}