{
  "dataset_revision": "d3fb88f8f02e40887cd149695127462bbcf29b4a",
  "evaluation_time": 2.210869073867798,
  "kg_co2_emissions": null,
  "mteb_version": "1.14.20",
  "scores": {
    "test": [
      {
        "cosine_pearson": 0.07757663620150333,
        "cosine_spearman": 0.08770079350279705,
        "euclidean_pearson": 0.08041707986728507,
        "euclidean_spearman": 0.10027336913408827,
        "hf_subset": "default",
        "languages": [
          "eng-Latn"
        ],
        "main_score": 0.08770079350279705,
        "manhattan_pearson": 0.0746683652700355,
        "manhattan_spearman": 0.09227921107815946,
        "pearson": 0.07757663620150333,
        "spearman": 0.08770079350279705
      }
    ]
  },
  "task_name": "BIOSSES"
}