{
  "dataset_revision": "20a6d6f312dd54037fe07a32d58e5e168867909d",
  "evaluation_time": 12.5188467502594,
  "kg_co2_emissions": null,
  "mteb_version": "1.14.20",
  "scores": {
    "test": [
      {
        "cosine_pearson": 0.3010755331928177,
        "cosine_spearman": 0.30903585639106196,
        "euclidean_pearson": 0.3118219353781847,
        "euclidean_spearman": 0.3025739523793915,
        "hf_subset": "default",
        "languages": [
          "eng-Latn"
        ],
        "main_score": 0.30903585639106196,
        "manhattan_pearson": 0.3107830523830686,
        "manhattan_spearman": 0.30163271110702583,
        "pearson": 0.3010755331928177,
        "spearman": 0.30903585639106196
      }
    ]
  },
  "task_name": "SICK-R"
}