{
  "dataset_revision": "e185fbe320c72810689fc5848eb6114e1ef5ec69",
  "evaluation_time": 44.56609630584717,
  "kg_co2_emissions": null,
  "mteb_version": "1.14.20",
  "scores": {
    "test": [
      {
        "hf_subset": "default",
        "languages": [
          "eng-Latn"
        ],
        "main_score": 0.25359449568805736,
        "map": 0.25359449568805736,
        "mrr": 0.23994832781597486,
        "nAUC_map_diff1": 0.17502456073037503,
        "nAUC_map_max": 0.21810475500527227,
        "nAUC_map_std": 0.07412992582558045,
        "nAUC_mrr_diff1": 0.16817395119934425,
        "nAUC_mrr_max": 0.21540295290972197,
        "nAUC_mrr_std": 0.07654981882938816
      }
    ]
  },
  "task_name": "StackOverflowDupQuestions"
}