{
  "dataset_revision": "6031580fec1f6af667f0bd2da0a551cf4f0b2375",
  "evaluation_time": 12.030810117721558,
  "kg_co2_emissions": null,
  "mteb_version": "1.14.20",
  "scores": {
    "test": [
      {
        "cosine_pearson": 0.13125257585587544,
        "cosine_spearman": 0.15269318319012493,
        "euclidean_pearson": 0.15794679491739153,
        "euclidean_spearman": 0.16466815844475952,
        "hf_subset": "default",
        "languages": [
          "eng-Latn"
        ],
        "main_score": 0.15269318319012493,
        "manhattan_pearson": 0.15779002433588404,
        "manhattan_spearman": 0.16437457536890449,
        "pearson": 0.13125257585587544,
        "spearman": 0.15269318319012493
      }
    ]
  },
  "task_name": "STS14"
}