{
  "dataset_revision": "2000358ca161889fa9c082cb41daa8dcfb161a54",
  "evaluation_time": 7.504550218582153,
  "kg_co2_emissions": null,
  "mteb_version": "1.14.20",
  "scores": {
    "test": [
      {
        "hf_subset": "default",
        "languages": [
          "eng-Latn"
        ],
        "main_score": 0.44382348236148084,
        "map": 0.44382348236148084,
        "mrr": 0.5574121707778218,
        "nAUC_map_diff1": 0.14739021429378849,
        "nAUC_map_max": 0.18427506727670923,
        "nAUC_map_std": 0.07646541544328404,
        "nAUC_mrr_diff1": 0.14666179179627872,
        "nAUC_mrr_max": 0.2283527851112733,
        "nAUC_mrr_std": 0.10542521007839135
      }
    ]
  },
  "task_name": "AskUbuntuDupQuestions"
}