{
  "dataset_revision": "6031580fec1f6af667f0bd2da0a551cf4f0b2375",
  "evaluation_time": 10.701519966125488,
  "kg_co2_emissions": null,
  "mteb_version": "1.14.20",
  "scores": {
    "test": [
      {
        "cosine_pearson": 0.13666015396490538,
        "cosine_spearman": 0.17935088497917753,
        "euclidean_pearson": 0.1608462094331676,
        "euclidean_spearman": 0.17703432294747767,
        "hf_subset": "default",
        "languages": [
          "eng-Latn"
        ],
        "main_score": 0.17935088497917753,
        "manhattan_pearson": 0.16032048510633096,
        "manhattan_spearman": 0.17661137771125698,
        "pearson": 0.13666015396490538,
        "spearman": 0.17935088497917753
      }
    ]
  },
  "task_name": "STS14"
}