{
  "dataset_revision": "b0fddb56ed78048fa8b90373c8a3cfc37b684831",
  "evaluation_time": 4.766976356506348,
  "kg_co2_emissions": null,
  "mteb_version": "1.14.20",
  "scores": {
    "test": [
      {
        "cosine_pearson": 0.0983008437241527,
        "cosine_spearman": 0.13127233354279708,
        "euclidean_pearson": 0.13349670122883256,
        "euclidean_spearman": 0.14040938360772676,
        "hf_subset": "default",
        "languages": [
          "eng-Latn"
        ],
        "main_score": 0.13127233354279708,
        "manhattan_pearson": 0.13345029425246852,
        "manhattan_spearman": 0.14015642677143894,
        "pearson": 0.0983008437241527,
        "spearman": 0.13127233354279708
      }
    ]
  },
  "task_name": "STSBenchmark"
}