{
  "dataset_revision": "d3fb88f8f02e40887cd149695127462bbcf29b4a",
  "evaluation_time": 2.186232566833496,
  "kg_co2_emissions": null,
  "mteb_version": "1.14.20",
  "scores": {
    "test": [
      {
        "cosine_pearson": 0.3602275887689527,
        "cosine_spearman": 0.4405040130863805,
        "euclidean_pearson": 0.36135978804682684,
        "euclidean_spearman": 0.4032441279500431,
        "hf_subset": "default",
        "languages": [
          "eng-Latn"
        ],
        "main_score": 0.4405040130863805,
        "manhattan_pearson": 0.3616887266669888,
        "manhattan_spearman": 0.40934667663930896,
        "pearson": 0.3602275887689527,
        "spearman": 0.4405040130863805
      }
    ]
  },
  "task_name": "BIOSSES"
}