{
  "dataset_revision": "d3c5e1fc0b855ab6097bf1cda04dd73947d7caab",
  "evaluation_time": 101.27199149131775,
  "kg_co2_emissions": null,
  "mteb_version": "1.14.20",
  "scores": {
    "test": [
      {
        "hf_subset": "default",
        "languages": [
          "eng-Latn"
        ],
        "main_score": 0.356148265195689,
        "map": 0.356148265195689,
        "mrr": 0.5468759726112669,
        "nAUC_map_diff1": 0.16782466231579138,
        "nAUC_map_max": 0.29701702189699536,
        "nAUC_map_std": 0.1597024389582685,
        "nAUC_mrr_diff1": 0.21598208000974353,
        "nAUC_mrr_max": 0.3109400667771988,
        "nAUC_mrr_std": 0.150018537700225
      }
    ]
  },
  "task_name": "SciDocsRR"
}