{
  "dataset_revision": "20a6d6f312dd54037fe07a32d58e5e168867909d",
  "evaluation_time": 16.737951040267944,
  "kg_co2_emissions": null,
  "mteb_version": "1.14.20",
  "scores": {
    "test": [
      {
        "cosine_pearson": 0.30289116569222957,
        "cosine_spearman": 0.3121100510649294,
        "euclidean_pearson": 0.32224557980892565,
        "euclidean_spearman": 0.31055565391950035,
        "hf_subset": "default",
        "languages": [
          "eng-Latn"
        ],
        "main_score": 0.3121100510649294,
        "manhattan_pearson": 0.32122090367010053,
        "manhattan_spearman": 0.30972117167440905,
        "pearson": 0.30289116569222957,
        "spearman": 0.3121100510649294
      }
    ]
  },
  "task_name": "SICK-R"
}