{
  "dataset_revision": "d3fb88f8f02e40887cd149695127462bbcf29b4a",
  "evaluation_time": 3.1605114936828613,
  "kg_co2_emissions": null,
  "mteb_version": "1.14.20",
  "scores": {
    "test": [
      {
        "cosine_pearson": 0.4045669672377793,
        "cosine_spearman": 0.41953365574449036,
        "euclidean_pearson": 0.3722040217530821,
        "euclidean_spearman": 0.366207139458822,
        "hf_subset": "default",
        "languages": [
          "eng-Latn"
        ],
        "main_score": 0.41953365574449036,
        "manhattan_pearson": 0.3767541338003989,
        "manhattan_spearman": 0.3784423580056128,
        "pearson": 0.4045669672377793,
        "spearman": 0.41953365574449036
      }
    ]
  },
  "task_name": "BIOSSES"
}