{
  "dataset_revision": "6031580fec1f6af667f0bd2da0a551cf4f0b2375",
  "evaluation_time": 13.031821966171265,
  "kg_co2_emissions": null,
  "mteb_version": "1.14.20",
  "scores": {
    "test": [
      {
        "cosine_pearson": 0.16622524381701573,
        "cosine_spearman": 0.16432787685772998,
        "euclidean_pearson": 0.18959623886960938,
        "euclidean_spearman": 0.18438095233443688,
        "hf_subset": "default",
        "languages": [
          "eng-Latn"
        ],
        "main_score": 0.16432787685772998,
        "manhattan_pearson": 0.189850830843139,
        "manhattan_spearman": 0.18456414737820886,
        "pearson": 0.16622524381701573,
        "spearman": 0.16432787685772998
      }
    ]
  },
  "task_name": "STS14"
}