{
  "dataset_revision": "ae752c7c21bf194d8b67fd573edf7ae58183cbe3",
  "evaluation_time": 11.478123903274536,
  "kg_co2_emissions": null,
  "mteb_version": "1.14.20",
  "scores": {
    "test": [
      {
        "cosine_pearson": 0.3135663771980032,
        "cosine_spearman": 0.3280825478008316,
        "euclidean_pearson": 0.3373581696127205,
        "euclidean_spearman": 0.32770157028737923,
        "hf_subset": "default",
        "languages": [
          "eng-Latn"
        ],
        "main_score": 0.3280825478008316,
        "manhattan_pearson": 0.3367613553624836,
        "manhattan_spearman": 0.3272540197417252,
        "pearson": 0.3135663771980032,
        "spearman": 0.3280825478008316
      }
    ]
  },
  "task_name": "STS15"
}