{
  "dataset_revision": "d3c5e1fc0b855ab6097bf1cda04dd73947d7caab",
  "evaluation_time": 107.60061120986938,
  "kg_co2_emissions": null,
  "mteb_version": "1.14.20",
  "scores": {
    "test": [
      {
        "hf_subset": "default",
        "languages": [
          "eng-Latn"
        ],
        "main_score": 0.30638601250383324,
        "map": 0.30638601250383324,
        "mrr": 0.476722270104623,
        "nAUC_map_diff1": 0.17644652107701964,
        "nAUC_map_max": 0.346863068008587,
        "nAUC_map_std": 0.0942098317645356,
        "nAUC_mrr_diff1": 0.2630319904075839,
        "nAUC_mrr_max": 0.3696895566359328,
        "nAUC_mrr_std": 0.07691277369810606
      }
    ]
  },
  "task_name": "SciDocsRR"
}