{
  "dataset_revision": "e185fbe320c72810689fc5848eb6114e1ef5ec69",
  "evaluation_time": 76.08857131004333,
  "kg_co2_emissions": null,
  "mteb_version": "1.14.20",
  "scores": {
    "test": [
      {
        "hf_subset": "default",
        "languages": [
          "eng-Latn"
        ],
        "main_score": 0.24000298809428514,
        "map": 0.24000298809428514,
        "mrr": 0.22474243485272896,
        "nAUC_map_diff1": 0.13134501165623402,
        "nAUC_map_max": 0.21696372250925097,
        "nAUC_map_std": 0.0732189051735639,
        "nAUC_mrr_diff1": 0.12780559905756742,
        "nAUC_mrr_max": 0.21902701094326923,
        "nAUC_mrr_std": 0.0731162639365864
      }
    ]
  },
  "task_name": "StackOverflowDupQuestions"
}