{
  "dataset_revision": "2000358ca161889fa9c082cb41daa8dcfb161a54",
  "evaluation_time": 13.675189971923828,
  "kg_co2_emissions": null,
  "mteb_version": "1.14.19",
  "scores": {
    "test": [
      {
        "hf_subset": "default",
        "languages": [
          "eng-Latn"
        ],
        "main_score": 0.4743980833368704,
        "map": 0.4743980833368704,
        "mrr": 0.5920393087983116,
        "nAUC_map_diff1": 0.11402940222769194,
        "nAUC_map_max": 0.20100820886656104,
        "nAUC_map_std": -0.02853573435198259,
        "nAUC_mrr_diff1": 0.2018525419728501,
        "nAUC_mrr_max": 0.27102099517197964,
        "nAUC_mrr_std": -0.051039630555125046
      }
    ]
  },
  "task_name": "AskUbuntuDupQuestions"
}