{
  "dataset_revision": "d3fb88f8f02e40887cd149695127462bbcf29b4a",
  "evaluation_time": 2.462254524230957,
  "kg_co2_emissions": null,
  "mteb_version": "1.14.19",
  "scores": {
    "test": [
      {
        "cosine_pearson": 0.5494481874276157,
        "cosine_spearman": 0.6155863157084297,
        "euclidean_pearson": 0.5838732634225168,
        "euclidean_spearman": 0.6054294577715071,
        "hf_subset": "default",
        "languages": [
          "eng-Latn"
        ],
        "main_score": 0.6155863157084297,
        "manhattan_pearson": 0.6946801213255018,
        "manhattan_spearman": 0.6916904594315259,
        "pearson": 0.5494481874276157,
        "spearman": 0.6155863157084297
      }
    ]
  },
  "task_name": "BIOSSES"
}