{
  "dataset_revision": "2000358ca161889fa9c082cb41daa8dcfb161a54",
  "evaluation_time": 5.425699472427368,
  "kg_co2_emissions": null,
  "mteb_version": "1.14.20",
  "scores": {
    "test": [
      {
        "hf_subset": "default",
        "languages": [
          "eng-Latn"
        ],
        "main_score": 0.44413712620581536,
        "map": 0.44413712620581536,
        "mrr": 0.5575990414633074,
        "nAUC_map_diff1": 0.17854871288160437,
        "nAUC_map_max": 0.19382859250494522,
        "nAUC_map_std": 0.10592477666868766,
        "nAUC_mrr_diff1": 0.20067960735719328,
        "nAUC_mrr_max": 0.22373440842942635,
        "nAUC_mrr_std": 0.1126886336262034
      }
    ]
  },
  "task_name": "AskUbuntuDupQuestions"
}