{
  "dataset_revision": "d3fb88f8f02e40887cd149695127462bbcf29b4a",
  "evaluation_time": 2.7129178047180176,
  "kg_co2_emissions": null,
  "mteb_version": "1.14.20",
  "scores": {
    "test": [
      {
        "cosine_pearson": 0.1590878168030592,
        "cosine_spearman": 0.17067256358893693,
        "euclidean_pearson": 0.15088118783602125,
        "euclidean_spearman": 0.1596662887071118,
        "hf_subset": "default",
        "languages": [
          "eng-Latn"
        ],
        "main_score": 0.17067256358893693,
        "manhattan_pearson": 0.15311052742316905,
        "manhattan_spearman": 0.1581120364249493,
        "pearson": 0.1590878168030592,
        "spearman": 0.17067256358893693
      }
    ]
  },
  "task_name": "BIOSSES"
}