{
  "dataset_revision": "59042f120c80e8afa9cdbb224f67076cec0fc9a7",
  "evaluation_time": 117.21895146369934,
  "kg_co2_emissions": null,
  "mteb_version": "1.14.20",
  "scores": {
    "test": [
      {
        "hf_subset": "default",
        "languages": [
          "eng-Latn"
        ],
        "main_score": 0.25914883640425057,
        "map": 0.25914883640425057,
        "mrr": 0.26290894754059774,
        "nAUC_map_diff1": 0.07987522549813983,
        "nAUC_map_max": -0.23098657879975182,
        "nAUC_map_std": -0.1302299548421845,
        "nAUC_mrr_diff1": 0.08280930182791092,
        "nAUC_mrr_max": -0.16344428199510913,
        "nAUC_mrr_std": -0.08770412128517424
      }
    ]
  },
  "task_name": "MindSmallReranking"
}