{
  "dataset_revision": "20a6d6f312dd54037fe07a32d58e5e168867909d",
  "evaluation_time": 10.349948167800903,
  "kg_co2_emissions": null,
  "mteb_version": "1.14.20",
  "scores": {
    "test": [
      {
        "cosine_pearson": 0.35647985409678296,
        "cosine_spearman": 0.35065390645746397,
        "euclidean_pearson": 0.35742541660409777,
        "euclidean_spearman": 0.339437191423895,
        "hf_subset": "default",
        "languages": [
          "eng-Latn"
        ],
        "main_score": 0.35065390645746397,
        "manhattan_pearson": 0.35764520135568334,
        "manhattan_spearman": 0.3394435086027209,
        "pearson": 0.35647985409678296,
        "spearman": 0.35065390645746397
      }
    ]
  },
  "task_name": "SICK-R"
}