{
  "dataset_revision": "a0d554a64d88156834ff5ae9920b964011b16384",
  "evaluation_time": 5.80378270149231,
  "kg_co2_emissions": null,
  "mteb_version": "1.14.20",
  "scores": {
    "test": [
      {
        "cosine_pearson": 0.07985204196819881,
        "cosine_spearman": 0.17709993687934167,
        "euclidean_pearson": 0.16916301783830062,
        "euclidean_spearman": 0.1980381657150674,
        "hf_subset": "default",
        "languages": [
          "eng-Latn"
        ],
        "main_score": 0.17709993687934167,
        "manhattan_pearson": 0.16899812972475906,
        "manhattan_spearman": 0.19809338721649586,
        "pearson": 0.07985204196819881,
        "spearman": 0.17709993687934167
      }
    ]
  },
  "task_name": "STS12"
}