{
  "dataset_revision": "d3c5e1fc0b855ab6097bf1cda04dd73947d7caab",
  "evaluation_time": 108.27998447418213,
  "kg_co2_emissions": null,
  "mteb_version": "1.14.20",
  "scores": {
    "test": [
      {
        "hf_subset": "default",
        "languages": [
          "eng-Latn"
        ],
        "main_score": 0.31677039053343925,
        "map": 0.31677039053343925,
        "mrr": 0.4903952891697989,
        "nAUC_map_diff1": 0.17741407808364093,
        "nAUC_map_max": 0.3184558285602801,
        "nAUC_map_std": 0.1350372225790387,
        "nAUC_mrr_diff1": 0.2619553239641814,
        "nAUC_mrr_max": 0.3362358258795518,
        "nAUC_mrr_std": 0.09108061009596813
      }
    ]
  },
  "task_name": "SciDocsRR"
}