{
  "dataset_revision": "a0d554a64d88156834ff5ae9920b964011b16384",
  "evaluation_time": 12.420159578323364,
  "kg_co2_emissions": null,
  "mteb_version": "1.14.20",
  "scores": {
    "test": [
      {
        "cosine_pearson": 0.05051460778856424,
        "cosine_spearman": 0.14179859966317238,
        "euclidean_pearson": 0.09870593537063126,
        "euclidean_spearman": 0.1500036992396716,
        "hf_subset": "default",
        "languages": [
          "eng-Latn"
        ],
        "main_score": 0.14179859966317238,
        "manhattan_pearson": 0.09900603713072398,
        "manhattan_spearman": 0.1500189658064016,
        "pearson": 0.05051460778856424,
        "spearman": 0.14179859966317238
      }
    ]
  },
  "task_name": "STS12"
}