{
  "dataset_revision": "4d8694f8f0e0100860b497b999b3dbed754a0513",
  "evaluation_time": 8.791941404342651,
  "kg_co2_emissions": null,
  "mteb_version": "1.14.20",
  "scores": {
    "test": [
      {
        "cosine_pearson": 0.22642672767250402,
        "cosine_spearman": 0.2683009597721659,
        "euclidean_pearson": 0.2555968958054978,
        "euclidean_spearman": 0.2616589637177984,
        "hf_subset": "default",
        "languages": [
          "eng-Latn"
        ],
        "main_score": 0.2683009597721659,
        "manhattan_pearson": 0.2558521856290683,
        "manhattan_spearman": 0.2620198347452152,
        "pearson": 0.22642672767250402,
        "spearman": 0.2683009597721659
      }
    ]
  },
  "task_name": "STS16"
}