{
  "dataset_revision": "7e90230a92c190f1bf69ae9002b8cea547a64cca",
  "evaluation_time": 7.988778114318848,
  "kg_co2_emissions": null,
  "mteb_version": "1.14.20",
  "scores": {
    "test": [
      {
        "cosine_pearson": 0.1519897268444239,
        "cosine_spearman": 0.18122019597735547,
        "euclidean_pearson": 0.18231455787194528,
        "euclidean_spearman": 0.18690882249479737,
        "hf_subset": "default",
        "languages": [
          "eng-Latn"
        ],
        "main_score": 0.18122019597735547,
        "manhattan_pearson": 0.18270263030636136,
        "manhattan_spearman": 0.1879932449152924,
        "pearson": 0.1519897268444239,
        "spearman": 0.18122019597735547
      }
    ]
  },
  "task_name": "STS13"
}