{
  "dataset_revision": "59042f120c80e8afa9cdbb224f67076cec0fc9a7",
  "evaluation_time": 125.14526009559631,
  "kg_co2_emissions": null,
  "mteb_version": "1.14.20",
  "scores": {
    "test": [
      {
        "hf_subset": "default",
        "languages": [
          "eng-Latn"
        ],
        "main_score": 0.25704905381454984,
        "map": 0.25704905381454984,
        "mrr": 0.26093543792097457,
        "nAUC_map_diff1": 0.1453048814960863,
        "nAUC_map_max": -0.2230977448746259,
        "nAUC_map_std": -0.1213115118787115,
        "nAUC_mrr_diff1": 0.1321692647728162,
        "nAUC_mrr_max": -0.15334633045763713,
        "nAUC_mrr_std": -0.086906736093902
      }
    ]
  },
  "task_name": "MindSmallReranking"
}