{
  "dataset_revision": "7e90230a92c190f1bf69ae9002b8cea547a64cca",
  "evaluation_time": 7.327802658081055,
  "kg_co2_emissions": null,
  "mteb_version": "1.14.20",
  "scores": {
    "test": [
      {
        "cosine_pearson": 0.1740778375621969,
        "cosine_spearman": 0.19568575452809797,
        "euclidean_pearson": 0.19426061773505784,
        "euclidean_spearman": 0.19884582194600425,
        "hf_subset": "default",
        "languages": [
          "eng-Latn"
        ],
        "main_score": 0.19568575452809797,
        "manhattan_pearson": 0.1938439821652097,
        "manhattan_spearman": 0.19868945113990882,
        "pearson": 0.1740778375621969,
        "spearman": 0.19568575452809797
      }
    ]
  },
  "task_name": "STS13"
}