{
  "dataset_revision": "d3fb88f8f02e40887cd149695127462bbcf29b4a",
  "evaluation_time": 1.7645699977874756,
  "kg_co2_emissions": null,
  "mteb_version": "1.14.20",
  "scores": {
    "test": [
      {
        "cosine_pearson": 0.5090846999360749,
        "cosine_spearman": 0.5269216448213457,
        "euclidean_pearson": 0.29953693205332155,
        "euclidean_spearman": 0.3236278560079517,
        "hf_subset": "default",
        "languages": [
          "eng-Latn"
        ],
        "main_score": 0.5269216448213457,
        "manhattan_pearson": 0.303024528518554,
        "manhattan_spearman": 0.3248567996729175,
        "pearson": 0.5090846999360749,
        "spearman": 0.5269216448213457
      }
    ]
  },
  "task_name": "BIOSSES"
}