{
  "dataset_revision": "59042f120c80e8afa9cdbb224f67076cec0fc9a7",
  "evaluation_time": 104.51576590538025,
  "kg_co2_emissions": null,
  "mteb_version": "1.14.20",
  "scores": {
    "test": [
      {
        "hf_subset": "default",
        "languages": [
          "eng-Latn"
        ],
        "main_score": 0.2559760608577898,
        "map": 0.2559760608577898,
        "mrr": 0.2580847874311885,
        "nAUC_map_diff1": 0.07159697593270979,
        "nAUC_map_max": -0.2655452982369472,
        "nAUC_map_std": -0.1291292850679325,
        "nAUC_mrr_diff1": 0.07491909745710662,
        "nAUC_mrr_max": -0.2064923272120914,
        "nAUC_mrr_std": -0.09645170689516648
      }
    ]
  },
  "task_name": "MindSmallReranking"
}