{
  "dataset_revision": "6031580fec1f6af667f0bd2da0a551cf4f0b2375",
  "evaluation_time": 3.899732828140259,
  "kg_co2_emissions": null,
  "mteb_version": "1.14.20",
  "scores": {
    "test": [
      {
        "cosine_pearson": 0.4874754048450769,
        "cosine_spearman": 0.48495668857140745,
        "euclidean_pearson": 0.47387521710951364,
        "euclidean_spearman": 0.4655239601483458,
        "hf_subset": "default",
        "languages": [
          "eng-Latn"
        ],
        "main_score": 0.48495668857140745,
        "manhattan_pearson": 0.47363519564951445,
        "manhattan_spearman": 0.465284185242388,
        "pearson": 0.4874754048450769,
        "spearman": 0.48495668857140745
      }
    ]
  },
  "task_name": "STS14"
}