{
  "dataset_revision": "d3c5e1fc0b855ab6097bf1cda04dd73947d7caab",
  "evaluation_time": 67.08240532875061,
  "kg_co2_emissions": null,
  "mteb_version": "1.14.20",
  "scores": {
    "test": [
      {
        "hf_subset": "default",
        "languages": [
          "eng-Latn"
        ],
        "main_score": 0.3274040748288864,
        "map": 0.3274040748288864,
        "mrr": 0.5169315161962221,
        "nAUC_map_diff1": 0.21105172025629504,
        "nAUC_map_max": 0.3346641194784206,
        "nAUC_map_std": 0.22870307709872661,
        "nAUC_mrr_diff1": 0.31045436901431384,
        "nAUC_mrr_max": 0.36138553765584475,
        "nAUC_mrr_std": 0.20816190918416344
      }
    ]
  },
  "task_name": "SciDocsRR"
}