{
  "dataset_revision": "20a6d6f312dd54037fe07a32d58e5e168867909d",
  "evaluation_time": 13.29826831817627,
  "kg_co2_emissions": null,
  "mteb_version": "1.14.20",
  "scores": {
    "test": [
      {
        "cosine_pearson": 0.2759859099353796,
        "cosine_spearman": 0.2959232583790464,
        "euclidean_pearson": 0.2950627896885879,
        "euclidean_spearman": 0.2895621043110493,
        "hf_subset": "default",
        "languages": [
          "eng-Latn"
        ],
        "main_score": 0.2959232583790464,
        "manhattan_pearson": 0.29432497569525967,
        "manhattan_spearman": 0.28892860522529346,
        "pearson": 0.2759859099353796,
        "spearman": 0.2959232583790464
      }
    ]
  },
  "task_name": "SICK-R"
}