{
  "dataset_revision": "4d8694f8f0e0100860b497b999b3dbed754a0513",
  "evaluation_time": 6.091866493225098,
  "kg_co2_emissions": null,
  "mteb_version": "1.14.20",
  "scores": {
    "test": [
      {
        "cosine_pearson": 0.2685304058584158,
        "cosine_spearman": 0.2886091332920295,
        "euclidean_pearson": 0.27193291732069264,
        "euclidean_spearman": 0.2721875087446217,
        "hf_subset": "default",
        "languages": [
          "eng-Latn"
        ],
        "main_score": 0.2886091332920295,
        "manhattan_pearson": 0.2720319382525276,
        "manhattan_spearman": 0.2720481250830697,
        "pearson": 0.2685304058584158,
        "spearman": 0.2886091332920295
      }
    ]
  },
  "task_name": "STS16"
}