{
  "dataset_revision": "2000358ca161889fa9c082cb41daa8dcfb161a54",
  "evaluation_time": 9.64656114578247,
  "kg_co2_emissions": null,
  "mteb_version": "1.14.19",
  "scores": {
    "test": [
      {
        "hf_subset": "default",
        "languages": [
          "eng-Latn"
        ],
        "main_score": 0.48094251593827225,
        "map": 0.48094251593827225,
        "mrr": 0.6127105043310029,
        "nAUC_map_diff1": 0.11538334160191592,
        "nAUC_map_max": 0.18833208153973524,
        "nAUC_map_std": 0.00919586445762021,
        "nAUC_mrr_diff1": 0.20860096659499286,
        "nAUC_mrr_max": 0.2623136811121713,
        "nAUC_mrr_std": -0.0256498413333034
      }
    ]
  },
  "task_name": "AskUbuntuDupQuestions"
}