{
  "dataset_revision": "59042f120c80e8afa9cdbb224f67076cec0fc9a7",
  "evaluation_time": 122.79193615913391,
  "kg_co2_emissions": null,
  "mteb_version": "1.14.19",
  "scores": {
    "test": [
      {
        "hf_subset": "default",
        "languages": [
          "eng-Latn"
        ],
        "main_score": 0.2938302174705209,
        "map": 0.2938302174705209,
        "mrr": 0.3029918871699723,
        "nAUC_map_diff1": 0.24938454975161667,
        "nAUC_map_max": -0.21138335903898564,
        "nAUC_map_std": -0.006042724747957166,
        "nAUC_mrr_diff1": 0.21986796601945605,
        "nAUC_mrr_max": -0.15256654606370065,
        "nAUC_mrr_std": -0.006163822829122382
      }
    ]
  },
  "task_name": "MindSmallReranking"
}