{
  "dataset_revision": "d3c5e1fc0b855ab6097bf1cda04dd73947d7caab",
  "evaluation_time": 83.45841598510742,
  "kg_co2_emissions": null,
  "mteb_version": "1.14.19",
  "scores": {
    "test": [
      {
        "hf_subset": "default",
        "languages": [
          "eng-Latn"
        ],
        "main_score": 0.6933802525100364,
        "map": 0.6933802525100364,
        "mrr": 0.8836228223483125,
        "nAUC_map_diff1": 0.071756596902817,
        "nAUC_map_max": 0.4534496229473883,
        "nAUC_map_std": 0.42227974695616166,
        "nAUC_mrr_diff1": 0.34318857850756945,
        "nAUC_mrr_max": 0.5802621194075391,
        "nAUC_mrr_std": 0.38196021233951644
      }
    ]
  },
  "task_name": "SciDocsRR"
}