{
  "dataset_revision": "20a6d6f312dd54037fe07a32d58e5e168867909d",
  "evaluation_time": 17.800047159194946,
  "kg_co2_emissions": null,
  "mteb_version": "1.14.19",
  "scores": {
    "test": [
      {
        "cosine_pearson": 0.5605245722310371,
        "cosine_spearman": 0.5213806917710757,
        "euclidean_pearson": 0.5370615764541598,
        "euclidean_spearman": 0.519025671315206,
        "hf_subset": "default",
        "languages": [
          "eng-Latn"
        ],
        "main_score": 0.5213806917710757,
        "manhattan_pearson": 0.5441001234320342,
        "manhattan_spearman": 0.5296581152041796,
        "pearson": 0.5605245722310371,
        "spearman": 0.5213806917710757
      }
    ]
  },
  "task_name": "SICK-R"
}