{
  "dataset_revision": "d66bd1f72af766a5cc4b0ca5e00c162f89e8cc46",
  "evaluation_time": 30.128201246261597,
  "kg_co2_emissions": null,
  "mteb_version": "1.14.19",
  "scores": {
    "test": [
      {
        "cosine_accuracy": 0.9915940594059406,
        "cosine_accuracy_threshold": 0.9501549005508423,
        "cosine_ap": 0.3887056574247804,
        "cosine_f1": 0.4319495533368365,
        "cosine_f1_threshold": 0.9376864433288574,
        "cosine_precision": 0.45514950166112955,
        "cosine_recall": 0.411,
        "dot_accuracy": 0.9901287128712871,
        "dot_accuracy_threshold": 3374.9384765625,
        "dot_ap": 0.05293094719750591,
        "dot_f1": 0.10403500243072435,
        "dot_f1_threshold": 3117.990234375,
        "dot_precision": 0.10122989593188268,
        "dot_recall": 0.107,
        "euclidean_accuracy": 0.9913960396039604,
        "euclidean_accuracy_threshold": 16.74782371520996,
        "euclidean_ap": 0.35012698862265995,
        "euclidean_f1": 0.39438267992978354,
        "euclidean_f1_threshold": 18.84468650817871,
        "euclidean_precision": 0.47531734837799716,
        "euclidean_recall": 0.337,
        "hf_subset": "default",
        "languages": [
          "eng-Latn"
        ],
        "main_score": 0.4164525774444192,
        "manhattan_accuracy": 0.9917128712871287,
        "manhattan_accuracy_threshold": 527.3558349609375,
        "manhattan_ap": 0.4164525774444192,
        "manhattan_f1": 0.4464796794504866,
        "manhattan_f1_threshold": 564.7625732421875,
        "manhattan_precision": 0.5220883534136547,
        "manhattan_recall": 0.39,
        "max_accuracy": 0.9917128712871287,
        "max_ap": 0.4164525774444192,
        "max_f1": 0.4464796794504866,
        "max_precision": 0.5220883534136547,
        "max_recall": 0.411,
        "similarity_accuracy": 0.9915940594059406,
        "similarity_accuracy_threshold": 0.9501549005508423,
        "similarity_ap": 0.3887056574247804,
        "similarity_f1": 0.4319495533368365,
        "similarity_f1_threshold": 0.9376864433288574,
        "similarity_precision": 0.45514950166112955,
        "similarity_recall": 0.411
      }
    ],
    "validation": [
      {
        "cosine_accuracy": 0.9908514851485148,
        "cosine_accuracy_threshold": 0.9511118531227112,
        "cosine_ap": 0.2659897652414861,
        "cosine_f1": 0.33488372093023255,
        "cosine_f1_threshold": 0.937453031539917,
        "cosine_precision": 0.4,
        "cosine_recall": 0.288,
        "dot_accuracy": 0.9901287128712871,
        "dot_accuracy_threshold": 3709.040771484375,
        "dot_ap": 0.03501654331646062,
        "dot_f1": 0.08207217694994179,
        "dot_f1_threshold": 3024.675537109375,
        "dot_precision": 0.05788177339901478,
        "dot_recall": 0.141,
        "euclidean_accuracy": 0.9906930693069307,
        "euclidean_accuracy_threshold": 17.242023468017578,
        "euclidean_ap": 0.23569816782848324,
        "euclidean_f1": 0.30303030303030304,
        "euclidean_f1_threshold": 19.11832046508789,
        "euclidean_precision": 0.3733528550512445,
        "euclidean_recall": 0.255,
        "hf_subset": "default",
        "languages": [
          "eng-Latn"
        ],
        "main_score": 0.3081306426230503,
        "manhattan_accuracy": 0.9909405940594059,
        "manhattan_accuracy_threshold": 516.98779296875,
        "manhattan_ap": 0.3081306426230503,
        "manhattan_f1": 0.37244897959183676,
        "manhattan_f1_threshold": 586.4493408203125,
        "manhattan_precision": 0.3802083333333333,
        "manhattan_recall": 0.365,
        "max_accuracy": 0.9909405940594059,
        "max_ap": 0.3081306426230503,
        "max_f1": 0.37244897959183676,
        "max_precision": 0.4,
        "max_recall": 0.365,
        "similarity_accuracy": 0.9908514851485148,
        "similarity_accuracy_threshold": 0.9511118531227112,
        "similarity_ap": 0.2659897652414861,
        "similarity_f1": 0.33488372093023255,
        "similarity_f1_threshold": 0.937453031539917,
        "similarity_precision": 0.4,
        "similarity_recall": 0.288
      }
    ]
  },
  "task_name": "SprintDuplicateQuestions"
}