{
  "dataset_revision": "e185fbe320c72810689fc5848eb6114e1ef5ec69",
  "evaluation_time": 53.400773763656616,
  "kg_co2_emissions": null,
  "mteb_version": "1.14.19",
  "scores": {
    "test": [
      {
        "hf_subset": "default",
        "languages": [
          "eng-Latn"
        ],
        "main_score": 0.37780358781257223,
        "map": 0.37780358781257223,
        "mrr": 0.37815404570919275,
        "nAUC_map_diff1": 0.2912383921512853,
        "nAUC_map_max": 0.2121096820400025,
        "nAUC_map_std": 0.07408976530780345,
        "nAUC_mrr_diff1": 0.2882206588340914,
        "nAUC_mrr_max": 0.21824295112238182,
        "nAUC_mrr_std": 0.08164033627265777
      }
    ]
  },
  "task_name": "StackOverflowDupQuestions"
}