{
  "dataset_revision": "7e90230a92c190f1bf69ae9002b8cea547a64cca",
  "evaluation_time": 5.45091986656189,
  "kg_co2_emissions": null,
  "mteb_version": "1.14.19",
  "scores": {
    "test": [
      {
        "cosine_pearson": 0.4982526236296603,
        "cosine_spearman": 0.5091008313615932,
        "euclidean_pearson": 0.5299314778407606,
        "euclidean_spearman": 0.5250533654935226,
        "hf_subset": "default",
        "languages": [
          "eng-Latn"
        ],
        "main_score": 0.5091008313615932,
        "manhattan_pearson": 0.5266347644559085,
        "manhattan_spearman": 0.5228862307218886,
        "pearson": 0.4982526236296603,
        "spearman": 0.5091008313615932
      }
    ]
  },
  "task_name": "STS13"
}