{
  "dataset_revision": "ae752c7c21bf194d8b67fd573edf7ae58183cbe3",
  "evaluation_time": 10.104253053665161,
  "kg_co2_emissions": null,
  "mteb_version": "1.14.19",
  "scores": {
    "test": [
      {
        "cosine_pearson": 0.5576187432113815,
        "cosine_spearman": 0.587420730086383,
        "euclidean_pearson": 0.6074769740650012,
        "euclidean_spearman": 0.6214193756829831,
        "hf_subset": "default",
        "languages": [
          "eng-Latn"
        ],
        "main_score": 0.587420730086383,
        "manhattan_pearson": 0.6168806401537609,
        "manhattan_spearman": 0.6352591664280317,
        "pearson": 0.5576187432113815,
        "spearman": 0.587420730086383
      }
    ]
  },
  "task_name": "STS15"
}