{
  "dataset_revision": "6031580fec1f6af667f0bd2da0a551cf4f0b2375",
  "evaluation_time": 15.260560989379883,
  "kg_co2_emissions": null,
  "mteb_version": "1.14.19",
  "scores": {
    "test": [
      {
        "cosine_pearson": 0.48229912978084477,
        "cosine_spearman": 0.44430755840472996,
        "euclidean_pearson": 0.477769140061076,
        "euclidean_spearman": 0.45213017112211396,
        "hf_subset": "default",
        "languages": [
          "eng-Latn"
        ],
        "main_score": 0.44430755840472996,
        "manhattan_pearson": 0.49239508104529905,
        "manhattan_spearman": 0.47177071999476433,
        "pearson": 0.48229912978084477,
        "spearman": 0.44430755840472996
      }
    ]
  },
  "task_name": "STS14"
}