{
  "dataset_revision": "a0d554a64d88156834ff5ae9920b964011b16384",
  "evaluation_time": 9.32514238357544,
  "kg_co2_emissions": null,
  "mteb_version": "1.14.19",
  "scores": {
    "test": [
      {
        "cosine_pearson": 0.45211171293134533,
        "cosine_spearman": 0.4449623508193096,
        "euclidean_pearson": 0.460539112831294,
        "euclidean_spearman": 0.45094356223707244,
        "hf_subset": "default",
        "languages": [
          "eng-Latn"
        ],
        "main_score": 0.4449623508193096,
        "manhattan_pearson": 0.48563140506029695,
        "manhattan_spearman": 0.4641518250953282,
        "pearson": 0.45211171293134533,
        "spearman": 0.4449623508193096
      }
    ]
  },
  "task_name": "STS12"
}