{
  "dataset_revision": "b0fddb56ed78048fa8b90373c8a3cfc37b684831",
  "evaluation_time": 4.722794532775879,
  "kg_co2_emissions": null,
  "mteb_version": "1.14.19",
  "scores": {
    "test": [
      {
        "cosine_pearson": 0.5162356653763673,
        "cosine_spearman": 0.49533937723430854,
        "euclidean_pearson": 0.5060872954568986,
        "euclidean_spearman": 0.49324786238916885,
        "hf_subset": "default",
        "languages": [
          "eng-Latn"
        ],
        "main_score": 0.49533937723430854,
        "manhattan_pearson": 0.5115327717031207,
        "manhattan_spearman": 0.5018172296390985,
        "pearson": 0.5162356653763673,
        "spearman": 0.49533937723430854
      }
    ]
  },
  "task_name": "STSBenchmark"
}