{
  "dataset_revision": "d3fb88f8f02e40887cd149695127462bbcf29b4a",
  "evaluation_time": 2.90608811378479,
  "kg_co2_emissions": null,
  "mteb_version": "1.14.20",
  "scores": {
    "test": [
      {
        "cosine_pearson": 0.3988461168064677,
        "cosine_spearman": 0.40256941378104233,
        "euclidean_pearson": 0.36976809482145984,
        "euclidean_spearman": 0.37049036958524656,
        "hf_subset": "default",
        "languages": [
          "eng-Latn"
        ],
        "main_score": 0.40256941378104233,
        "manhattan_pearson": 0.37433281548020253,
        "manhattan_spearman": 0.36850839671380675,
        "pearson": 0.3988461168064677,
        "spearman": 0.40256941378104233
      }
    ]
  },
  "task_name": "BIOSSES"
}