{
  "dataset_revision": "59042f120c80e8afa9cdbb224f67076cec0fc9a7",
  "evaluation_time": 121.08254957199097,
  "kg_co2_emissions": null,
  "mteb_version": "1.14.20",
  "scores": {
    "test": [
      {
        "hf_subset": "default",
        "languages": [
          "eng-Latn"
        ],
        "main_score": 0.25716632396680705,
        "map": 0.25716632396680705,
        "mrr": 0.26045734325570236,
        "nAUC_map_diff1": 0.15884444132809294,
        "nAUC_map_max": -0.21355591980811345,
        "nAUC_map_std": -0.17331728846072303,
        "nAUC_mrr_diff1": 0.15391742601406397,
        "nAUC_mrr_max": -0.14801689558767522,
        "nAUC_mrr_std": -0.1479896730114727
      }
    ]
  },
  "task_name": "MindSmallReranking"
}