{
  "dataset_revision": "2000358ca161889fa9c082cb41daa8dcfb161a54",
  "evaluation_time": 6.127112150192261,
  "kg_co2_emissions": null,
  "mteb_version": "1.14.19",
  "scores": {
    "test": [
      {
        "hf_subset": "default",
        "languages": [
          "eng-Latn"
        ],
        "main_score": 0.4519584446620814,
        "map": 0.4519584446620814,
        "mrr": 0.576042078881414,
        "nAUC_map_diff1": 0.11539889414149025,
        "nAUC_map_max": 0.14651042080803944,
        "nAUC_map_std": -0.03256248755170998,
        "nAUC_mrr_diff1": 0.17357760496075217,
        "nAUC_mrr_max": 0.21192939030516436,
        "nAUC_mrr_std": -0.05309139270338292
      }
    ]
  },
  "task_name": "AskUbuntuDupQuestions"
}