{
  "dataset_revision": "d3fb88f8f02e40887cd149695127462bbcf29b4a",
  "evaluation_time": 1.6743221282958984,
  "kg_co2_emissions": null,
  "mteb_version": "1.14.19",
  "scores": {
    "test": [
      {
        "cosine_pearson": 0.3828679259005017,
        "cosine_spearman": 0.5245962906317537,
        "euclidean_pearson": 0.43051820557139225,
        "euclidean_spearman": 0.4975896511707674,
        "hf_subset": "default",
        "languages": [
          "eng-Latn"
        ],
        "main_score": 0.5245962906317537,
        "manhattan_pearson": 0.5675058168307493,
        "manhattan_spearman": 0.5756697435316518,
        "pearson": 0.3828679259005017,
        "spearman": 0.5245962906317537
      }
    ]
  },
  "task_name": "BIOSSES"
}