{
  "dataset_revision": "59042f120c80e8afa9cdbb224f67076cec0fc9a7",
  "evaluation_time": 146.63092160224915,
  "kg_co2_emissions": null,
  "mteb_version": "1.14.19",
  "scores": {
    "test": [
      {
        "hf_subset": "default",
        "languages": [
          "eng-Latn"
        ],
        "main_score": 0.28686261776402977,
        "map": 0.28686261776402977,
        "mrr": 0.294925453570679,
        "nAUC_map_diff1": 0.22023559284802252,
        "nAUC_map_max": -0.2148159553513926,
        "nAUC_map_std": 0.07893941237754448,
        "nAUC_mrr_diff1": 0.19500884138778482,
        "nAUC_mrr_max": -0.1628735958063524,
        "nAUC_mrr_std": 0.06887611680934619
      }
    ]
  },
  "task_name": "MindSmallReranking"
}