{
  "dataset_revision": "d3c5e1fc0b855ab6097bf1cda04dd73947d7caab",
  "evaluation_time": 47.18733334541321,
  "kg_co2_emissions": null,
  "mteb_version": "1.14.19",
  "scores": {
    "test": [
      {
        "hf_subset": "default",
        "languages": [
          "eng-Latn"
        ],
        "main_score": 0.5780046205080587,
        "map": 0.5780046205080587,
        "mrr": 0.8198741889918361,
        "nAUC_map_diff1": 0.1770702683679402,
        "nAUC_map_max": 0.44036568603149245,
        "nAUC_map_std": 0.28077344627677553,
        "nAUC_mrr_diff1": 0.4106341337297183,
        "nAUC_mrr_max": 0.5286454447460017,
        "nAUC_mrr_std": 0.2833008159064681
      }
    ]
  },
  "task_name": "SciDocsRR"
}