{
  "dataset_revision": "d66bd1f72af766a5cc4b0ca5e00c162f89e8cc46",
  "evaluation_time": 22.247182846069336,
  "kg_co2_emissions": null,
  "mteb_version": "1.14.19",
  "scores": {
    "test": [
      {
        "cosine_accuracy": 0.9917128712871287,
        "cosine_accuracy_threshold": 0.9657083749771118,
        "cosine_ap": 0.40527741500648257,
        "cosine_f1": 0.4252873563218391,
        "cosine_f1_threshold": 0.961255669593811,
        "cosine_precision": 0.588339222614841,
        "cosine_recall": 0.333,
        "dot_accuracy": 0.9900990099009901,
        "dot_accuracy_threshold": 4343.1455078125,
        "dot_ap": 0.026710271207948888,
        "dot_f1": 0.06946323861073524,
        "dot_f1_threshold": 3817.49072265625,
        "dot_precision": 0.06327033689400165,
        "dot_recall": 0.077,
        "euclidean_accuracy": 0.992059405940594,
        "euclidean_accuracy_threshold": 15.762049674987793,
        "euclidean_ap": 0.4303206595142586,
        "euclidean_f1": 0.4445734184561811,
        "euclidean_f1_threshold": 17.363819122314453,
        "euclidean_precision": 0.5297372060857538,
        "euclidean_recall": 0.383,
        "hf_subset": "default",
        "languages": [
          "eng-Latn"
        ],
        "main_score": 0.5523808750590657,
        "manhattan_accuracy": 0.9928217821782178,
        "manhattan_accuracy_threshold": 488.1907043457031,
        "manhattan_ap": 0.5523808750590657,
        "manhattan_f1": 0.5438692098092642,
        "manhattan_f1_threshold": 538.1907348632812,
        "manhattan_precision": 0.5976047904191617,
        "manhattan_recall": 0.499,
        "max_accuracy": 0.9928217821782178,
        "max_ap": 0.5523808750590657,
        "max_f1": 0.5438692098092642,
        "max_precision": 0.5976047904191617,
        "max_recall": 0.499,
        "similarity_accuracy": 0.9917128712871287,
        "similarity_accuracy_threshold": 0.9657083749771118,
        "similarity_ap": 0.40527741500648257,
        "similarity_f1": 0.4252873563218391,
        "similarity_f1_threshold": 0.961255669593811,
        "similarity_precision": 0.588339222614841,
        "similarity_recall": 0.333
      }
    ],
    "validation": [
      {
        "cosine_accuracy": 0.9911089108910891,
        "cosine_accuracy_threshold": 0.9687786102294922,
        "cosine_ap": 0.28798989714234796,
        "cosine_f1": 0.3414084507042253,
        "cosine_f1_threshold": 0.9571335315704346,
        "cosine_precision": 0.3909677419354839,
        "cosine_recall": 0.303,
        "dot_accuracy": 0.9901386138613861,
        "dot_accuracy_threshold": 4332.1796875,
        "dot_ap": 0.037086034116302916,
        "dot_f1": 0.07487623762376237,
        "dot_f1_threshold": 3773.45751953125,
        "dot_precision": 0.05421146953405018,
        "dot_recall": 0.121,
        "euclidean_accuracy": 0.9912178217821782,
        "euclidean_accuracy_threshold": 15.639106750488281,
        "euclidean_ap": 0.3176908079628358,
        "euclidean_f1": 0.3706004140786749,
        "euclidean_f1_threshold": 17.997478485107422,
        "euclidean_precision": 0.38412017167381973,
        "euclidean_recall": 0.358,
        "hf_subset": "default",
        "languages": [
          "eng-Latn"
        ],
        "main_score": 0.4645863833852045,
        "manhattan_accuracy": 0.9922673267326733,
        "manhattan_accuracy_threshold": 502.64117431640625,
        "manhattan_ap": 0.4645863833852045,
        "manhattan_f1": 0.48422141748577335,
        "manhattan_f1_threshold": 551.9744873046875,
        "manhattan_precision": 0.5016077170418006,
        "manhattan_recall": 0.468,
        "max_accuracy": 0.9922673267326733,
        "max_ap": 0.4645863833852045,
        "max_f1": 0.48422141748577335,
        "max_precision": 0.5016077170418006,
        "max_recall": 0.468,
        "similarity_accuracy": 0.9911089108910891,
        "similarity_accuracy_threshold": 0.9687786102294922,
        "similarity_ap": 0.28798989714234796,
        "similarity_f1": 0.3414084507042253,
        "similarity_f1_threshold": 0.9571335315704346,
        "similarity_precision": 0.3909677419354839,
        "similarity_recall": 0.303
      }
    ]
  },
  "task_name": "SprintDuplicateQuestions"
}