{
  "dataset_revision": "e185fbe320c72810689fc5848eb6114e1ef5ec69",
  "evaluation_time": 30.84444260597229,
  "kg_co2_emissions": null,
  "mteb_version": "1.14.19",
  "scores": {
    "test": [
      {
        "hf_subset": "default",
        "languages": [
          "eng-Latn"
        ],
        "main_score": 0.37284701964506545,
        "map": 0.37284701964506545,
        "mrr": 0.3716951553348612,
        "nAUC_map_diff1": 0.30220439465362214,
        "nAUC_map_max": 0.2410515705978195,
        "nAUC_map_std": 0.0484350307982741,
        "nAUC_mrr_diff1": 0.2979500758204811,
        "nAUC_mrr_max": 0.2518925513357367,
        "nAUC_mrr_std": 0.05192524158672624
      }
    ]
  },
  "task_name": "StackOverflowDupQuestions"
}