{
  "dataset_revision": "6031580fec1f6af667f0bd2da0a551cf4f0b2375",
  "evaluation_time": 7.964243412017822,
  "kg_co2_emissions": null,
  "mteb_version": "1.14.19",
  "scores": {
    "test": [
      {
        "cosine_pearson": 0.46002245340846126,
        "cosine_spearman": 0.4636000628778754,
        "euclidean_pearson": 0.46844631341098875,
        "euclidean_spearman": 0.4605088951921282,
        "hf_subset": "default",
        "languages": [
          "eng-Latn"
        ],
        "main_score": 0.4636000628778754,
        "manhattan_pearson": 0.515610510379853,
        "manhattan_spearman": 0.5003833829089122,
        "pearson": 0.46002245340846126,
        "spearman": 0.4636000628778754
      }
    ]
  },
  "task_name": "STS14"
}