{
  "dataset_revision": "a0d554a64d88156834ff5ae9920b964011b16384",
  "evaluation_time": 5.812677621841431,
  "kg_co2_emissions": null,
  "mteb_version": "1.14.19",
  "scores": {
    "test": [
      {
        "cosine_pearson": 0.3769661528353168,
        "cosine_spearman": 0.4164832496915022,
        "euclidean_pearson": 0.3639756364454801,
        "euclidean_spearman": 0.3714845775272477,
        "hf_subset": "default",
        "languages": [
          "eng-Latn"
        ],
        "main_score": 0.4164832496915022,
        "manhattan_pearson": 0.390396677454144,
        "manhattan_spearman": 0.3801930906445739,
        "pearson": 0.3769661528353168,
        "spearman": 0.4164832496915022
      }
    ]
  },
  "task_name": "STS12"
}