{
  "dataset_revision": "d3fb88f8f02e40887cd149695127462bbcf29b4a",
  "evaluation_time": 1.6887552738189697,
  "kg_co2_emissions": null,
  "mteb_version": "1.14.20",
  "scores": {
    "test": [
      {
        "cosine_pearson": 0.0810540647545613,
        "cosine_spearman": 0.08272477650641637,
        "euclidean_pearson": 0.08776363727051056,
        "euclidean_spearman": 0.09686967712082543,
        "hf_subset": "default",
        "languages": [
          "eng-Latn"
        ],
        "main_score": 0.08272477650641637,
        "manhattan_pearson": 0.0940074797319087,
        "manhattan_spearman": 0.10242402054777824,
        "pearson": 0.0810540647545613,
        "spearman": 0.08272477650641637
      }
    ]
  },
  "task_name": "BIOSSES"
}