{
  "dataset_revision": "20a6d6f312dd54037fe07a32d58e5e168867909d",
  "evaluation_time": 14.089311838150024,
  "kg_co2_emissions": null,
  "mteb_version": "1.14.20",
  "scores": {
    "test": [
      {
        "cosine_pearson": 0.3048780241027622,
        "cosine_spearman": 0.3129797306107095,
        "euclidean_pearson": 0.31510848597466035,
        "euclidean_spearman": 0.30575894185113817,
        "hf_subset": "default",
        "languages": [
          "eng-Latn"
        ],
        "main_score": 0.3129797306107095,
        "manhattan_pearson": 0.3155057919049489,
        "manhattan_spearman": 0.30609874982719637,
        "pearson": 0.3048780241027622,
        "spearman": 0.3129797306107095
      }
    ]
  },
  "task_name": "SICK-R"
}