{
  "dataset_revision": "d66bd1f72af766a5cc4b0ca5e00c162f89e8cc46",
  "evaluation_time": 10.51833438873291,
  "kg_co2_emissions": null,
  "mteb_version": "1.14.20",
  "scores": {
    "test": [
      {
        "cosine_accuracy": 0.9901287128712871,
        "cosine_accuracy_threshold": 0.9393501281738281,
        "cosine_ap": 0.025247536027561635,
        "cosine_f1": 0.046223689640940986,
        "cosine_f1_threshold": 0.4506727457046509,
        "cosine_precision": 0.02577082374597331,
        "cosine_recall": 0.224,
        "dot_accuracy": 0.9901089108910891,
        "dot_accuracy_threshold": 481.2370300292969,
        "dot_ap": 0.020944588819442053,
        "dot_f1": 0.0444791260241904,
        "dot_f1_threshold": 152.93850708007812,
        "dot_precision": 0.023786340242036446,
        "dot_recall": 0.342,
        "euclidean_accuracy": 0.9901386138613861,
        "euclidean_accuracy_threshold": 7.305099010467529,
        "euclidean_ap": 0.02407603832853337,
        "euclidean_f1": 0.04608294930875576,
        "euclidean_f1_threshold": 18.670825958251953,
        "euclidean_precision": 0.028005170185264973,
        "euclidean_recall": 0.13,
        "hf_subset": "default",
        "languages": [
          "eng-Latn"
        ],
        "main_score": 0.025247536027561635,
        "manhattan_accuracy": 0.9901287128712871,
        "manhattan_accuracy_threshold": 187.45223999023438,
        "manhattan_ap": 0.02374489840919365,
        "manhattan_f1": 0.04787935909519321,
        "manhattan_f1_threshold": 472.07537841796875,
        "manhattan_precision": 0.029500580720092914,
        "manhattan_recall": 0.127,
        "max_accuracy": 0.9901386138613861,
        "max_ap": 0.025247536027561635,
        "max_f1": 0.04787935909519321,
        "max_precision": 0.029500580720092914,
        "max_recall": 0.342,
        "similarity_accuracy": 0.9901287128712871,
        "similarity_accuracy_threshold": 0.9393501281738281,
        "similarity_ap": 0.025247536027561635,
        "similarity_f1": 0.046223689640940986,
        "similarity_f1_threshold": 0.4506727457046509,
        "similarity_precision": 0.02577082374597331,
        "similarity_recall": 0.224
      }
    ]
  },
  "task_name": "SprintDuplicateQuestions"
}