{
  "dataset_revision": "4d8694f8f0e0100860b497b999b3dbed754a0513",
  "evaluation_time": 4.5303285121917725,
  "kg_co2_emissions": null,
  "mteb_version": "1.14.20",
  "scores": {
    "test": [
      {
        "cosine_pearson": 0.27742437132838776,
        "cosine_spearman": 0.30013414503301866,
        "euclidean_pearson": 0.2831108118159908,
        "euclidean_spearman": 0.27933918138789926,
        "hf_subset": "default",
        "languages": [
          "eng-Latn"
        ],
        "main_score": 0.30013414503301866,
        "manhattan_pearson": 0.28350645081739084,
        "manhattan_spearman": 0.2802221756433735,
        "pearson": 0.27742437132838776,
        "spearman": 0.30013414503301866
      }
    ]
  },
  "task_name": "STS16"
}