{
  "dataset_revision": "b0fddb56ed78048fa8b90373c8a3cfc37b684831",
  "evaluation_time": 3.684526205062866,
  "kg_co2_emissions": null,
  "mteb_version": "1.14.20",
  "scores": {
    "test": [
      {
        "cosine_pearson": 0.10615021381775344,
        "cosine_spearman": 0.12703590498439044,
        "euclidean_pearson": 0.13090779965989366,
        "euclidean_spearman": 0.13079926414851112,
        "hf_subset": "default",
        "languages": [
          "eng-Latn"
        ],
        "main_score": 0.12703590498439044,
        "manhattan_pearson": 0.13061363980450968,
        "manhattan_spearman": 0.13058699270953833,
        "pearson": 0.10615021381775344,
        "spearman": 0.12703590498439044
      }
    ]
  },
  "task_name": "STSBenchmark"
}