{
  "dataset_revision": "59042f120c80e8afa9cdbb224f67076cec0fc9a7",
  "evaluation_time": 187.6110053062439,
  "kg_co2_emissions": null,
  "mteb_version": "1.14.19",
  "scores": {
    "test": [
      {
        "hf_subset": "default",
        "languages": [
          "eng-Latn"
        ],
        "main_score": 0.28917415792074325,
        "map": 0.28917415792074325,
        "mrr": 0.29802472827825954,
        "nAUC_map_diff1": 0.25205687393480813,
        "nAUC_map_max": -0.17995467303126245,
        "nAUC_map_std": 0.0640749702226971,
        "nAUC_mrr_diff1": 0.22148933727115577,
        "nAUC_mrr_max": -0.12387312871115262,
        "nAUC_mrr_std": 0.051378953049933763
      }
    ]
  },
  "task_name": "MindSmallReranking"
}