{
  "dataset_revision": "20a6d6f312dd54037fe07a32d58e5e168867909d",
  "evaluation_time": 26.010346174240112,
  "kg_co2_emissions": null,
  "mteb_version": "1.14.19",
  "scores": {
    "test": [
      {
        "cosine_pearson": 0.4659621683568887,
        "cosine_spearman": 0.4504345569651781,
        "euclidean_pearson": 0.46140054636595573,
        "euclidean_spearman": 0.4511559387165872,
        "hf_subset": "default",
        "languages": [
          "eng-Latn"
        ],
        "main_score": 0.4504345569651781,
        "manhattan_pearson": 0.4770230708464118,
        "manhattan_spearman": 0.4633508235183888,
        "pearson": 0.4659621683568887,
        "spearman": 0.4504345569651781
      }
    ]
  },
  "task_name": "SICK-R"
}