{
  "dataset_revision": "d66bd1f72af766a5cc4b0ca5e00c162f89e8cc46",
  "evaluation_time": 39.34938955307007,
  "kg_co2_emissions": null,
  "mteb_version": "1.14.19",
  "scores": {
    "test": [
      {
        "cosine_accuracy": 0.9903366336633663,
        "cosine_accuracy_threshold": 0.9575910568237305,
        "cosine_ap": 0.12746578674926864,
        "cosine_f1": 0.19549592716818398,
        "cosine_f1_threshold": 0.9271349906921387,
        "cosine_precision": 0.18767249310027598,
        "cosine_recall": 0.204,
        "dot_accuracy": 0.9901188118811881,
        "dot_accuracy_threshold": 4296.9736328125,
        "dot_ap": 0.017072921844574977,
        "dot_f1": 0.033266418124462294,
        "dot_f1_threshold": 3467.2099609375,
        "dot_precision": 0.02332127060715722,
        "dot_recall": 0.058,
        "euclidean_accuracy": 0.9905841584158416,
        "euclidean_accuracy_threshold": 17.555213928222656,
        "euclidean_ap": 0.17488320829739895,
        "euclidean_f1": 0.25422804146208405,
        "euclidean_f1_threshold": 21.90283966064453,
        "euclidean_precision": 0.2797118847539016,
        "euclidean_recall": 0.233,
        "hf_subset": "default",
        "languages": [
          "eng-Latn"
        ],
        "main_score": 0.31556018536546054,
        "manhattan_accuracy": 0.9911386138613861,
        "manhattan_accuracy_threshold": 600.1856689453125,
        "manhattan_ap": 0.31556018536546054,
        "manhattan_f1": 0.36809815950920244,
        "manhattan_f1_threshold": 657.5704345703125,
        "manhattan_precision": 0.416141235813367,
        "manhattan_recall": 0.33,
        "max_accuracy": 0.9911386138613861,
        "max_ap": 0.31556018536546054,
        "max_f1": 0.36809815950920244,
        "max_precision": 0.416141235813367,
        "max_recall": 0.33,
        "similarity_accuracy": 0.9903366336633663,
        "similarity_accuracy_threshold": 0.9575910568237305,
        "similarity_ap": 0.12746578674926864,
        "similarity_f1": 0.19549592716818398,
        "similarity_f1_threshold": 0.9271349906921387,
        "similarity_precision": 0.18767249310027598,
        "similarity_recall": 0.204
      }
    ],
    "validation": [
      {
        "cosine_accuracy": 0.9903168316831683,
        "cosine_accuracy_threshold": 0.9661194682121277,
        "cosine_ap": 0.09280224813807307,
        "cosine_f1": 0.14970453053184504,
        "cosine_f1_threshold": 0.934510350227356,
        "cosine_precision": 0.2179732313575526,
        "cosine_recall": 0.114,
        "dot_accuracy": 0.9900891089108911,
        "dot_accuracy_threshold": 4474.50390625,
        "dot_ap": 0.016403762012374843,
        "dot_f1": 0.04692307692307693,
        "dot_f1_threshold": 3597.664794921875,
        "dot_precision": 0.038125,
        "dot_recall": 0.061,
        "euclidean_accuracy": 0.9903465346534653,
        "euclidean_accuracy_threshold": 17.776065826416016,
        "euclidean_ap": 0.1147838662057123,
        "euclidean_f1": 0.1895674300254453,
        "euclidean_f1_threshold": 21.523561477661133,
        "euclidean_precision": 0.26048951048951047,
        "euclidean_recall": 0.149,
        "hf_subset": "default",
        "languages": [
          "eng-Latn"
        ],
        "main_score": 0.22388858276823706,
        "manhattan_accuracy": 0.9905247524752475,
        "manhattan_accuracy_threshold": 579.4283447265625,
        "manhattan_ap": 0.22388858276823706,
        "manhattan_f1": 0.30116648992576883,
        "manhattan_f1_threshold": 673.124755859375,
        "manhattan_precision": 0.32054176072234764,
        "manhattan_recall": 0.284,
        "max_accuracy": 0.9905247524752475,
        "max_ap": 0.22388858276823706,
        "max_f1": 0.30116648992576883,
        "max_precision": 0.32054176072234764,
        "max_recall": 0.284,
        "similarity_accuracy": 0.9903168316831683,
        "similarity_accuracy_threshold": 0.9661194682121277,
        "similarity_ap": 0.09280224813807307,
        "similarity_f1": 0.14970453053184504,
        "similarity_f1_threshold": 0.934510350227356,
        "similarity_precision": 0.2179732313575526,
        "similarity_recall": 0.114
      }
    ]
  },
  "task_name": "SprintDuplicateQuestions"
}