{
  "dataset_revision": "e185fbe320c72810689fc5848eb6114e1ef5ec69",
  "evaluation_time": 76.28611397743225,
  "kg_co2_emissions": null,
  "mteb_version": "1.14.19",
  "scores": {
    "test": [
      {
        "hf_subset": "default",
        "languages": [
          "eng-Latn"
        ],
        "main_score": 0.34846216658203705,
        "map": 0.34846216658203705,
        "mrr": 0.34689197648756476,
        "nAUC_map_diff1": 0.2476983885324569,
        "nAUC_map_max": 0.19770298900224634,
        "nAUC_map_std": 0.03977211844802402,
        "nAUC_mrr_diff1": 0.2451812969955833,
        "nAUC_mrr_max": 0.20240702777358124,
        "nAUC_mrr_std": 0.04239394760380257
      }
    ]
  },
  "task_name": "StackOverflowDupQuestions"
}