{
  "dataset_revision": "a0d554a64d88156834ff5ae9920b964011b16384",
  "evaluation_time": 14.60868215560913,
  "kg_co2_emissions": null,
  "mteb_version": "1.14.19",
  "scores": {
    "test": [
      {
        "cosine_pearson": 0.41181865171152704,
        "cosine_spearman": 0.45563487528926266,
        "euclidean_pearson": 0.3746278891275369,
        "euclidean_spearman": 0.39210520194040027,
        "hf_subset": "default",
        "languages": [
          "eng-Latn"
        ],
        "main_score": 0.45563487528926266,
        "manhattan_pearson": 0.4264699192082986,
        "manhattan_spearman": 0.4253692144729706,
        "pearson": 0.41181865171152704,
        "spearman": 0.45563487528926266
      }
    ]
  },
  "task_name": "STS12"
}