{
  "dataset_revision": "7e90230a92c190f1bf69ae9002b8cea547a64cca",
  "evaluation_time": 8.640608310699463,
  "kg_co2_emissions": null,
  "mteb_version": "1.14.19",
  "scores": {
    "test": [
      {
        "cosine_pearson": 0.45230725777966885,
        "cosine_spearman": 0.4606031309655436,
        "euclidean_pearson": 0.4966810420195069,
        "euclidean_spearman": 0.49829647793082654,
        "hf_subset": "default",
        "languages": [
          "eng-Latn"
        ],
        "main_score": 0.4606031309655436,
        "manhattan_pearson": 0.5072438197917742,
        "manhattan_spearman": 0.5100859914628211,
        "pearson": 0.45230725777966885,
        "spearman": 0.4606031309655436
      }
    ]
  },
  "task_name": "STS13"
}