{
  "dataset_revision": "d3fb88f8f02e40887cd149695127462bbcf29b4a",
  "evaluation_time": 2.1432249546051025,
  "kg_co2_emissions": null,
  "mteb_version": "1.14.20",
  "scores": {
    "test": [
      {
        "cosine_pearson": 0.201645494526232,
        "cosine_spearman": 0.22058333939403885,
        "euclidean_pearson": 0.1410129303862004,
        "euclidean_spearman": 0.16941349875571224,
        "hf_subset": "default",
        "languages": [
          "eng-Latn"
        ],
        "main_score": 0.22058333939403885,
        "manhattan_pearson": 0.14217846226121567,
        "manhattan_spearman": 0.1754136354728977,
        "pearson": 0.201645494526232,
        "spearman": 0.22058333939403885
      }
    ]
  },
  "task_name": "BIOSSES"
}