{
  "dataset_revision": "d3c5e1fc0b855ab6097bf1cda04dd73947d7caab",
  "evaluation_time": 31.30176544189453,
  "kg_co2_emissions": null,
  "mteb_version": "1.14.20",
  "scores": {
    "test": [
      {
        "hf_subset": "default",
        "languages": [
          "eng-Latn"
        ],
        "main_score": 0.3818706951850726,
        "map": 0.3818706951850726,
        "mrr": 0.5989702291172879,
        "nAUC_map_diff1": 0.23910144747846712,
        "nAUC_map_max": 0.3914563441645475,
        "nAUC_map_std": 0.32799865762090297,
        "nAUC_mrr_diff1": 0.36063050859246837,
        "nAUC_mrr_max": 0.41565849521607184,
        "nAUC_mrr_std": 0.31918658674141354
      }
    ]
  },
  "task_name": "SciDocsRR"
}