{
  "dataset_revision": "b0fddb56ed78048fa8b90373c8a3cfc37b684831",
  "evaluation_time": 3.5573482513427734,
  "kg_co2_emissions": null,
  "mteb_version": "1.14.20",
  "scores": {
    "test": [
      {
        "cosine_pearson": 0.23229685252594548,
        "cosine_spearman": 0.2358141732109446,
        "euclidean_pearson": 0.2604220302298738,
        "euclidean_spearman": 0.2555949570749974,
        "hf_subset": "default",
        "languages": [
          "eng-Latn"
        ],
        "main_score": 0.2358141732109446,
        "manhattan_pearson": 0.2607060130224016,
        "manhattan_spearman": 0.2559491383368217,
        "pearson": 0.23229685252594548,
        "spearman": 0.2358141732109446
      }
    ]
  },
  "task_name": "STSBenchmark"
}