{
  "dataset_revision": "70970daeab8776df92f5ea462b6173c0b46fd2d1",
  "evaluation_time": 8.529348611831665,
  "kg_co2_emissions": null,
  "mteb_version": "1.14.20",
  "scores": {
    "test": [
      {
        "cosine_accuracy": 0.7810097156821839,
        "cosine_accuracy_threshold": 0.8618550300598145,
        "cosine_ap": 0.38156819783897056,
        "cosine_f1": 0.44263826606875933,
        "cosine_f1_threshold": 0.3993756175041199,
        "cosine_precision": 0.34263812554237777,
        "cosine_recall": 0.6250659630606861,
        "dot_accuracy": 0.7757644394110985,
        "dot_accuracy_threshold": 294.6264953613281,
        "dot_ap": 0.3383339100441276,
        "dot_f1": 0.42058961160505376,
        "dot_f1_threshold": 120.13169860839844,
        "dot_precision": 0.32588832487309644,
        "dot_recall": 0.5928759894459102,
        "euclidean_accuracy": 0.7810097156821839,
        "euclidean_accuracy_threshold": 9.199507713317871,
        "euclidean_ap": 0.3827965483583828,
        "euclidean_f1": 0.44180995475113116,
        "euclidean_f1_threshold": 19.02313995361328,
        "euclidean_precision": 0.3362258953168044,
        "euclidean_recall": 0.6440633245382585,
        "hf_subset": "default",
        "languages": [
          "eng-Latn"
        ],
        "main_score": 0.3830380333897963,
        "manhattan_accuracy": 0.7808308994456696,
        "manhattan_accuracy_threshold": 233.67459106445312,
        "manhattan_ap": 0.3830380333897963,
        "manhattan_f1": 0.4408709007137049,
        "manhattan_f1_threshold": 485.5799255371094,
        "manhattan_precision": 0.33521088061546916,
        "manhattan_recall": 0.6437994722955145,
        "max_accuracy": 0.7810097156821839,
        "max_ap": 0.3830380333897963,
        "max_f1": 0.44263826606875933,
        "max_precision": 0.34263812554237777,
        "max_recall": 0.6440633245382585,
        "similarity_accuracy": 0.7810097156821839,
        "similarity_accuracy_threshold": 0.8618550300598145,
        "similarity_ap": 0.38156819783897056,
        "similarity_f1": 0.44263826606875933,
        "similarity_f1_threshold": 0.3993756175041199,
        "similarity_precision": 0.34263812554237777,
        "similarity_recall": 0.6250659630606861
      }
    ]
  },
  "task_name": "TwitterSemEval2015"
}