{
  "dataset_revision": "2000358ca161889fa9c082cb41daa8dcfb161a54",
  "evaluation_time": 7.182536840438843,
  "kg_co2_emissions": null,
  "mteb_version": "1.14.19",
  "scores": {
    "test": [
      {
        "hf_subset": "default",
        "languages": [
          "eng-Latn"
        ],
        "main_score": 0.46775603248048314,
        "map": 0.46775603248048314,
        "mrr": 0.5986908059622742,
        "nAUC_map_diff1": 0.11234675795414593,
        "nAUC_map_max": 0.11358755445404055,
        "nAUC_map_std": -0.01039213268897177,
        "nAUC_mrr_diff1": 0.2068327291175715,
        "nAUC_mrr_max": 0.16839531217918563,
        "nAUC_mrr_std": -0.027213606243545473
      }
    ]
  },
  "task_name": "AskUbuntuDupQuestions"
}