{
  "dataset_revision": "59042f120c80e8afa9cdbb224f67076cec0fc9a7",
  "evaluation_time": 117.18148398399353,
  "kg_co2_emissions": null,
  "mteb_version": "1.14.19",
  "scores": {
    "test": [
      {
        "hf_subset": "default",
        "languages": [
          "eng-Latn"
        ],
        "main_score": 0.2964379374585212,
        "map": 0.2964379374585212,
        "mrr": 0.30625585968878705,
        "nAUC_map_diff1": 0.20413401650358137,
        "nAUC_map_max": -0.21969602543026767,
        "nAUC_map_std": 0.08900652905459396,
        "nAUC_mrr_diff1": 0.17960039963229293,
        "nAUC_mrr_max": -0.1624957099504022,
        "nAUC_mrr_std": 0.07881809338338555
      }
    ]
  },
  "task_name": "MindSmallReranking"
}