{
  "dataset_revision": "d3c5e1fc0b855ab6097bf1cda04dd73947d7caab",
  "evaluation_time": 60.3304877281189,
  "kg_co2_emissions": null,
  "mteb_version": "1.14.19",
  "scores": {
    "test": [
      {
        "hf_subset": "default",
        "languages": [
          "eng-Latn"
        ],
        "main_score": 0.6808934872882925,
        "map": 0.6808934872882925,
        "mrr": 0.8798028043126083,
        "nAUC_map_diff1": 0.12811113761832468,
        "nAUC_map_max": 0.4952951087933888,
        "nAUC_map_std": 0.4697762201795323,
        "nAUC_mrr_diff1": 0.42247646563721825,
        "nAUC_mrr_max": 0.6304719386239747,
        "nAUC_mrr_std": 0.4356477705874904
      }
    ]
  },
  "task_name": "SciDocsRR"
}