{
  "dataset_revision": "d66bd1f72af766a5cc4b0ca5e00c162f89e8cc46",
  "evaluation_time": 25.571301221847534,
  "kg_co2_emissions": null,
  "mteb_version": "1.14.19",
  "scores": {
    "test": [
      {
        "cosine_accuracy": 0.9913465346534653,
        "cosine_accuracy_threshold": 0.9671825170516968,
        "cosine_ap": 0.3445727195457199,
        "cosine_f1": 0.3858665171060011,
        "cosine_f1_threshold": 0.9547832012176514,
        "cosine_precision": 0.4393358876117497,
        "cosine_recall": 0.344,
        "dot_accuracy": 0.9901089108910891,
        "dot_accuracy_threshold": 4588.52734375,
        "dot_ap": 0.018605857356928237,
        "dot_f1": 0.03833221250840619,
        "dot_f1_threshold": 3745.33935546875,
        "dot_precision": 0.023039611964430072,
        "dot_recall": 0.114,
        "euclidean_accuracy": 0.9918415841584158,
        "euclidean_accuracy_threshold": 16.929439544677734,
        "euclidean_ap": 0.4040937833039088,
        "euclidean_f1": 0.43164630599185577,
        "euclidean_f1_threshold": 18.51982879638672,
        "euclidean_precision": 0.5159944367176634,
        "euclidean_recall": 0.371,
        "hf_subset": "default",
        "languages": [
          "eng-Latn"
        ],
        "main_score": 0.5290751256209559,
        "manhattan_accuracy": 0.9926732673267327,
        "manhattan_accuracy_threshold": 546.713134765625,
        "manhattan_ap": 0.5290751256209559,
        "manhattan_f1": 0.5203252032520325,
        "manhattan_f1_threshold": 590.8363647460938,
        "manhattan_precision": 0.5680473372781065,
        "manhattan_recall": 0.48,
        "max_accuracy": 0.9926732673267327,
        "max_ap": 0.5290751256209559,
        "max_f1": 0.5203252032520325,
        "max_precision": 0.5680473372781065,
        "max_recall": 0.48,
        "similarity_accuracy": 0.9913465346534653,
        "similarity_accuracy_threshold": 0.9671825170516968,
        "similarity_ap": 0.3445727195457199,
        "similarity_f1": 0.3858665171060011,
        "similarity_f1_threshold": 0.9547832012176514,
        "similarity_precision": 0.4393358876117497,
        "similarity_recall": 0.344
      }
    ],
    "validation": [
      {
        "cosine_accuracy": 0.9907425742574257,
        "cosine_accuracy_threshold": 0.9676870107650757,
        "cosine_ap": 0.22278408635934355,
        "cosine_f1": 0.2761550716941052,
        "cosine_f1_threshold": 0.9526089429855347,
        "cosine_precision": 0.2944507361268403,
        "cosine_recall": 0.26,
        "dot_accuracy": 0.9901089108910891,
        "dot_accuracy_threshold": 4707.09423828125,
        "dot_ap": 0.02208804667749115,
        "dot_f1": 0.054020871700429705,
        "dot_f1_threshold": 4038.16162109375,
        "dot_precision": 0.06995230524642289,
        "dot_recall": 0.044,
        "euclidean_accuracy": 0.991009900990099,
        "euclidean_accuracy_threshold": 17.03192901611328,
        "euclidean_ap": 0.2782224041441923,
        "euclidean_f1": 0.33296703296703295,
        "euclidean_f1_threshold": 19.048892974853516,
        "euclidean_precision": 0.3695121951219512,
        "euclidean_recall": 0.303,
        "hf_subset": "default",
        "languages": [
          "eng-Latn"
        ],
        "main_score": 0.4312214509621048,
        "manhattan_accuracy": 0.9919504950495049,
        "manhattan_accuracy_threshold": 547.7029418945312,
        "manhattan_ap": 0.4312214509621048,
        "manhattan_f1": 0.45895953757225433,
        "manhattan_f1_threshold": 589.957763671875,
        "manhattan_precision": 0.5438356164383562,
        "manhattan_recall": 0.397,
        "max_accuracy": 0.9919504950495049,
        "max_ap": 0.4312214509621048,
        "max_f1": 0.45895953757225433,
        "max_precision": 0.5438356164383562,
        "max_recall": 0.397,
        "similarity_accuracy": 0.9907425742574257,
        "similarity_accuracy_threshold": 0.9676870107650757,
        "similarity_ap": 0.22278408635934355,
        "similarity_f1": 0.2761550716941052,
        "similarity_f1_threshold": 0.9526089429855347,
        "similarity_precision": 0.2944507361268403,
        "similarity_recall": 0.26
      }
    ]
  },
  "task_name": "SprintDuplicateQuestions"
}