{
  "dataset_revision": "e185fbe320c72810689fc5848eb6114e1ef5ec69",
  "evaluation_time": 38.319403886795044,
  "kg_co2_emissions": null,
  "mteb_version": "1.14.19",
  "scores": {
    "test": [
      {
        "hf_subset": "default",
        "languages": [
          "eng-Latn"
        ],
        "main_score": 0.37671430386494276,
        "map": 0.37671430386494276,
        "mrr": 0.377675255708344,
        "nAUC_map_diff1": 0.29998049854445175,
        "nAUC_map_max": 0.21493892034169976,
        "nAUC_map_std": 0.06456622029162595,
        "nAUC_mrr_diff1": 0.2902011510205115,
        "nAUC_mrr_max": 0.2220630778059516,
        "nAUC_mrr_std": 0.06714116482775054
      }
    ]
  },
  "task_name": "StackOverflowDupQuestions"
}