{
  "dataset_revision": "4d8694f8f0e0100860b497b999b3dbed754a0513",
  "evaluation_time": 4.190600395202637,
  "kg_co2_emissions": null,
  "mteb_version": "1.14.19",
  "scores": {
    "test": [
      {
        "cosine_pearson": 0.47850517722222674,
        "cosine_spearman": 0.5106021673078218,
        "euclidean_pearson": 0.514667606229938,
        "euclidean_spearman": 0.5061814424958926,
        "hf_subset": "default",
        "languages": [
          "eng-Latn"
        ],
        "main_score": 0.5106021673078218,
        "manhattan_pearson": 0.5218215250052445,
        "manhattan_spearman": 0.5131053233296042,
        "pearson": 0.47850517722222674,
        "spearman": 0.5106021673078218
      }
    ]
  },
  "task_name": "STS16"
}