{
  "dataset_revision": "d3fb88f8f02e40887cd149695127462bbcf29b4a",
  "evaluation_time": 2.365633010864258,
  "kg_co2_emissions": null,
  "mteb_version": "1.14.20",
  "scores": {
    "test": [
      {
        "cosine_pearson": 0.023670672177939514,
        "cosine_spearman": 0.013765373894346154,
        "euclidean_pearson": 0.005860701051590737,
        "euclidean_spearman": -0.005765191604765544,
        "hf_subset": "default",
        "languages": [
          "eng-Latn"
        ],
        "main_score": 0.013765373894346154,
        "manhattan_pearson": 0.010411629901693377,
        "manhattan_spearman": 0.001132555926537014,
        "pearson": 0.023670672177939514,
        "spearman": 0.013765373894346154
      }
    ]
  },
  "task_name": "BIOSSES"
}