{
  "dataset_revision": "d3c5e1fc0b855ab6097bf1cda04dd73947d7caab",
  "evaluation_time": 114.82453942298889,
  "kg_co2_emissions": null,
  "mteb_version": "1.14.20",
  "scores": {
    "test": [
      {
        "hf_subset": "default",
        "languages": [
          "eng-Latn"
        ],
        "main_score": 0.3060105038475451,
        "map": 0.3060105038475451,
        "mrr": 0.4760493228630484,
        "nAUC_map_diff1": 0.17465707571047925,
        "nAUC_map_max": 0.3400791146967953,
        "nAUC_map_std": 0.09245819092280752,
        "nAUC_mrr_diff1": 0.2578694783707093,
        "nAUC_mrr_max": 0.3635099346341356,
        "nAUC_mrr_std": 0.08132923994489014
      }
    ]
  },
  "task_name": "SciDocsRR"
}