{
  "dataset_revision": "20a6d6f312dd54037fe07a32d58e5e168867909d",
  "evaluation_time": 16.287217378616333,
  "kg_co2_emissions": null,
  "mteb_version": "1.14.20",
  "scores": {
    "test": [
      {
        "cosine_pearson": 0.2517757824997733,
        "cosine_spearman": 0.27026338497507507,
        "euclidean_pearson": 0.27996424846262674,
        "euclidean_spearman": 0.2692909028001504,
        "hf_subset": "default",
        "languages": [
          "eng-Latn"
        ],
        "main_score": 0.27026338497507507,
        "manhattan_pearson": 0.2807527515691321,
        "manhattan_spearman": 0.2698467417751858,
        "pearson": 0.2517757824997733,
        "spearman": 0.27026338497507507
      }
    ]
  },
  "task_name": "SICK-R"
}