{
  "dataset_revision": "a0d554a64d88156834ff5ae9920b964011b16384",
  "evaluation_time": 12.383002281188965,
  "kg_co2_emissions": null,
  "mteb_version": "1.14.20",
  "scores": {
    "test": [
      {
        "cosine_pearson": 0.0728825219871219,
        "cosine_spearman": 0.16746705077872562,
        "euclidean_pearson": 0.13345593978600004,
        "euclidean_spearman": 0.17323226197350608,
        "hf_subset": "default",
        "languages": [
          "eng-Latn"
        ],
        "main_score": 0.16746705077872562,
        "manhattan_pearson": 0.1340914765515379,
        "manhattan_spearman": 0.17400292413510093,
        "pearson": 0.0728825219871219,
        "spearman": 0.16746705077872562
      }
    ]
  },
  "task_name": "STS12"
}