{
  "dataset_revision": "2000358ca161889fa9c082cb41daa8dcfb161a54",
  "evaluation_time": 9.16211462020874,
  "kg_co2_emissions": null,
  "mteb_version": "1.14.20",
  "scores": {
    "test": [
      {
        "hf_subset": "default",
        "languages": [
          "eng-Latn"
        ],
        "main_score": 0.4176457670666778,
        "map": 0.4176457670666778,
        "mrr": 0.5265323396209822,
        "nAUC_map_diff1": 0.10364892921808393,
        "nAUC_map_max": 0.22900712123334782,
        "nAUC_map_std": 0.07947242352133858,
        "nAUC_mrr_diff1": 0.11959341833028575,
        "nAUC_mrr_max": 0.2776958439195415,
        "nAUC_mrr_std": 0.07959994372818338
      }
    ]
  },
  "task_name": "AskUbuntuDupQuestions"
}