{
  "dataset_revision": "d3fb88f8f02e40887cd149695127462bbcf29b4a",
  "evaluation_time": 2.5229103565216064,
  "kg_co2_emissions": null,
  "mteb_version": "1.14.20",
  "scores": {
    "test": [
      {
        "cosine_pearson": 0.017361581789339876,
        "cosine_spearman": 0.010940008311655413,
        "euclidean_pearson": 0.0006992276739917396,
        "euclidean_spearman": -0.0009096592814206867,
        "hf_subset": "default",
        "languages": [
          "eng-Latn"
        ],
        "main_score": 0.010940008311655413,
        "manhattan_pearson": 0.004345760279219551,
        "manhattan_spearman": -0.005259155978014964,
        "pearson": 0.017361581789339876,
        "spearman": 0.010940008311655413
      }
    ]
  },
  "task_name": "BIOSSES"
}