{
  "dataset_revision": "20a6d6f312dd54037fe07a32d58e5e168867909d",
  "evaluation_time": 15.475898742675781,
  "kg_co2_emissions": null,
  "mteb_version": "1.14.20",
  "scores": {
    "test": [
      {
        "cosine_pearson": 0.2527010573352078,
        "cosine_spearman": 0.27051933848489434,
        "euclidean_pearson": 0.28040284394955445,
        "euclidean_spearman": 0.2697264839003097,
        "hf_subset": "default",
        "languages": [
          "eng-Latn"
        ],
        "main_score": 0.27051933848489434,
        "manhattan_pearson": 0.2812229932336924,
        "manhattan_spearman": 0.27029438021461905,
        "pearson": 0.2527010573352078,
        "spearman": 0.27051933848489434
      }
    ]
  },
  "task_name": "SICK-R"
}