{
  "dataset_revision": "4d8694f8f0e0100860b497b999b3dbed754a0513",
  "evaluation_time": 8.193350076675415,
  "kg_co2_emissions": null,
  "mteb_version": "1.14.20",
  "scores": {
    "test": [
      {
        "cosine_pearson": 0.22483860770836486,
        "cosine_spearman": 0.27593596304066953,
        "euclidean_pearson": 0.2579741768237976,
        "euclidean_spearman": 0.26766921828833,
        "hf_subset": "default",
        "languages": [
          "eng-Latn"
        ],
        "main_score": 0.27593596304066953,
        "manhattan_pearson": 0.25741408122520704,
        "manhattan_spearman": 0.26759116431347807,
        "pearson": 0.22483860770836486,
        "spearman": 0.27593596304066953
      }
    ]
  },
  "task_name": "STS16"
}