{
  "dataset_revision": "b0fddb56ed78048fa8b90373c8a3cfc37b684831",
  "evaluation_time": 6.933587074279785,
  "kg_co2_emissions": null,
  "mteb_version": "1.14.20",
  "scores": {
    "test": [
      {
        "cosine_pearson": 0.13282945444392155,
        "cosine_spearman": 0.16399769163000155,
        "euclidean_pearson": 0.14367704654612362,
        "euclidean_spearman": 0.15060128294489372,
        "hf_subset": "default",
        "languages": [
          "eng-Latn"
        ],
        "main_score": 0.16399769163000155,
        "manhattan_pearson": 0.143781551671751,
        "manhattan_spearman": 0.15044779355538332,
        "pearson": 0.13282945444392155,
        "spearman": 0.16399769163000155
      }
    ]
  },
  "task_name": "STSBenchmark"
}