{
  "dataset_revision": "2000358ca161889fa9c082cb41daa8dcfb161a54",
  "evaluation_time": 9.232378959655762,
  "kg_co2_emissions": null,
  "mteb_version": "1.14.20",
  "scores": {
    "test": [
      {
        "hf_subset": "default",
        "languages": [
          "eng-Latn"
        ],
        "main_score": 0.4325010585709854,
        "map": 0.4325010585709854,
        "mrr": 0.5474167875829925,
        "nAUC_map_diff1": 0.0936271772334466,
        "nAUC_map_max": 0.10449558776574669,
        "nAUC_map_std": -0.03720214697095328,
        "nAUC_mrr_diff1": 0.10333729362644367,
        "nAUC_mrr_max": 0.11939967682733406,
        "nAUC_mrr_std": -0.036666898404928566
      }
    ]
  },
  "task_name": "AskUbuntuDupQuestions"
}