{
  "dataset_revision": "d66bd1f72af766a5cc4b0ca5e00c162f89e8cc46",
  "evaluation_time": 12.45691990852356,
  "kg_co2_emissions": null,
  "mteb_version": "1.14.20",
  "scores": {
    "test": [
      {
        "cosine_accuracy": 0.9901287128712871,
        "cosine_accuracy_threshold": 0.953690767288208,
        "cosine_ap": 0.04379419606475241,
        "cosine_f1": 0.09039010466222645,
        "cosine_f1_threshold": 0.8073209524154663,
        "cosine_precision": 0.08620689655172414,
        "cosine_recall": 0.095,
        "dot_accuracy": 0.9901089108910891,
        "dot_accuracy_threshold": 561.382568359375,
        "dot_ap": 0.03817236374625216,
        "dot_f1": 0.0842433697347894,
        "dot_f1_threshold": 379.11962890625,
        "dot_precision": 0.08775731310942579,
        "dot_recall": 0.081,
        "euclidean_accuracy": 0.9901287128712871,
        "euclidean_accuracy_threshold": 5.927628517150879,
        "euclidean_ap": 0.03561377334258291,
        "euclidean_f1": 0.08128,
        "euclidean_f1_threshold": 13.3638916015625,
        "euclidean_precision": 0.05976470588235294,
        "euclidean_recall": 0.127,
        "hf_subset": "default",
        "languages": [
          "eng-Latn"
        ],
        "main_score": 0.04379419606475241,
        "manhattan_accuracy": 0.9901287128712871,
        "manhattan_accuracy_threshold": 151.52847290039062,
        "manhattan_ap": 0.035543479491972174,
        "manhattan_f1": 0.08228865316618451,
        "manhattan_f1_threshold": 341.42974853515625,
        "manhattan_precision": 0.060634770251065846,
        "manhattan_recall": 0.128,
        "max_accuracy": 0.9901287128712871,
        "max_ap": 0.04379419606475241,
        "max_f1": 0.09039010466222645,
        "max_precision": 0.08775731310942579,
        "max_recall": 0.128,
        "similarity_accuracy": 0.9901287128712871,
        "similarity_accuracy_threshold": 0.953690767288208,
        "similarity_ap": 0.04379419606475241,
        "similarity_f1": 0.09039010466222645,
        "similarity_f1_threshold": 0.8073209524154663,
        "similarity_precision": 0.08620689655172414,
        "similarity_recall": 0.095
      }
    ]
  },
  "task_name": "SprintDuplicateQuestions"
}