{
  "dataset_revision": "e185fbe320c72810689fc5848eb6114e1ef5ec69",
  "evaluation_time": 70.85992574691772,
  "kg_co2_emissions": null,
  "mteb_version": "1.14.20",
  "scores": {
    "test": [
      {
        "hf_subset": "default",
        "languages": [
          "eng-Latn"
        ],
        "main_score": 0.25699316284941526,
        "map": 0.25699316284941526,
        "mrr": 0.2449578505644682,
        "nAUC_map_diff1": 0.19383671793763252,
        "nAUC_map_max": 0.18747858669915526,
        "nAUC_map_std": 0.09999630472594503,
        "nAUC_mrr_diff1": 0.179636696773729,
        "nAUC_mrr_max": 0.1854368203451098,
        "nAUC_mrr_std": 0.10615529103936117
      }
    ]
  },
  "task_name": "StackOverflowDupQuestions"
}