{
  "dataset_revision": "6031580fec1f6af667f0bd2da0a551cf4f0b2375",
  "evaluation_time": 12.24989938735962,
  "kg_co2_emissions": null,
  "mteb_version": "1.14.20",
  "scores": {
    "test": [
      {
        "cosine_pearson": 0.1646107914951846,
        "cosine_spearman": 0.16677901747524393,
        "euclidean_pearson": 0.1892018549974648,
        "euclidean_spearman": 0.18462138088353908,
        "hf_subset": "default",
        "languages": [
          "eng-Latn"
        ],
        "main_score": 0.16677901747524393,
        "manhattan_pearson": 0.18966481797870458,
        "manhattan_spearman": 0.185039893644378,
        "pearson": 0.1646107914951846,
        "spearman": 0.16677901747524393
      }
    ]
  },
  "task_name": "STS14"
}