{
  "dataset_revision": "7e90230a92c190f1bf69ae9002b8cea547a64cca",
  "evaluation_time": 7.772921085357666,
  "kg_co2_emissions": null,
  "mteb_version": "1.14.20",
  "scores": {
    "test": [
      {
        "cosine_pearson": 0.20958189909426841,
        "cosine_spearman": 0.1984869547273861,
        "euclidean_pearson": 0.22919868351595268,
        "euclidean_spearman": 0.22148845880558068,
        "hf_subset": "default",
        "languages": [
          "eng-Latn"
        ],
        "main_score": 0.1984869547273861,
        "manhattan_pearson": 0.22902227158031613,
        "manhattan_spearman": 0.22167260889650064,
        "pearson": 0.20958189909426841,
        "spearman": 0.1984869547273861
      }
    ]
  },
  "task_name": "STS13"
}