{
  "dataset_revision": "ae752c7c21bf194d8b67fd573edf7ae58183cbe3",
  "evaluation_time": 10.729558944702148,
  "kg_co2_emissions": null,
  "mteb_version": "1.14.20",
  "scores": {
    "test": [
      {
        "cosine_pearson": 0.3265650368335123,
        "cosine_spearman": 0.33633024373084724,
        "euclidean_pearson": 0.33612979577374186,
        "euclidean_spearman": 0.32619031528872994,
        "hf_subset": "default",
        "languages": [
          "eng-Latn"
        ],
        "main_score": 0.33633024373084724,
        "manhattan_pearson": 0.3355243404823022,
        "manhattan_spearman": 0.3257234555432836,
        "pearson": 0.3265650368335123,
        "spearman": 0.33633024373084724
      }
    ]
  },
  "task_name": "STS15"
}