{
  "dataset_revision": "2000358ca161889fa9c082cb41daa8dcfb161a54",
  "evaluation_time": 3.218578577041626,
  "kg_co2_emissions": null,
  "mteb_version": "1.14.20",
  "scores": {
    "test": [
      {
        "hf_subset": "default",
        "languages": [
          "eng-Latn"
        ],
        "main_score": 0.48618243153498436,
        "map": 0.48618243153498436,
        "mrr": 0.5979565140922481,
        "nAUC_map_diff1": 0.1559385179782032,
        "nAUC_map_max": 0.20395149156714173,
        "nAUC_map_std": 0.1922439112892321,
        "nAUC_mrr_diff1": 0.22690188108902817,
        "nAUC_mrr_max": 0.26467098933549504,
        "nAUC_mrr_std": 0.23413957877509897
      }
    ]
  },
  "task_name": "AskUbuntuDupQuestions"
}