{
  "dataset_revision": "59042f120c80e8afa9cdbb224f67076cec0fc9a7",
  "evaluation_time": 100.0993001461029,
  "kg_co2_emissions": null,
  "mteb_version": "1.14.20",
  "scores": {
    "test": [
      {
        "hf_subset": "default",
        "languages": [
          "eng-Latn"
        ],
        "main_score": 0.2555153722564804,
        "map": 0.2555153722564804,
        "mrr": 0.2577010071840064,
        "nAUC_map_diff1": 0.06872572024408376,
        "nAUC_map_max": -0.26605817974283025,
        "nAUC_map_std": -0.1269015563806743,
        "nAUC_mrr_diff1": 0.07192871685410611,
        "nAUC_mrr_max": -0.206699178910396,
        "nAUC_mrr_std": -0.09437325950974608
      }
    ]
  },
  "task_name": "MindSmallReranking"
}