{
  "dataset_revision": "20a6d6f312dd54037fe07a32d58e5e168867909d",
  "evaluation_time": 5.713970422744751,
  "kg_co2_emissions": null,
  "mteb_version": "1.14.20",
  "scores": {
    "test": [
      {
        "cosine_pearson": 0.5764659623508942,
        "cosine_spearman": 0.5382632902816462,
        "euclidean_pearson": 0.5202602489158599,
        "euclidean_spearman": 0.4914010451341248,
        "hf_subset": "default",
        "languages": [
          "eng-Latn"
        ],
        "main_score": 0.5382632902816462,
        "manhattan_pearson": 0.5199447655858025,
        "manhattan_spearman": 0.49111467134625575,
        "pearson": 0.5764659623508942,
        "spearman": 0.5382632902816462
      }
    ]
  },
  "task_name": "SICK-R"
}