{
  "dataset_revision": "70970daeab8776df92f5ea462b6173c0b46fd2d1",
  "evaluation_time": 4.440792798995972,
  "kg_co2_emissions": null,
  "mteb_version": "1.14.20",
  "scores": {
    "test": [
      {
        "cosine_accuracy": 0.7979972581510402,
        "cosine_accuracy_threshold": 0.4895319938659668,
        "cosine_ap": 0.48451583026369954,
        "cosine_f1": 0.4786936584274689,
        "cosine_f1_threshold": 0.3392206132411957,
        "cosine_precision": 0.415453310036886,
        "cosine_recall": 0.5646437994722955,
        "dot_accuracy": 0.7807116886213268,
        "dot_accuracy_threshold": 64.1837387084961,
        "dot_ap": 0.3964288001090037,
        "dot_f1": 0.4391600345191293,
        "dot_f1_threshold": 30.730304718017578,
        "dot_precision": 0.344931465582166,
        "dot_recall": 0.604221635883905,
        "euclidean_accuracy": 0.7939440901233832,
        "euclidean_accuracy_threshold": 9.145986557006836,
        "euclidean_ap": 0.47329626201075803,
        "euclidean_f1": 0.47485090581748624,
        "euclidean_f1_threshold": 11.481029510498047,
        "euclidean_precision": 0.4139690013733569,
        "euclidean_recall": 0.5567282321899736,
        "hf_subset": "default",
        "languages": [
          "eng-Latn"
        ],
        "main_score": 0.48451583026369954,
        "manhattan_accuracy": 0.7938844847112118,
        "manhattan_accuracy_threshold": 236.47976684570312,
        "manhattan_ap": 0.47301006662279793,
        "manhattan_f1": 0.4736021385609267,
        "manhattan_f1_threshold": 294.18170166015625,
        "manhattan_precision": 0.4097918272937548,
        "manhattan_recall": 0.5609498680738786,
        "max_accuracy": 0.7979972581510402,
        "max_ap": 0.48451583026369954,
        "max_f1": 0.4786936584274689,
        "max_precision": 0.415453310036886,
        "max_recall": 0.604221635883905,
        "similarity_accuracy": 0.7979972581510402,
        "similarity_accuracy_threshold": 0.4895319938659668,
        "similarity_ap": 0.48451583026369954,
        "similarity_f1": 0.4786936584274689,
        "similarity_f1_threshold": 0.3392206132411957,
        "similarity_precision": 0.415453310036886,
        "similarity_recall": 0.5646437994722955
      }
    ]
  },
  "task_name": "TwitterSemEval2015"
}