{
  "dataset_revision": "59042f120c80e8afa9cdbb224f67076cec0fc9a7",
  "evaluation_time": 133.19340300559998,
  "kg_co2_emissions": null,
  "mteb_version": "1.14.20",
  "scores": {
    "test": [
      {
        "hf_subset": "default",
        "languages": [
          "eng-Latn"
        ],
        "main_score": 0.25128840973274597,
        "map": 0.25128840973274597,
        "mrr": 0.25426628976700866,
        "nAUC_map_diff1": 0.20930075872641296,
        "nAUC_map_max": -0.20915979155122796,
        "nAUC_map_std": -0.17569113290073535,
        "nAUC_mrr_diff1": 0.18852591794656734,
        "nAUC_mrr_max": -0.13774947071350155,
        "nAUC_mrr_std": -0.15518191732061173
      }
    ]
  },
  "task_name": "MindSmallReranking"
}