{
  "dataset_revision": "d3c5e1fc0b855ab6097bf1cda04dd73947d7caab",
  "evaluation_time": 123.21358823776245,
  "kg_co2_emissions": null,
  "mteb_version": "1.14.20",
  "scores": {
    "test": [
      {
        "hf_subset": "default",
        "languages": [
          "eng-Latn"
        ],
        "main_score": 0.31466923792995494,
        "map": 0.31466923792995494,
        "mrr": 0.4854339741594644,
        "nAUC_map_diff1": 0.17518274250948115,
        "nAUC_map_max": 0.3140792096290299,
        "nAUC_map_std": 0.09133478525543118,
        "nAUC_mrr_diff1": 0.2523778502066219,
        "nAUC_mrr_max": 0.3352764578001293,
        "nAUC_mrr_std": 0.042787722502338685
      }
    ]
  },
  "task_name": "SciDocsRR"
}