{
  "dataset_revision": "20a6d6f312dd54037fe07a32d58e5e168867909d",
  "evaluation_time": 16.42306113243103,
  "kg_co2_emissions": null,
  "mteb_version": "1.14.20",
  "scores": {
    "test": [
      {
        "cosine_pearson": 0.26396798872418936,
        "cosine_spearman": 0.2834633341784779,
        "euclidean_pearson": 0.2876423473257007,
        "euclidean_spearman": 0.28165593461856825,
        "hf_subset": "default",
        "languages": [
          "eng-Latn"
        ],
        "main_score": 0.2834633341784779,
        "manhattan_pearson": 0.2885537645442204,
        "manhattan_spearman": 0.28215234011107276,
        "pearson": 0.26396798872418936,
        "spearman": 0.2834633341784779
      }
    ]
  },
  "task_name": "SICK-R"
}