{
  "dataset_revision": "ae752c7c21bf194d8b67fd573edf7ae58183cbe3",
  "evaluation_time": 11.6582190990448,
  "kg_co2_emissions": null,
  "mteb_version": "1.14.20",
  "scores": {
    "test": [
      {
        "cosine_pearson": 0.26449909918557596,
        "cosine_spearman": 0.2944393174330618,
        "euclidean_pearson": 0.2951727015885552,
        "euclidean_spearman": 0.28743591822179176,
        "hf_subset": "default",
        "languages": [
          "eng-Latn"
        ],
        "main_score": 0.2944393174330618,
        "manhattan_pearson": 0.2944395415008053,
        "manhattan_spearman": 0.28670379049694383,
        "pearson": 0.26449909918557596,
        "spearman": 0.2944393174330618
      }
    ]
  },
  "task_name": "STS15"
}