{
  "dataset_revision": "7e90230a92c190f1bf69ae9002b8cea547a64cca",
  "evaluation_time": 8.863388776779175,
  "kg_co2_emissions": null,
  "mteb_version": "1.14.20",
  "scores": {
    "test": [
      {
        "cosine_pearson": 0.1516196701326344,
        "cosine_spearman": 0.18312690212013616,
        "euclidean_pearson": 0.1810049316199926,
        "euclidean_spearman": 0.186457387317908,
        "hf_subset": "default",
        "languages": [
          "eng-Latn"
        ],
        "main_score": 0.18312690212013616,
        "manhattan_pearson": 0.1812702983540168,
        "manhattan_spearman": 0.18727668865275915,
        "pearson": 0.1516196701326344,
        "spearman": 0.18312690212013616
      }
    ]
  },
  "task_name": "STS13"
}