{
  "dataset_revision": "2000358ca161889fa9c082cb41daa8dcfb161a54",
  "evaluation_time": 9.796453714370728,
  "kg_co2_emissions": null,
  "mteb_version": "1.14.19",
  "scores": {
    "test": [
      {
        "hf_subset": "default",
        "languages": [
          "eng-Latn"
        ],
        "main_score": 0.4652400999374378,
        "map": 0.4652400999374378,
        "mrr": 0.5976586202347974,
        "nAUC_map_diff1": 0.14427082275030442,
        "nAUC_map_max": 0.13427763810134752,
        "nAUC_map_std": -0.031901791260110786,
        "nAUC_mrr_diff1": 0.21610301858833766,
        "nAUC_mrr_max": 0.19481294430276094,
        "nAUC_mrr_std": -0.020822094299637297
      }
    ]
  },
  "task_name": "AskUbuntuDupQuestions"
}