{
  "dataset_revision": "d3fb88f8f02e40887cd149695127462bbcf29b4a",
  "evaluation_time": 1.8140881061553955,
  "kg_co2_emissions": null,
  "mteb_version": "1.14.19",
  "scores": {
    "test": [
      {
        "cosine_pearson": 0.44455612647106,
        "cosine_spearman": 0.5475305481441283,
        "euclidean_pearson": 0.5167996897114245,
        "euclidean_spearman": 0.5540126235534572,
        "hf_subset": "default",
        "languages": [
          "eng-Latn"
        ],
        "main_score": 0.5475305481441283,
        "manhattan_pearson": 0.6369588401361991,
        "manhattan_spearman": 0.6378398348181515,
        "pearson": 0.44455612647106,
        "spearman": 0.5475305481441283
      }
    ]
  },
  "task_name": "BIOSSES"
}