{
  "dataset_revision": "59042f120c80e8afa9cdbb224f67076cec0fc9a7",
  "evaluation_time": 127.24843049049377,
  "kg_co2_emissions": null,
  "mteb_version": "1.14.19",
  "scores": {
    "test": [
      {
        "hf_subset": "default",
        "languages": [
          "eng-Latn"
        ],
        "main_score": 0.28752717294391017,
        "map": 0.28752717294391017,
        "mrr": 0.2962795031834193,
        "nAUC_map_diff1": 0.21592763840184578,
        "nAUC_map_max": -0.199971186210408,
        "nAUC_map_std": 0.1334632969321098,
        "nAUC_mrr_diff1": 0.1893387827299612,
        "nAUC_mrr_max": -0.14432337213952454,
        "nAUC_mrr_std": 0.11316869231638263
      }
    ]
  },
  "task_name": "MindSmallReranking"
}