{
  "dataset_revision": "d3c5e1fc0b855ab6097bf1cda04dd73947d7caab",
  "evaluation_time": 84.84994578361511,
  "kg_co2_emissions": null,
  "mteb_version": "1.14.19",
  "scores": {
    "test": [
      {
        "hf_subset": "default",
        "languages": [
          "eng-Latn"
        ],
        "main_score": 0.6322972829311934,
        "map": 0.6322972829311934,
        "mrr": 0.8531199374336629,
        "nAUC_map_diff1": 0.12196068328585047,
        "nAUC_map_max": 0.4271435300426392,
        "nAUC_map_std": 0.28386267376731156,
        "nAUC_mrr_diff1": 0.3648835293528627,
        "nAUC_mrr_max": 0.549898993243995,
        "nAUC_mrr_std": 0.26229552509702625
      }
    ]
  },
  "task_name": "SciDocsRR"
}