{
  "dataset_revision": "20a6d6f312dd54037fe07a32d58e5e168867909d",
  "evaluation_time": 17.81794810295105,
  "kg_co2_emissions": null,
  "mteb_version": "1.14.19",
  "scores": {
    "test": [
      {
        "cosine_pearson": 0.5967210500195321,
        "cosine_spearman": 0.5479256824848597,
        "euclidean_pearson": 0.5655074309401603,
        "euclidean_spearman": 0.550037749740843,
        "hf_subset": "default",
        "languages": [
          "eng-Latn"
        ],
        "main_score": 0.5479256824848597,
        "manhattan_pearson": 0.5598659491298105,
        "manhattan_spearman": 0.5469211705723345,
        "pearson": 0.5967210500195321,
        "spearman": 0.5479256824848597
      }
    ]
  },
  "task_name": "SICK-R"
}