{
  "dataset_revision": "e185fbe320c72810689fc5848eb6114e1ef5ec69",
  "evaluation_time": 54.034472703933716,
  "kg_co2_emissions": null,
  "mteb_version": "1.14.19",
  "scores": {
    "test": [
      {
        "hf_subset": "default",
        "languages": [
          "eng-Latn"
        ],
        "main_score": 0.369242643437814,
        "map": 0.369242643437814,
        "mrr": 0.36906937017231134,
        "nAUC_map_diff1": 0.29378360277141524,
        "nAUC_map_max": 0.21761110219014237,
        "nAUC_map_std": 0.0566473371118129,
        "nAUC_mrr_diff1": 0.2884581651211368,
        "nAUC_mrr_max": 0.223165452341965,
        "nAUC_mrr_std": 0.05826572504699457
      }
    ]
  },
  "task_name": "StackOverflowDupQuestions"
}