{
  "dataset_revision": "4d8694f8f0e0100860b497b999b3dbed754a0513",
  "evaluation_time": 5.318527698516846,
  "kg_co2_emissions": null,
  "mteb_version": "1.14.19",
  "scores": {
    "test": [
      {
        "cosine_pearson": 0.4775739474035644,
        "cosine_spearman": 0.5125738893721917,
        "euclidean_pearson": 0.5187317418344101,
        "euclidean_spearman": 0.5164490280640249,
        "hf_subset": "default",
        "languages": [
          "eng-Latn"
        ],
        "main_score": 0.5125738893721917,
        "manhattan_pearson": 0.5148396968595175,
        "manhattan_spearman": 0.5163852612428386,
        "pearson": 0.4775739474035644,
        "spearman": 0.5125738893721917
      }
    ]
  },
  "task_name": "STS16"
}