{
  "dataset_revision": "ae752c7c21bf194d8b67fd573edf7ae58183cbe3",
  "evaluation_time": 10.01331877708435,
  "kg_co2_emissions": null,
  "mteb_version": "1.14.19",
  "scores": {
    "test": [
      {
        "cosine_pearson": 0.5591269376775889,
        "cosine_spearman": 0.5936701909112279,
        "euclidean_pearson": 0.592780750202112,
        "euclidean_spearman": 0.6131551716829823,
        "hf_subset": "default",
        "languages": [
          "eng-Latn"
        ],
        "main_score": 0.5936701909112279,
        "manhattan_pearson": 0.6140294293133026,
        "manhattan_spearman": 0.6349309878185607,
        "pearson": 0.5591269376775889,
        "spearman": 0.5936701909112279
      }
    ]
  },
  "task_name": "STS15"
}