{
  "dataset_revision": "a0d554a64d88156834ff5ae9920b964011b16384",
  "evaluation_time": 9.293797492980957,
  "kg_co2_emissions": null,
  "mteb_version": "1.14.19",
  "scores": {
    "test": [
      {
        "cosine_pearson": 0.4848272847657472,
        "cosine_spearman": 0.4771995467941045,
        "euclidean_pearson": 0.43795686306044596,
        "euclidean_spearman": 0.42582204502606597,
        "hf_subset": "default",
        "languages": [
          "eng-Latn"
        ],
        "main_score": 0.4771995467941045,
        "manhattan_pearson": 0.4669287931243864,
        "manhattan_spearman": 0.4330105374228658,
        "pearson": 0.4848272847657472,
        "spearman": 0.4771995467941045
      }
    ]
  },
  "task_name": "STS12"
}