{
  "dataset_revision": "b0fddb56ed78048fa8b90373c8a3cfc37b684831",
  "evaluation_time": 4.784209728240967,
  "kg_co2_emissions": null,
  "mteb_version": "1.14.19",
  "scores": {
    "test": [
      {
        "cosine_pearson": 0.4994600716770335,
        "cosine_spearman": 0.49665438993367605,
        "euclidean_pearson": 0.48840142432624406,
        "euclidean_spearman": 0.4868702631465597,
        "hf_subset": "default",
        "languages": [
          "eng-Latn"
        ],
        "main_score": 0.49665438993367605,
        "manhattan_pearson": 0.4941785905820442,
        "manhattan_spearman": 0.4883215276015884,
        "pearson": 0.4994600716770335,
        "spearman": 0.49665438993367605
      }
    ]
  },
  "task_name": "STSBenchmark"
}