{
  "dataset_revision": "d3fb88f8f02e40887cd149695127462bbcf29b4a",
  "evaluation_time": 2.0939011573791504,
  "kg_co2_emissions": null,
  "mteb_version": "1.14.20",
  "scores": {
    "test": [
      {
        "cosine_pearson": 0.40450104577465473,
        "cosine_spearman": 0.41290699872751846,
        "euclidean_pearson": 0.37070376087048174,
        "euclidean_spearman": 0.36721921071232316,
        "hf_subset": "default",
        "languages": [
          "eng-Latn"
        ],
        "main_score": 0.41290699872751846,
        "manhattan_pearson": 0.3724248267373019,
        "manhattan_spearman": 0.3702975941083892,
        "pearson": 0.40450104577465473,
        "spearman": 0.41290699872751846
      }
    ]
  },
  "task_name": "BIOSSES"
}