{
  "dataset_revision": "20a6d6f312dd54037fe07a32d58e5e168867909d",
  "evaluation_time": 14.600968599319458,
  "kg_co2_emissions": null,
  "mteb_version": "1.14.20",
  "scores": {
    "test": [
      {
        "cosine_pearson": 0.3045904019058384,
        "cosine_spearman": 0.31386970137051734,
        "euclidean_pearson": 0.32442478885824155,
        "euclidean_spearman": 0.3137209305229464,
        "hf_subset": "default",
        "languages": [
          "eng-Latn"
        ],
        "main_score": 0.31386970137051734,
        "manhattan_pearson": 0.32375509494458166,
        "manhattan_spearman": 0.31316894105583043,
        "pearson": 0.3045904019058384,
        "spearman": 0.31386970137051734
      }
    ]
  },
  "task_name": "SICK-R"
}