{
  "dataset_revision": "e185fbe320c72810689fc5848eb6114e1ef5ec69",
  "evaluation_time": 47.86053681373596,
  "kg_co2_emissions": null,
  "mteb_version": "1.14.20",
  "scores": {
    "test": [
      {
        "hf_subset": "default",
        "languages": [
          "eng-Latn"
        ],
        "main_score": 0.2588966530080327,
        "map": 0.2588966530080327,
        "mrr": 0.24654952890247006,
        "nAUC_map_diff1": 0.19733963527839235,
        "nAUC_map_max": 0.20837417533250224,
        "nAUC_map_std": 0.09872008930236838,
        "nAUC_mrr_diff1": 0.18298675084559074,
        "nAUC_mrr_max": 0.20894479769531518,
        "nAUC_mrr_std": 0.10515928194855571
      }
    ]
  },
  "task_name": "StackOverflowDupQuestions"
}