{
  "dataset_revision": "4d8694f8f0e0100860b497b999b3dbed754a0513",
  "evaluation_time": 5.737450361251831,
  "kg_co2_emissions": null,
  "mteb_version": "1.14.20",
  "scores": {
    "test": [
      {
        "cosine_pearson": 0.3031370826006579,
        "cosine_spearman": 0.3205258207920577,
        "euclidean_pearson": 0.3126134139799011,
        "euclidean_spearman": 0.30454932008132707,
        "hf_subset": "default",
        "languages": [
          "eng-Latn"
        ],
        "main_score": 0.3205258207920577,
        "manhattan_pearson": 0.31182978946634077,
        "manhattan_spearman": 0.3036872494280674,
        "pearson": 0.3031370826006579,
        "spearman": 0.3205258207920577
      }
    ]
  },
  "task_name": "STS16"
}