{
  "dataset_revision": "20a6d6f312dd54037fe07a32d58e5e168867909d",
  "evaluation_time": 15.876046657562256,
  "kg_co2_emissions": null,
  "mteb_version": "1.14.20",
  "scores": {
    "test": [
      {
        "cosine_pearson": 0.254435049720853,
        "cosine_spearman": 0.2713308904599591,
        "euclidean_pearson": 0.2814973820676283,
        "euclidean_spearman": 0.2706986622852466,
        "hf_subset": "default",
        "languages": [
          "eng-Latn"
        ],
        "main_score": 0.2713308904599591,
        "manhattan_pearson": 0.2826403741035133,
        "manhattan_spearman": 0.27147064489923006,
        "pearson": 0.254435049720853,
        "spearman": 0.2713308904599591
      }
    ]
  },
  "task_name": "SICK-R"
}