{
  "dataset_revision": "7e90230a92c190f1bf69ae9002b8cea547a64cca",
  "evaluation_time": 7.746134281158447,
  "kg_co2_emissions": null,
  "mteb_version": "1.14.20",
  "scores": {
    "test": [
      {
        "cosine_pearson": 0.1620607852862616,
        "cosine_spearman": 0.2018400252666028,
        "euclidean_pearson": 0.19397941145868922,
        "euclidean_spearman": 0.1999611021320583,
        "hf_subset": "default",
        "languages": [
          "eng-Latn"
        ],
        "main_score": 0.2018400252666028,
        "manhattan_pearson": 0.194753241664106,
        "manhattan_spearman": 0.2006124036668313,
        "pearson": 0.1620607852862616,
        "spearman": 0.2018400252666028
      }
    ]
  },
  "task_name": "STS13"
}