{
  "dataset_revision": "ae752c7c21bf194d8b67fd573edf7ae58183cbe3",
  "evaluation_time": 11.477837324142456,
  "kg_co2_emissions": null,
  "mteb_version": "1.14.20",
  "scores": {
    "test": [
      {
        "cosine_pearson": 0.2874717305780722,
        "cosine_spearman": 0.31431034212771314,
        "euclidean_pearson": 0.31744550959239753,
        "euclidean_spearman": 0.3073118051062704,
        "hf_subset": "default",
        "languages": [
          "eng-Latn"
        ],
        "main_score": 0.31431034212771314,
        "manhattan_pearson": 0.31811089560155414,
        "manhattan_spearman": 0.3080471604584241,
        "pearson": 0.2874717305780722,
        "spearman": 0.31431034212771314
      }
    ]
  },
  "task_name": "STS15"
}