{
  "dataset_revision": "d3fb88f8f02e40887cd149695127462bbcf29b4a",
  "evaluation_time": 6.63376259803772,
  "kg_co2_emissions": null,
  "mteb_version": "1.14.19",
  "scores": {
    "test": [
      {
        "cosine_pearson": 0.8136834415030428,
        "cosine_spearman": 0.7885842334869584,
        "euclidean_pearson": 0.7816669279733295,
        "euclidean_spearman": 0.76442705654327,
        "hf_subset": "default",
        "languages": [
          "eng-Latn"
        ],
        "main_score": 0.7885842334869584,
        "manhattan_pearson": 0.7878591991705122,
        "manhattan_spearman": 0.7716440884581177,
        "pearson": 0.8136834415030428,
        "spearman": 0.7885842334869584
      }
    ]
  },
  "task_name": "BIOSSES"
}