{
  "dataset_revision": "2000358ca161889fa9c082cb41daa8dcfb161a54",
  "evaluation_time": 9.570470094680786,
  "kg_co2_emissions": null,
  "mteb_version": "1.14.20",
  "scores": {
    "test": [
      {
        "hf_subset": "default",
        "languages": [
          "eng-Latn"
        ],
        "main_score": 0.43244300487084947,
        "map": 0.43244300487084947,
        "mrr": 0.547793826671943,
        "nAUC_map_diff1": 0.1087762442251386,
        "nAUC_map_max": 0.10545707708893241,
        "nAUC_map_std": -0.05052595102812508,
        "nAUC_mrr_diff1": 0.11898160686820619,
        "nAUC_mrr_max": 0.11794353812001976,
        "nAUC_mrr_std": -0.05144089036741804
      }
    ]
  },
  "task_name": "AskUbuntuDupQuestions"
}