{
  "dataset_revision": "e185fbe320c72810689fc5848eb6114e1ef5ec69",
  "evaluation_time": 72.47412371635437,
  "kg_co2_emissions": null,
  "mteb_version": "1.14.20",
  "scores": {
    "test": [
      {
        "hf_subset": "default",
        "languages": [
          "eng-Latn"
        ],
        "main_score": 0.25666858409909304,
        "map": 0.25666858409909304,
        "mrr": 0.24527814913844326,
        "nAUC_map_diff1": 0.19072203486514952,
        "nAUC_map_max": 0.19134619727334368,
        "nAUC_map_std": 0.09818060178838536,
        "nAUC_mrr_diff1": 0.17403694378664167,
        "nAUC_mrr_max": 0.1876847658615084,
        "nAUC_mrr_std": 0.10293438722501834
      }
    ]
  },
  "task_name": "StackOverflowDupQuestions"
}