{
  "dataset_revision": "d3fb88f8f02e40887cd149695127462bbcf29b4a",
  "evaluation_time": 7.1226418018341064,
  "kg_co2_emissions": null,
  "mteb_version": "1.14.19",
  "scores": {
    "test": [
      {
        "cosine_pearson": 0.8147296477373497,
        "cosine_spearman": 0.7867649149241172,
        "euclidean_pearson": 0.7843140230648706,
        "euclidean_spearman": 0.7662222781715042,
        "hf_subset": "default",
        "languages": [
          "eng-Latn"
        ],
        "main_score": 0.7867649149241172,
        "manhattan_pearson": 0.7916981459470207,
        "manhattan_spearman": 0.7730537591326371,
        "pearson": 0.8147296477373497,
        "spearman": 0.7867649149241172
      }
    ]
  },
  "task_name": "BIOSSES"
}