{
  "dataset_revision": "59042f120c80e8afa9cdbb224f67076cec0fc9a7",
  "evaluation_time": 125.29123210906982,
  "kg_co2_emissions": null,
  "mteb_version": "1.14.19",
  "scores": {
    "test": [
      {
        "hf_subset": "default",
        "languages": [
          "eng-Latn"
        ],
        "main_score": 0.29199806482863677,
        "map": 0.29199806482863677,
        "mrr": 0.30060741617876025,
        "nAUC_map_diff1": 0.20283353384842295,
        "nAUC_map_max": -0.22057376771743306,
        "nAUC_map_std": 0.09968518252296087,
        "nAUC_mrr_diff1": 0.17819651586709717,
        "nAUC_mrr_max": -0.16728724094513614,
        "nAUC_mrr_std": 0.08695959208649569
      }
    ]
  },
  "task_name": "MindSmallReranking"
}