{
  "dataset_revision": "d3c5e1fc0b855ab6097bf1cda04dd73947d7caab",
  "evaluation_time": 56.2224178314209,
  "kg_co2_emissions": null,
  "mteb_version": "1.14.19",
  "scores": {
    "test": [
      {
        "hf_subset": "default",
        "languages": [
          "eng-Latn"
        ],
        "main_score": 0.6390864774193882,
        "map": 0.6390864774193882,
        "mrr": 0.8569112260288732,
        "nAUC_map_diff1": 0.13963876436116507,
        "nAUC_map_max": 0.4766365310202562,
        "nAUC_map_std": 0.4168584768944795,
        "nAUC_mrr_diff1": 0.4257851382001461,
        "nAUC_mrr_max": 0.5956550252132398,
        "nAUC_mrr_std": 0.39555511306608815
      }
    ]
  },
  "task_name": "SciDocsRR"
}