{
  "dataset_revision": "20a6d6f312dd54037fe07a32d58e5e168867909d",
  "evaluation_time": 10.98507022857666,
  "kg_co2_emissions": null,
  "mteb_version": "1.14.19",
  "scores": {
    "test": [
      {
        "cosine_pearson": 0.6173781948051722,
        "cosine_spearman": 0.5657395149077341,
        "euclidean_pearson": 0.5827532077750516,
        "euclidean_spearman": 0.5623699249454853,
        "hf_subset": "default",
        "languages": [
          "eng-Latn"
        ],
        "main_score": 0.5657395149077341,
        "manhattan_pearson": 0.5839094944475146,
        "manhattan_spearman": 0.5642893279981379,
        "pearson": 0.6173781948051722,
        "spearman": 0.5657395149077341
      }
    ]
  },
  "task_name": "SICK-R"
}