{
  "dataset_revision": "d66bd1f72af766a5cc4b0ca5e00c162f89e8cc46",
  "evaluation_time": 24.223827600479126,
  "kg_co2_emissions": null,
  "mteb_version": "1.14.19",
  "scores": {
    "test": [
      {
        "cosine_accuracy": 0.9916435643564356,
        "cosine_accuracy_threshold": 0.9623245000839233,
        "cosine_ap": 0.37667474361104675,
        "cosine_f1": 0.4013880855986119,
        "cosine_f1_threshold": 0.9542252421379089,
        "cosine_precision": 0.47599451303155005,
        "cosine_recall": 0.347,
        "dot_accuracy": 0.9901089108910891,
        "dot_accuracy_threshold": 4226.9990234375,
        "dot_ap": 0.020233762306925675,
        "dot_f1": 0.045180722891566265,
        "dot_f1_threshold": 3483.709228515625,
        "dot_precision": 0.027829313543599257,
        "dot_recall": 0.12,
        "euclidean_accuracy": 0.9920891089108911,
        "euclidean_accuracy_threshold": 16.429248809814453,
        "euclidean_ap": 0.42976564284547175,
        "euclidean_f1": 0.44935543278084716,
        "euclidean_f1_threshold": 17.796669006347656,
        "euclidean_precision": 0.5818759936406995,
        "euclidean_recall": 0.366,
        "hf_subset": "default",
        "languages": [
          "eng-Latn"
        ],
        "main_score": 0.5466472475807143,
        "manhattan_accuracy": 0.9928811881188119,
        "manhattan_accuracy_threshold": 538.557861328125,
        "manhattan_ap": 0.5466472475807143,
        "manhattan_f1": 0.5355969331872946,
        "manhattan_f1_threshold": 573.0328369140625,
        "manhattan_precision": 0.5920096852300242,
        "manhattan_recall": 0.489,
        "max_accuracy": 0.9928811881188119,
        "max_ap": 0.5466472475807143,
        "max_f1": 0.5355969331872946,
        "max_precision": 0.5920096852300242,
        "max_recall": 0.489,
        "similarity_accuracy": 0.9916435643564356,
        "similarity_accuracy_threshold": 0.9623245000839233,
        "similarity_ap": 0.37667474361104675,
        "similarity_f1": 0.4013880855986119,
        "similarity_f1_threshold": 0.9542252421379089,
        "similarity_precision": 0.47599451303155005,
        "similarity_recall": 0.347
      }
    ],
    "validation": [
      {
        "cosine_accuracy": 0.9908613861386139,
        "cosine_accuracy_threshold": 0.9641240835189819,
        "cosine_ap": 0.2542640539090724,
        "cosine_f1": 0.3126879134095009,
        "cosine_f1_threshold": 0.9529752135276794,
        "cosine_precision": 0.39215686274509803,
        "cosine_recall": 0.26,
        "dot_accuracy": 0.9901089108910891,
        "dot_accuracy_threshold": 4230.263671875,
        "dot_ap": 0.0237228332927003,
        "dot_f1": 0.057175528873642086,
        "dot_f1_threshold": 3699.488037109375,
        "dot_precision": 0.06675567423230974,
        "dot_recall": 0.05,
        "euclidean_accuracy": 0.9911584158415842,
        "euclidean_accuracy_threshold": 16.47582244873047,
        "euclidean_ap": 0.3119910297606187,
        "euclidean_f1": 0.36876100998238404,
        "euclidean_f1_threshold": 18.45333480834961,
        "euclidean_precision": 0.4466571834992888,
        "euclidean_recall": 0.314,
        "hf_subset": "default",
        "languages": [
          "eng-Latn"
        ],
        "main_score": 0.4572000561430606,
        "manhattan_accuracy": 0.9921980198019802,
        "manhattan_accuracy_threshold": 536.1217041015625,
        "manhattan_ap": 0.4572000561430606,
        "manhattan_f1": 0.4837465564738292,
        "manhattan_f1_threshold": 582.488525390625,
        "manhattan_precision": 0.5386503067484663,
        "manhattan_recall": 0.439,
        "max_accuracy": 0.9921980198019802,
        "max_ap": 0.4572000561430606,
        "max_f1": 0.4837465564738292,
        "max_precision": 0.5386503067484663,
        "max_recall": 0.439,
        "similarity_accuracy": 0.9908613861386139,
        "similarity_accuracy_threshold": 0.9641240835189819,
        "similarity_ap": 0.2542640539090724,
        "similarity_f1": 0.3126879134095009,
        "similarity_f1_threshold": 0.9529752135276794,
        "similarity_precision": 0.39215686274509803,
        "similarity_recall": 0.26
      }
    ]
  },
  "task_name": "SprintDuplicateQuestions"
}