{
  "dataset_revision": "7e90230a92c190f1bf69ae9002b8cea547a64cca",
  "evaluation_time": 4.17098069190979,
  "kg_co2_emissions": null,
  "mteb_version": "1.14.19",
  "scores": {
    "test": [
      {
        "cosine_pearson": 0.5438594222308472,
        "cosine_spearman": 0.5507178799698728,
        "euclidean_pearson": 0.5524418143321299,
        "euclidean_spearman": 0.5516180330750494,
        "hf_subset": "default",
        "languages": [
          "eng-Latn"
        ],
        "main_score": 0.5507178799698728,
        "manhattan_pearson": 0.5692558277150406,
        "manhattan_spearman": 0.569045954901288,
        "pearson": 0.5438594222308472,
        "spearman": 0.5507178799698728
      }
    ]
  },
  "task_name": "STS13"
}