{
  "dataset_revision": "ae752c7c21bf194d8b67fd573edf7ae58183cbe3",
  "evaluation_time": 6.738409519195557,
  "kg_co2_emissions": null,
  "mteb_version": "1.14.19",
  "scores": {
    "test": [
      {
        "cosine_pearson": 0.5309091029448041,
        "cosine_spearman": 0.5726590855222297,
        "euclidean_pearson": 0.569420664708514,
        "euclidean_spearman": 0.5866243291154916,
        "hf_subset": "default",
        "languages": [
          "eng-Latn"
        ],
        "main_score": 0.5726590855222297,
        "manhattan_pearson": 0.590612154450908,
        "manhattan_spearman": 0.6096449041247356,
        "pearson": 0.5309091029448041,
        "spearman": 0.5726590855222297
      }
    ]
  },
  "task_name": "STS15"
}