{
  "dataset_revision": "d3c5e1fc0b855ab6097bf1cda04dd73947d7caab",
  "evaluation_time": 78.18874764442444,
  "kg_co2_emissions": null,
  "mteb_version": "1.14.20",
  "scores": {
    "test": [
      {
        "hf_subset": "default",
        "languages": [
          "eng-Latn"
        ],
        "main_score": 0.3151953533192124,
        "map": 0.3151953533192124,
        "mrr": 0.49461632231240077,
        "nAUC_map_diff1": 0.2012073369726986,
        "nAUC_map_max": 0.36667021161945934,
        "nAUC_map_std": 0.19298648537440377,
        "nAUC_mrr_diff1": 0.3036358130725443,
        "nAUC_mrr_max": 0.3937938661913916,
        "nAUC_mrr_std": 0.17993782496471283
      }
    ]
  },
  "task_name": "SciDocsRR"
}