{
  "dataset_revision": "4d8694f8f0e0100860b497b999b3dbed754a0513",
  "evaluation_time": 6.120381593704224,
  "kg_co2_emissions": null,
  "mteb_version": "1.14.20",
  "scores": {
    "test": [
      {
        "cosine_pearson": 0.2581258176009599,
        "cosine_spearman": 0.2877830247127312,
        "euclidean_pearson": 0.27300252019261195,
        "euclidean_spearman": 0.2762011956132803,
        "hf_subset": "default",
        "languages": [
          "eng-Latn"
        ],
        "main_score": 0.2877830247127312,
        "manhattan_pearson": 0.2727205916418768,
        "manhattan_spearman": 0.27602342708356825,
        "pearson": 0.2581258176009599,
        "spearman": 0.2877830247127312
      }
    ]
  },
  "task_name": "STS16"
}