{
  "dataset_revision": "59042f120c80e8afa9cdbb224f67076cec0fc9a7",
  "evaluation_time": 122.21382117271423,
  "kg_co2_emissions": null,
  "mteb_version": "1.14.20",
  "scores": {
    "test": [
      {
        "hf_subset": "default",
        "languages": [
          "eng-Latn"
        ],
        "main_score": 0.256559474867967,
        "map": 0.256559474867967,
        "mrr": 0.2597439436270529,
        "nAUC_map_diff1": 0.18491581735889318,
        "nAUC_map_max": -0.2140069945910056,
        "nAUC_map_std": -0.17224098516709055,
        "nAUC_mrr_diff1": 0.17551906872281486,
        "nAUC_mrr_max": -0.14895737225971187,
        "nAUC_mrr_std": -0.1477467821431357
      }
    ]
  },
  "task_name": "MindSmallReranking"
}