{
  "dataset_revision": "e185fbe320c72810689fc5848eb6114e1ef5ec69",
  "evaluation_time": 50.46259617805481,
  "kg_co2_emissions": null,
  "mteb_version": "1.14.20",
  "scores": {
    "test": [
      {
        "hf_subset": "default",
        "languages": [
          "eng-Latn"
        ],
        "main_score": 0.2593835422111261,
        "map": 0.2593835422111261,
        "mrr": 0.24745365949410064,
        "nAUC_map_diff1": 0.19713753225469846,
        "nAUC_map_max": 0.20293179752433435,
        "nAUC_map_std": 0.10372859944577717,
        "nAUC_mrr_diff1": 0.18170401255362717,
        "nAUC_mrr_max": 0.20331094018414236,
        "nAUC_mrr_std": 0.10984337919809918
      }
    ]
  },
  "task_name": "StackOverflowDupQuestions"
}