{
  "dataset_revision": "a0d554a64d88156834ff5ae9920b964011b16384",
  "evaluation_time": 9.117672204971313,
  "kg_co2_emissions": null,
  "mteb_version": "1.14.20",
  "scores": {
    "test": [
      {
        "cosine_pearson": 0.06337070305424,
        "cosine_spearman": 0.1439550747247643,
        "euclidean_pearson": 0.12504305722103023,
        "euclidean_spearman": 0.16739884293090473,
        "hf_subset": "default",
        "languages": [
          "eng-Latn"
        ],
        "main_score": 0.1439550747247643,
        "manhattan_pearson": 0.12483069217357977,
        "manhattan_spearman": 0.16728229254099314,
        "pearson": 0.06337070305424,
        "spearman": 0.1439550747247643
      }
    ]
  },
  "task_name": "STS12"
}