{
  "dataset_revision": "2000358ca161889fa9c082cb41daa8dcfb161a54",
  "evaluation_time": 15.141623973846436,
  "kg_co2_emissions": null,
  "mteb_version": "1.14.19",
  "scores": {
    "test": [
      {
        "hf_subset": "default",
        "languages": [
          "eng-Latn"
        ],
        "main_score": 0.482786010635984,
        "map": 0.482786010635984,
        "mrr": 0.6077166600712307,
        "nAUC_map_diff1": 0.07428499684587658,
        "nAUC_map_max": 0.1371424398443516,
        "nAUC_map_std": -0.049191456297063445,
        "nAUC_mrr_diff1": 0.14251053911651415,
        "nAUC_mrr_max": 0.18470781477512696,
        "nAUC_mrr_std": -0.0806714685040928
      }
    ]
  },
  "task_name": "AskUbuntuDupQuestions"
}