{
  "dataset_revision": "d3fb88f8f02e40887cd149695127462bbcf29b4a",
  "evaluation_time": 2.7151527404785156,
  "kg_co2_emissions": null,
  "mteb_version": "1.14.19",
  "scores": {
    "test": [
      {
        "cosine_pearson": 0.4992050289120136,
        "cosine_spearman": 0.6048692040418906,
        "euclidean_pearson": 0.5594927711285431,
        "euclidean_spearman": 0.6045258227237383,
        "hf_subset": "default",
        "languages": [
          "eng-Latn"
        ],
        "main_score": 0.6048692040418906,
        "manhattan_pearson": 0.6894419126959267,
        "manhattan_spearman": 0.697232754391175,
        "pearson": 0.4992050289120136,
        "spearman": 0.6048692040418906
      }
    ]
  },
  "task_name": "BIOSSES"
}