{
  "dataset_revision": "59042f120c80e8afa9cdbb224f67076cec0fc9a7",
  "evaluation_time": 153.27773642539978,
  "kg_co2_emissions": null,
  "mteb_version": "1.14.19",
  "scores": {
    "test": [
      {
        "hf_subset": "default",
        "languages": [
          "eng-Latn"
        ],
        "main_score": 0.30019889156435664,
        "map": 0.30019889156435664,
        "mrr": 0.3103228473153619,
        "nAUC_map_diff1": 0.24356785966013203,
        "nAUC_map_max": -0.18736558765123332,
        "nAUC_map_std": 0.009360935234949111,
        "nAUC_mrr_diff1": 0.21313168302990276,
        "nAUC_mrr_max": -0.13038063723181614,
        "nAUC_mrr_std": 0.005307241085446673
      }
    ]
  },
  "task_name": "MindSmallReranking"
}