{
  "dataset_revision": "d3c5e1fc0b855ab6097bf1cda04dd73947d7caab",
  "evaluation_time": 128.64742517471313,
  "kg_co2_emissions": null,
  "mteb_version": "1.14.19",
  "scores": {
    "test": [
      {
        "hf_subset": "default",
        "languages": [
          "eng-Latn"
        ],
        "main_score": 0.6071125212725768,
        "map": 0.6071125212725768,
        "mrr": 0.827957037515861,
        "nAUC_map_diff1": 0.12439720391194789,
        "nAUC_map_max": 0.4384867053000475,
        "nAUC_map_std": 0.3679993542023547,
        "nAUC_mrr_diff1": 0.3678700188566365,
        "nAUC_mrr_max": 0.553879695096956,
        "nAUC_mrr_std": 0.30372973611701876
      }
    ]
  },
  "task_name": "SciDocsRR"
}