{
  "dataset_revision": "20a6d6f312dd54037fe07a32d58e5e168867909d",
  "evaluation_time": 27.808743953704834,
  "kg_co2_emissions": null,
  "mteb_version": "1.14.19",
  "scores": {
    "test": [
      {
        "cosine_pearson": 0.5117306433269857,
        "cosine_spearman": 0.4769879591808172,
        "euclidean_pearson": 0.5013291828932335,
        "euclidean_spearman": 0.4857083726771144,
        "hf_subset": "default",
        "languages": [
          "eng-Latn"
        ],
        "main_score": 0.4769879591808172,
        "manhattan_pearson": 0.5179882399185755,
        "manhattan_spearman": 0.5009692161867526,
        "pearson": 0.5117306433269857,
        "spearman": 0.4769879591808172
      }
    ]
  },
  "task_name": "SICK-R"
}