{
  "dataset_revision": "d66bd1f72af766a5cc4b0ca5e00c162f89e8cc46",
  "evaluation_time": 34.83740830421448,
  "kg_co2_emissions": null,
  "mteb_version": "1.14.19",
  "scores": {
    "test": [
      {
        "cosine_accuracy": 0.9905742574257426,
        "cosine_accuracy_threshold": 0.9444330334663391,
        "cosine_ap": 0.21425246299915712,
        "cosine_f1": 0.295702005730659,
        "cosine_f1_threshold": 0.9172235727310181,
        "cosine_precision": 0.34630872483221475,
        "cosine_recall": 0.258,
        "dot_accuracy": 0.9901089108910891,
        "dot_accuracy_threshold": 3656.5830078125,
        "dot_ap": 0.018682585895843627,
        "dot_f1": 0.03773584905660378,
        "dot_f1_threshold": 3075.08447265625,
        "dot_precision": 0.06264501160092807,
        "dot_recall": 0.027,
        "euclidean_accuracy": 0.9911683168316832,
        "euclidean_accuracy_threshold": 19.712255477905273,
        "euclidean_ap": 0.2809245979766272,
        "euclidean_f1": 0.3445139283683911,
        "euclidean_f1_threshold": 21.948200225830078,
        "euclidean_precision": 0.39920948616600793,
        "euclidean_recall": 0.303,
        "hf_subset": "default",
        "languages": [
          "eng-Latn"
        ],
        "main_score": 0.4688031380650576,
        "manhattan_accuracy": 0.9922376237623762,
        "manhattan_accuracy_threshold": 631.1292114257812,
        "manhattan_ap": 0.4688031380650576,
        "manhattan_f1": 0.4898407468423943,
        "manhattan_f1_threshold": 682.2836303710938,
        "manhattan_precision": 0.5432399512789281,
        "manhattan_recall": 0.446,
        "max_accuracy": 0.9922376237623762,
        "max_ap": 0.4688031380650576,
        "max_f1": 0.4898407468423943,
        "max_precision": 0.5432399512789281,
        "max_recall": 0.446,
        "similarity_accuracy": 0.9905742574257426,
        "similarity_accuracy_threshold": 0.9444330334663391,
        "similarity_ap": 0.21425246299915712,
        "similarity_f1": 0.295702005730659,
        "similarity_f1_threshold": 0.9172235727310181,
        "similarity_precision": 0.34630872483221475,
        "similarity_recall": 0.258
      }
    ],
    "validation": [
      {
        "cosine_accuracy": 0.9904455445544554,
        "cosine_accuracy_threshold": 0.9422606229782104,
        "cosine_ap": 0.1434355103936208,
        "cosine_f1": 0.21236727045596507,
        "cosine_f1_threshold": 0.9192178249359131,
        "cosine_precision": 0.28286189683860236,
        "cosine_recall": 0.17,
        "dot_accuracy": 0.9900891089108911,
        "dot_accuracy_threshold": 3641.76220703125,
        "dot_ap": 0.019910767068151203,
        "dot_f1": 0.050521691378363535,
        "dot_f1_threshold": 3040.697509765625,
        "dot_precision": 0.05602923264311815,
        "dot_recall": 0.046,
        "euclidean_accuracy": 0.9906732673267327,
        "euclidean_accuracy_threshold": 19.384252548217773,
        "euclidean_ap": 0.18905690133291392,
        "euclidean_f1": 0.2572347266881029,
        "euclidean_f1_threshold": 21.705453872680664,
        "euclidean_precision": 0.36036036036036034,
        "euclidean_recall": 0.2,
        "hf_subset": "default",
        "languages": [
          "eng-Latn"
        ],
        "main_score": 0.38886579728599857,
        "manhattan_accuracy": 0.9915544554455445,
        "manhattan_accuracy_threshold": 631.7774047851562,
        "manhattan_ap": 0.38886579728599857,
        "manhattan_f1": 0.43209169054441265,
        "manhattan_f1_threshold": 686.4984741210938,
        "manhattan_precision": 0.5060402684563758,
        "manhattan_recall": 0.377,
        "max_accuracy": 0.9915544554455445,
        "max_ap": 0.38886579728599857,
        "max_f1": 0.43209169054441265,
        "max_precision": 0.5060402684563758,
        "max_recall": 0.377,
        "similarity_accuracy": 0.9904455445544554,
        "similarity_accuracy_threshold": 0.9422606229782104,
        "similarity_ap": 0.1434355103936208,
        "similarity_f1": 0.21236727045596507,
        "similarity_f1_threshold": 0.9192178249359131,
        "similarity_precision": 0.28286189683860236,
        "similarity_recall": 0.17
      }
    ]
  },
  "task_name": "SprintDuplicateQuestions"
}