{
  "dataset_revision": "e185fbe320c72810689fc5848eb6114e1ef5ec69",
  "evaluation_time": 81.1992416381836,
  "kg_co2_emissions": null,
  "mteb_version": "1.14.19",
  "scores": {
    "test": [
      {
        "hf_subset": "default",
        "languages": [
          "eng-Latn"
        ],
        "main_score": 0.36190300050490587,
        "map": 0.36190300050490587,
        "mrr": 0.36123419064595536,
        "nAUC_map_diff1": 0.25026449241732757,
        "nAUC_map_max": 0.19394394045570812,
        "nAUC_map_std": 0.04027308177093278,
        "nAUC_mrr_diff1": 0.24802615360284788,
        "nAUC_mrr_max": 0.20131931090125788,
        "nAUC_mrr_std": 0.03970722889519214
      }
    ]
  },
  "task_name": "StackOverflowDupQuestions"
}