{
  "dataset_revision": "ae752c7c21bf194d8b67fd573edf7ae58183cbe3",
  "evaluation_time": 19.63501477241516,
  "kg_co2_emissions": null,
  "mteb_version": "1.14.19",
  "scores": {
    "test": [
      {
        "cosine_pearson": 0.5002776783632672,
        "cosine_spearman": 0.5377979750319679,
        "euclidean_pearson": 0.5725533164227408,
        "euclidean_spearman": 0.5882107716321596,
        "hf_subset": "default",
        "languages": [
          "eng-Latn"
        ],
        "main_score": 0.5377979750319679,
        "manhattan_pearson": 0.6000897319583456,
        "manhattan_spearman": 0.6185203024532663,
        "pearson": 0.5002776783632672,
        "spearman": 0.5377979750319679
      }
    ]
  },
  "task_name": "STS15"
}