{
  "dataset_revision": "b0fddb56ed78048fa8b90373c8a3cfc37b684831",
  "evaluation_time": 7.360598802566528,
  "kg_co2_emissions": null,
  "mteb_version": "1.14.19",
  "scores": {
    "test": [
      {
        "cosine_pearson": 0.4611300469631131,
        "cosine_spearman": 0.45855622058039985,
        "euclidean_pearson": 0.4553131349727242,
        "euclidean_spearman": 0.4501700624623805,
        "hf_subset": "default",
        "languages": [
          "eng-Latn"
        ],
        "main_score": 0.45855622058039985,
        "manhattan_pearson": 0.4935135169350426,
        "manhattan_spearman": 0.48467650221678754,
        "pearson": 0.4611300469631131,
        "spearman": 0.45855622058039985
      }
    ]
  },
  "task_name": "STSBenchmark"
}