{
  "dataset_revision": "59042f120c80e8afa9cdbb224f67076cec0fc9a7",
  "evaluation_time": 127.20407271385193,
  "kg_co2_emissions": null,
  "mteb_version": "1.14.20",
  "scores": {
    "test": [
      {
        "hf_subset": "default",
        "languages": [
          "eng-Latn"
        ],
        "main_score": 0.2577931643472707,
        "map": 0.2577931643472707,
        "mrr": 0.26074554484644985,
        "nAUC_map_diff1": 0.18833230474309856,
        "nAUC_map_max": -0.21510891382492153,
        "nAUC_map_std": -0.1741394566119777,
        "nAUC_mrr_diff1": 0.17861000838207503,
        "nAUC_mrr_max": -0.15292998335411795,
        "nAUC_mrr_std": -0.15173288054783787
      }
    ]
  },
  "task_name": "MindSmallReranking"
}