{
  "dataset_revision": "20a6d6f312dd54037fe07a32d58e5e168867909d",
  "evaluation_time": 15.397424936294556,
  "kg_co2_emissions": null,
  "mteb_version": "1.14.20",
  "scores": {
    "test": [
      {
        "cosine_pearson": 0.30298101707883446,
        "cosine_spearman": 0.312243494885549,
        "euclidean_pearson": 0.3223990007715225,
        "euclidean_spearman": 0.31075454758994747,
        "hf_subset": "default",
        "languages": [
          "eng-Latn"
        ],
        "main_score": 0.312243494885549,
        "manhattan_pearson": 0.32105986290379174,
        "manhattan_spearman": 0.3097802453557576,
        "pearson": 0.30298101707883446,
        "spearman": 0.312243494885549
      }
    ]
  },
  "task_name": "SICK-R"
}