{
  "dataset_revision": "4d8694f8f0e0100860b497b999b3dbed754a0513",
  "evaluation_time": 8.519702434539795,
  "kg_co2_emissions": null,
  "mteb_version": "1.14.20",
  "scores": {
    "test": [
      {
        "cosine_pearson": 0.3037394510137738,
        "cosine_spearman": 0.32619013361829025,
        "euclidean_pearson": 0.3118727534816569,
        "euclidean_spearman": 0.30547115160717137,
        "hf_subset": "default",
        "languages": [
          "eng-Latn"
        ],
        "main_score": 0.32619013361829025,
        "manhattan_pearson": 0.3114404897077216,
        "manhattan_spearman": 0.3051473848577879,
        "pearson": 0.3037394510137738,
        "spearman": 0.32619013361829025
      }
    ]
  },
  "task_name": "STS16"
}