{
  "dataset_revision": "2000358ca161889fa9c082cb41daa8dcfb161a54",
  "evaluation_time": 7.8456504344940186,
  "kg_co2_emissions": null,
  "mteb_version": "1.14.19",
  "scores": {
    "test": [
      {
        "hf_subset": "default",
        "languages": [
          "eng-Latn"
        ],
        "main_score": 0.48273218069465396,
        "map": 0.48273218069465396,
        "mrr": 0.6079365079365079,
        "nAUC_map_diff1": 0.11033954083872816,
        "nAUC_map_max": 0.1688363084509884,
        "nAUC_map_std": 0.04415954224368608,
        "nAUC_mrr_diff1": 0.209226667975041,
        "nAUC_mrr_max": 0.24344705530240915,
        "nAUC_mrr_std": 0.052812066096261115
      }
    ]
  },
  "task_name": "AskUbuntuDupQuestions"
}