{
  "dataset_revision": "d3fb88f8f02e40887cd149695127462bbcf29b4a",
  "evaluation_time": 2.409902572631836,
  "kg_co2_emissions": null,
  "mteb_version": "1.14.19",
  "scores": {
    "test": [
      {
        "cosine_pearson": 0.6159688812748172,
        "cosine_spearman": 0.627134771618916,
        "euclidean_pearson": 0.5781976529549457,
        "euclidean_spearman": 0.5750552716991688,
        "hf_subset": "default",
        "languages": [
          "eng-Latn"
        ],
        "main_score": 0.627134771618916,
        "manhattan_pearson": 0.614742157818957,
        "manhattan_spearman": 0.6052969246311678,
        "pearson": 0.6159688812748172,
        "spearman": 0.627134771618916
      }
    ]
  },
  "task_name": "BIOSSES"
}