{
  "dataset_revision": "d3c5e1fc0b855ab6097bf1cda04dd73947d7caab",
  "evaluation_time": 52.718557357788086,
  "kg_co2_emissions": null,
  "mteb_version": "1.14.19",
  "scores": {
    "test": [
      {
        "hf_subset": "default",
        "languages": [
          "eng-Latn"
        ],
        "main_score": 0.6706716433658508,
        "map": 0.6706716433658508,
        "mrr": 0.8787844055000918,
        "nAUC_map_diff1": 0.13345958676234987,
        "nAUC_map_max": 0.4959467841381978,
        "nAUC_map_std": 0.5235023799202605,
        "nAUC_mrr_diff1": 0.43321979410615613,
        "nAUC_mrr_max": 0.6339904711266532,
        "nAUC_mrr_std": 0.4722413361712444
      }
    ]
  },
  "task_name": "SciDocsRR"
}