{
  "dataset_revision": "20a6d6f312dd54037fe07a32d58e5e168867909d",
  "evaluation_time": 14.572990894317627,
  "kg_co2_emissions": null,
  "mteb_version": "1.14.19",
  "scores": {
    "test": [
      {
        "cosine_pearson": 0.6123220192955402,
        "cosine_spearman": 0.5578370731871491,
        "euclidean_pearson": 0.5664130437654407,
        "euclidean_spearman": 0.5349870450957663,
        "hf_subset": "default",
        "languages": [
          "eng-Latn"
        ],
        "main_score": 0.5578370731871491,
        "manhattan_pearson": 0.564582350523049,
        "manhattan_spearman": 0.5336110021581998,
        "pearson": 0.6123220192955402,
        "spearman": 0.5578370731871491
      }
    ]
  },
  "task_name": "SICK-R"
}