{
  "dataset_revision": "d66bd1f72af766a5cc4b0ca5e00c162f89e8cc46",
  "evaluation_time": 24.3299663066864,
  "kg_co2_emissions": null,
  "mteb_version": "1.14.19",
  "scores": {
    "test": [
      {
        "cosine_accuracy": 0.9931782178217822,
        "cosine_accuracy_threshold": 0.9064383506774902,
        "cosine_ap": 0.6083916410553025,
        "cosine_f1": 0.5955307262569833,
        "cosine_f1_threshold": 0.8936773538589478,
        "cosine_precision": 0.6746835443037975,
        "cosine_recall": 0.533,
        "dot_accuracy": 0.9901089108910891,
        "dot_accuracy_threshold": 2166.1279296875,
        "dot_ap": 0.06008628915523109,
        "dot_f1": 0.13552526062550121,
        "dot_f1_threshold": 1444.107421875,
        "dot_precision": 0.11311914323962517,
        "dot_recall": 0.169,
        "euclidean_accuracy": 0.9923762376237624,
        "euclidean_accuracy_threshold": 15.304100036621094,
        "euclidean_ap": 0.48038217979118136,
        "euclidean_f1": 0.4866504854368932,
        "euclidean_f1_threshold": 16.503660202026367,
        "euclidean_precision": 0.6188271604938271,
        "euclidean_recall": 0.401,
        "hf_subset": "default",
        "languages": [
          "eng-Latn"
        ],
        "main_score": 0.6083916410553025,
        "manhattan_accuracy": 0.9927029702970297,
        "manhattan_accuracy_threshold": 490.17034912109375,
        "manhattan_ap": 0.5381499145210447,
        "manhattan_f1": 0.5351521511017838,
        "manhattan_f1_threshold": 551.1112060546875,
        "manhattan_precision": 0.5629139072847682,
        "manhattan_recall": 0.51,
        "max_accuracy": 0.9931782178217822,
        "max_ap": 0.6083916410553025,
        "max_f1": 0.5955307262569833,
        "max_precision": 0.6746835443037975,
        "max_recall": 0.533,
        "similarity_accuracy": 0.9931782178217822,
        "similarity_accuracy_threshold": 0.9064383506774902,
        "similarity_ap": 0.6083916410553025,
        "similarity_f1": 0.5955307262569833,
        "similarity_f1_threshold": 0.8936773538589478,
        "similarity_precision": 0.6746835443037975,
        "similarity_recall": 0.533
      }
    ],
    "validation": [
      {
        "cosine_accuracy": 0.9923069306930693,
        "cosine_accuracy_threshold": 0.8987869024276733,
        "cosine_ap": 0.5097581733038576,
        "cosine_f1": 0.5301837270341208,
        "cosine_f1_threshold": 0.8859428763389587,
        "cosine_precision": 0.5580110497237569,
        "cosine_recall": 0.505,
        "dot_accuracy": 0.9901386138613861,
        "dot_accuracy_threshold": 2037.2086181640625,
        "dot_ap": 0.0471337093341993,
        "dot_f1": 0.09902200488997555,
        "dot_f1_threshold": 1442.33251953125,
        "dot_precision": 0.07130281690140845,
        "dot_recall": 0.162,
        "euclidean_accuracy": 0.9914554455445544,
        "euclidean_accuracy_threshold": 15.307042121887207,
        "euclidean_ap": 0.3604284925648643,
        "euclidean_f1": 0.415263748597082,
        "euclidean_f1_threshold": 17.18310546875,
        "euclidean_precision": 0.4731457800511509,
        "euclidean_recall": 0.37,
        "hf_subset": "default",
        "languages": [
          "eng-Latn"
        ],
        "main_score": 0.5097581733038576,
        "manhattan_accuracy": 0.9918316831683168,
        "manhattan_accuracy_threshold": 497.78564453125,
        "manhattan_ap": 0.43953225271262814,
        "manhattan_f1": 0.4645030425963489,
        "manhattan_f1_threshold": 564.3765869140625,
        "manhattan_precision": 0.4711934156378601,
        "manhattan_recall": 0.458,
        "max_accuracy": 0.9923069306930693,
        "max_ap": 0.5097581733038576,
        "max_f1": 0.5301837270341208,
        "max_precision": 0.5580110497237569,
        "max_recall": 0.505,
        "similarity_accuracy": 0.9923069306930693,
        "similarity_accuracy_threshold": 0.8987869024276733,
        "similarity_ap": 0.5097581733038576,
        "similarity_f1": 0.5301837270341208,
        "similarity_f1_threshold": 0.8859428763389587,
        "similarity_precision": 0.5580110497237569,
        "similarity_recall": 0.505
      }
    ]
  },
  "task_name": "SprintDuplicateQuestions"
}