{
  "dataset_revision": "6031580fec1f6af667f0bd2da0a551cf4f0b2375",
  "evaluation_time": 9.140648365020752,
  "kg_co2_emissions": null,
  "mteb_version": "1.14.19",
  "scores": {
    "test": [
      {
        "cosine_pearson": 0.5296813891903623,
        "cosine_spearman": 0.49526763030095555,
        "euclidean_pearson": 0.5008731746545906,
        "euclidean_spearman": 0.4785037613125851,
        "hf_subset": "default",
        "languages": [
          "eng-Latn"
        ],
        "main_score": 0.49526763030095555,
        "manhattan_pearson": 0.5164043311677864,
        "manhattan_spearman": 0.4927659621823078,
        "pearson": 0.5296813891903623,
        "spearman": 0.49526763030095555
      }
    ]
  },
  "task_name": "STS14"
}