{
  "dataset_revision": "4d8694f8f0e0100860b497b999b3dbed754a0513",
  "evaluation_time": 4.330536603927612,
  "kg_co2_emissions": null,
  "mteb_version": "1.14.19",
  "scores": {
    "test": [
      {
        "cosine_pearson": 0.5488987514400092,
        "cosine_spearman": 0.5483838009016899,
        "euclidean_pearson": 0.5119537086975084,
        "euclidean_spearman": 0.500550038292222,
        "hf_subset": "default",
        "languages": [
          "eng-Latn"
        ],
        "main_score": 0.5483838009016899,
        "manhattan_pearson": 0.5080924028382137,
        "manhattan_spearman": 0.4982900776455766,
        "pearson": 0.5488987514400092,
        "spearman": 0.5483838009016899
      }
    ]
  },
  "task_name": "STS16"
}