{
  "dataset_revision": "ae752c7c21bf194d8b67fd573edf7ae58183cbe3",
  "evaluation_time": 7.035080671310425,
  "kg_co2_emissions": null,
  "mteb_version": "1.14.19",
  "scores": {
    "test": [
      {
        "cosine_pearson": 0.6133801537091527,
        "cosine_spearman": 0.6289477982959311,
        "euclidean_pearson": 0.5919210529270805,
        "euclidean_spearman": 0.6065990556726778,
        "hf_subset": "default",
        "languages": [
          "eng-Latn"
        ],
        "main_score": 0.6289477982959311,
        "manhattan_pearson": 0.5956093773768294,
        "manhattan_spearman": 0.6118092248096341,
        "pearson": 0.6133801537091527,
        "spearman": 0.6289477982959311
      }
    ]
  },
  "task_name": "STS15"
}