{
  "dataset_revision": "b0fddb56ed78048fa8b90373c8a3cfc37b684831",
  "evaluation_time": 4.162904500961304,
  "kg_co2_emissions": null,
  "mteb_version": "1.14.19",
  "scores": {
    "test": [
      {
        "cosine_pearson": 0.5140558231654958,
        "cosine_spearman": 0.49800541268010134,
        "euclidean_pearson": 0.4757366457482696,
        "euclidean_spearman": 0.4673352203650904,
        "hf_subset": "default",
        "languages": [
          "eng-Latn"
        ],
        "main_score": 0.49800541268010134,
        "manhattan_pearson": 0.48700663872841743,
        "manhattan_spearman": 0.4774821987720537,
        "pearson": 0.5140558231654958,
        "spearman": 0.49800541268010134
      }
    ]
  },
  "task_name": "STSBenchmark"
}