{
  "dataset_revision": "d3fb88f8f02e40887cd149695127462bbcf29b4a",
  "evaluation_time": 1.915604829788208,
  "kg_co2_emissions": null,
  "mteb_version": "1.14.20",
  "scores": {
    "test": [
      {
        "cosine_pearson": 0.39833206699209084,
        "cosine_spearman": 0.41456366298176145,
        "euclidean_pearson": 0.3697957323952314,
        "euclidean_spearman": 0.37106267178216684,
        "hf_subset": "default",
        "languages": [
          "eng-Latn"
        ],
        "main_score": 0.41456366298176145,
        "manhattan_pearson": 0.37042427283904766,
        "manhattan_spearman": 0.3685987602185836,
        "pearson": 0.39833206699209084,
        "spearman": 0.41456366298176145
      }
    ]
  },
  "task_name": "BIOSSES"
}