{
  "dataset_revision": "59042f120c80e8afa9cdbb224f67076cec0fc9a7",
  "evaluation_time": 116.77241230010986,
  "kg_co2_emissions": null,
  "mteb_version": "1.14.20",
  "scores": {
    "test": [
      {
        "hf_subset": "default",
        "languages": [
          "eng-Latn"
        ],
        "main_score": 0.25701098908306425,
        "map": 0.25701098908306425,
        "mrr": 0.26014792371787215,
        "nAUC_map_diff1": 0.16677596156376395,
        "nAUC_map_max": -0.21214933209759718,
        "nAUC_map_std": -0.17622476053960015,
        "nAUC_mrr_diff1": 0.16094191446513942,
        "nAUC_mrr_max": -0.14623301092207835,
        "nAUC_mrr_std": -0.15076099825312309
      }
    ]
  },
  "task_name": "MindSmallReranking"
}