{
  "dataset_revision": "a0d554a64d88156834ff5ae9920b964011b16384",
  "evaluation_time": 8.052671670913696,
  "kg_co2_emissions": null,
  "mteb_version": "1.14.20",
  "scores": {
    "test": [
      {
        "cosine_pearson": 0.06760149326608555,
        "cosine_spearman": 0.14928229792274617,
        "euclidean_pearson": 0.12552731688478794,
        "euclidean_spearman": 0.1668330756605143,
        "hf_subset": "default",
        "languages": [
          "eng-Latn"
        ],
        "main_score": 0.14928229792274617,
        "manhattan_pearson": 0.12490133369133805,
        "manhattan_spearman": 0.16629593113188523,
        "pearson": 0.06760149326608555,
        "spearman": 0.14928229792274617
      }
    ]
  },
  "task_name": "STS12"
}