{
  "dataset_revision": "6031580fec1f6af667f0bd2da0a551cf4f0b2375",
  "evaluation_time": 11.40089726448059,
  "kg_co2_emissions": null,
  "mteb_version": "1.14.20",
  "scores": {
    "test": [
      {
        "cosine_pearson": 0.16340562983214776,
        "cosine_spearman": 0.16187908030379336,
        "euclidean_pearson": 0.18687778638093652,
        "euclidean_spearman": 0.1825894914872623,
        "hf_subset": "default",
        "languages": [
          "eng-Latn"
        ],
        "main_score": 0.16187908030379336,
        "manhattan_pearson": 0.18706010139541354,
        "manhattan_spearman": 0.18256962266376658,
        "pearson": 0.16340562983214776,
        "spearman": 0.16187908030379336
      }
    ]
  },
  "task_name": "STS14"
}