{
  "dataset_revision": "d3fb88f8f02e40887cd149695127462bbcf29b4a",
  "evaluation_time": 2.2774875164031982,
  "kg_co2_emissions": null,
  "mteb_version": "1.14.20",
  "scores": {
    "test": [
      {
        "cosine_pearson": 0.030418335508948863,
        "cosine_spearman": 0.06539305629020896,
        "euclidean_pearson": 0.04716244519630331,
        "euclidean_spearman": 0.07538123568488114,
        "hf_subset": "default",
        "languages": [
          "eng-Latn"
        ],
        "main_score": 0.06539305629020896,
        "manhattan_pearson": 0.04361858371416166,
        "manhattan_spearman": 0.07346552938361108,
        "pearson": 0.030418335508948863,
        "spearman": 0.06539305629020896
      }
    ]
  },
  "task_name": "BIOSSES"
}