{
  "dataset_revision": "59042f120c80e8afa9cdbb224f67076cec0fc9a7",
  "evaluation_time": 125.90605425834656,
  "kg_co2_emissions": null,
  "mteb_version": "1.14.20",
  "scores": {
    "test": [
      {
        "hf_subset": "default",
        "languages": [
          "eng-Latn"
        ],
        "main_score": 0.24613412259237652,
        "map": 0.24613412259237652,
        "mrr": 0.24635677275975842,
        "nAUC_map_diff1": 0.2762199521582378,
        "nAUC_map_max": -0.24943210163122545,
        "nAUC_map_std": -0.17724365150892754,
        "nAUC_mrr_diff1": 0.24962330968366248,
        "nAUC_mrr_max": -0.18384909991064158,
        "nAUC_mrr_std": -0.15811914963327284
      }
    ]
  },
  "task_name": "MindSmallReranking"
}