{
  "dataset_revision": "20a6d6f312dd54037fe07a32d58e5e168867909d",
  "evaluation_time": 15.50550103187561,
  "kg_co2_emissions": null,
  "mteb_version": "1.14.20",
  "scores": {
    "test": [
      {
        "cosine_pearson": 0.29616675770058465,
        "cosine_spearman": 0.3038048175779009,
        "euclidean_pearson": 0.3061677680755124,
        "euclidean_spearman": 0.29752507552228236,
        "hf_subset": "default",
        "languages": [
          "eng-Latn"
        ],
        "main_score": 0.3038048175779009,
        "manhattan_pearson": 0.3056782089948145,
        "manhattan_spearman": 0.29675995756567347,
        "pearson": 0.29616675770058465,
        "spearman": 0.3038048175779009
      }
    ]
  },
  "task_name": "SICK-R"
}