{
  "dataset_revision": "e185fbe320c72810689fc5848eb6114e1ef5ec69",
  "evaluation_time": 72.68200063705444,
  "kg_co2_emissions": null,
  "mteb_version": "1.14.20",
  "scores": {
    "test": [
      {
        "hf_subset": "default",
        "languages": [
          "eng-Latn"
        ],
        "main_score": 0.24550692847908182,
        "map": 0.24550692847908182,
        "mrr": 0.23013804006451063,
        "nAUC_map_diff1": 0.1749790737805588,
        "nAUC_map_max": 0.20157355572212302,
        "nAUC_map_std": 0.08150318492081846,
        "nAUC_mrr_diff1": 0.1712906195070622,
        "nAUC_mrr_max": 0.20399992807886425,
        "nAUC_mrr_std": 0.08755464927389824
      }
    ]
  },
  "task_name": "StackOverflowDupQuestions"
}