{
  "dataset_revision": "ae752c7c21bf194d8b67fd573edf7ae58183cbe3",
  "evaluation_time": 12.169665098190308,
  "kg_co2_emissions": null,
  "mteb_version": "1.14.20",
  "scores": {
    "test": [
      {
        "cosine_pearson": 0.29832413273519,
        "cosine_spearman": 0.3094044425187991,
        "euclidean_pearson": 0.3019030183157952,
        "euclidean_spearman": 0.2875318004219487,
        "hf_subset": "default",
        "languages": [
          "eng-Latn"
        ],
        "main_score": 0.3094044425187991,
        "manhattan_pearson": 0.301194854814024,
        "manhattan_spearman": 0.28665345671805625,
        "pearson": 0.29832413273519,
        "spearman": 0.3094044425187991
      }
    ]
  },
  "task_name": "STS15"
}