{
  "dataset_revision": "7e90230a92c190f1bf69ae9002b8cea547a64cca",
  "evaluation_time": 9.012670755386353,
  "kg_co2_emissions": null,
  "mteb_version": "1.14.20",
  "scores": {
    "test": [
      {
        "cosine_pearson": 0.17207641874717797,
        "cosine_spearman": 0.17451475228954144,
        "euclidean_pearson": 0.19172847303196736,
        "euclidean_spearman": 0.18642918096061162,
        "hf_subset": "default",
        "languages": [
          "eng-Latn"
        ],
        "main_score": 0.17451475228954144,
        "manhattan_pearson": 0.19185996780250505,
        "manhattan_spearman": 0.1867069738088569,
        "pearson": 0.17207641874717797,
        "spearman": 0.17451475228954144
      }
    ]
  },
  "task_name": "STS13"
}