{
  "dataset_revision": "6031580fec1f6af667f0bd2da0a551cf4f0b2375",
  "evaluation_time": 12.323490381240845,
  "kg_co2_emissions": null,
  "mteb_version": "1.14.20",
  "scores": {
    "test": [
      {
        "cosine_pearson": 0.12548283194984552,
        "cosine_spearman": 0.14353507194882242,
        "euclidean_pearson": 0.1493582573319882,
        "euclidean_spearman": 0.15249705278292114,
        "hf_subset": "default",
        "languages": [
          "eng-Latn"
        ],
        "main_score": 0.14353507194882242,
        "manhattan_pearson": 0.14877389441904193,
        "manhattan_spearman": 0.15170277178254557,
        "pearson": 0.12548283194984552,
        "spearman": 0.14353507194882242
      }
    ]
  },
  "task_name": "STS14"
}