{
  "dataset_revision": "d3c5e1fc0b855ab6097bf1cda04dd73947d7caab",
  "evaluation_time": 105.58823442459106,
  "kg_co2_emissions": null,
  "mteb_version": "1.14.20",
  "scores": {
    "test": [
      {
        "hf_subset": "default",
        "languages": [
          "eng-Latn"
        ],
        "main_score": 0.3177691618108118,
        "map": 0.3177691618108118,
        "mrr": 0.49449851165537445,
        "nAUC_map_diff1": 0.1766210493215266,
        "nAUC_map_max": 0.32471476443620456,
        "nAUC_map_std": 0.15423536402156485,
        "nAUC_mrr_diff1": 0.26181141417269627,
        "nAUC_mrr_max": 0.3392362984163502,
        "nAUC_mrr_std": 0.10847811993706998
      }
    ]
  },
  "task_name": "SciDocsRR"
}