{
  "dataset_revision": "20a6d6f312dd54037fe07a32d58e5e168867909d",
  "evaluation_time": 16.124966621398926,
  "kg_co2_emissions": null,
  "mteb_version": "1.14.20",
  "scores": {
    "test": [
      {
        "cosine_pearson": 0.2687218695059552,
        "cosine_spearman": 0.2848193822590815,
        "euclidean_pearson": 0.28788457333253004,
        "euclidean_spearman": 0.28078522293744496,
        "hf_subset": "default",
        "languages": [
          "eng-Latn"
        ],
        "main_score": 0.2848193822590815,
        "manhattan_pearson": 0.2886355269339944,
        "manhattan_spearman": 0.28140803638678924,
        "pearson": 0.2687218695059552,
        "spearman": 0.2848193822590815
      }
    ]
  },
  "task_name": "SICK-R"
}