{
  "dataset_revision": "ae752c7c21bf194d8b67fd573edf7ae58183cbe3",
  "evaluation_time": 11.369980573654175,
  "kg_co2_emissions": null,
  "mteb_version": "1.14.20",
  "scores": {
    "test": [
      {
        "cosine_pearson": 0.28796398266219614,
        "cosine_spearman": 0.30871446050126655,
        "euclidean_pearson": 0.29856838544524084,
        "euclidean_spearman": 0.28890458121784773,
        "hf_subset": "default",
        "languages": [
          "eng-Latn"
        ],
        "main_score": 0.30871446050126655,
        "manhattan_pearson": 0.2979140759727981,
        "manhattan_spearman": 0.2882172308187065,
        "pearson": 0.28796398266219614,
        "spearman": 0.30871446050126655
      }
    ]
  },
  "task_name": "STS15"
}