{
  "dataset_revision": "d3fb88f8f02e40887cd149695127462bbcf29b4a",
  "evaluation_time": 2.915128707885742,
  "kg_co2_emissions": null,
  "mteb_version": "1.14.20",
  "scores": {
    "test": [
      {
        "cosine_pearson": 0.0230834010131854,
        "cosine_spearman": 0.06800154946143518,
        "euclidean_pearson": 0.04567620449511235,
        "euclidean_spearman": 0.06935700203308852,
        "hf_subset": "default",
        "languages": [
          "eng-Latn"
        ],
        "main_score": 0.06800154946143518,
        "manhattan_pearson": 0.04312605842182763,
        "manhattan_spearman": 0.06903771764954351,
        "pearson": 0.0230834010131854,
        "spearman": 0.06800154946143518
      }
    ]
  },
  "task_name": "BIOSSES"
}