{
  "dataset_revision": "20a6d6f312dd54037fe07a32d58e5e168867909d",
  "evaluation_time": 16.90275239944458,
  "kg_co2_emissions": null,
  "mteb_version": "1.14.20",
  "scores": {
    "test": [
      {
        "cosine_pearson": 0.2868174568155633,
        "cosine_spearman": 0.2981829845159928,
        "euclidean_pearson": 0.3028259167017628,
        "euclidean_spearman": 0.29406021199015175,
        "hf_subset": "default",
        "languages": [
          "eng-Latn"
        ],
        "main_score": 0.2981829845159928,
        "manhattan_pearson": 0.3025613377075112,
        "manhattan_spearman": 0.2935005589260369,
        "pearson": 0.2868174568155633,
        "spearman": 0.2981829845159928
      }
    ]
  },
  "task_name": "SICK-R"
}