{
  "dataset_revision": "2000358ca161889fa9c082cb41daa8dcfb161a54",
  "evaluation_time": 4.070015907287598,
  "kg_co2_emissions": null,
  "mteb_version": "1.14.20",
  "scores": {
    "test": [
      {
        "hf_subset": "default",
        "languages": [
          "eng-Latn"
        ],
        "main_score": 0.4526557802914205,
        "map": 0.4526557802914205,
        "mrr": 0.5715747702589807,
        "nAUC_map_diff1": 0.20286651031452257,
        "nAUC_map_max": 0.19203172759649248,
        "nAUC_map_std": 0.09128137599953279,
        "nAUC_mrr_diff1": 0.23111078401937268,
        "nAUC_mrr_max": 0.22211980359907044,
        "nAUC_mrr_std": 0.08312118250958346
      }
    ]
  },
  "task_name": "AskUbuntuDupQuestions"
}