{
  "dataset_revision": "d3fb88f8f02e40887cd149695127462bbcf29b4a",
  "evaluation_time": 1.7171802520751953,
  "kg_co2_emissions": null,
  "mteb_version": "1.14.20",
  "scores": {
    "test": [
      {
        "cosine_pearson": 0.1904150058025079,
        "cosine_spearman": 0.19809487517189697,
        "euclidean_pearson": 0.164491534663574,
        "euclidean_spearman": 0.18035350706736766,
        "hf_subset": "default",
        "languages": [
          "eng-Latn"
        ],
        "main_score": 0.19809487517189697,
        "manhattan_pearson": 0.1714731560140354,
        "manhattan_spearman": 0.1846789068293548,
        "pearson": 0.1904150058025079,
        "spearman": 0.19809487517189697
      }
    ]
  },
  "task_name": "BIOSSES"
}