{
  "dataset_revision": "d3c5e1fc0b855ab6097bf1cda04dd73947d7caab",
  "evaluation_time": 29.936750650405884,
  "kg_co2_emissions": null,
  "mteb_version": "1.14.20",
  "scores": {
    "test": [
      {
        "hf_subset": "default",
        "languages": [
          "eng-Latn"
        ],
        "main_score": 0.3845093053402486,
        "map": 0.3845093053402486,
        "mrr": 0.6081178625296271,
        "nAUC_map_diff1": 0.23507522232573774,
        "nAUC_map_max": 0.3605114646191923,
        "nAUC_map_std": 0.2920163194440949,
        "nAUC_mrr_diff1": 0.35927104489828515,
        "nAUC_mrr_max": 0.3722273648504634,
        "nAUC_mrr_std": 0.259723157410552
      }
    ]
  },
  "task_name": "SciDocsRR"
}