{
  "dataset_revision": "6031580fec1f6af667f0bd2da0a551cf4f0b2375",
  "evaluation_time": 5.7425856590271,
  "kg_co2_emissions": null,
  "mteb_version": "1.14.20",
  "scores": {
    "test": [
      {
        "cosine_pearson": 0.2326810585238271,
        "cosine_spearman": 0.2515043258222316,
        "euclidean_pearson": 0.2682079775572427,
        "euclidean_spearman": 0.257512518484662,
        "hf_subset": "default",
        "languages": [
          "eng-Latn"
        ],
        "main_score": 0.2515043258222316,
        "manhattan_pearson": 0.26792825641846396,
        "manhattan_spearman": 0.25740001196205625,
        "pearson": 0.2326810585238271,
        "spearman": 0.2515043258222316
      }
    ]
  },
  "task_name": "STS14"
}