{
  "dataset_revision": "7e90230a92c190f1bf69ae9002b8cea547a64cca",
  "evaluation_time": 3.7733399868011475,
  "kg_co2_emissions": null,
  "mteb_version": "1.14.20",
  "scores": {
    "test": [
      {
        "cosine_pearson": 0.27851142954738906,
        "cosine_spearman": 0.2936947120079221,
        "euclidean_pearson": 0.3024970756121676,
        "euclidean_spearman": 0.290949055968591,
        "hf_subset": "default",
        "languages": [
          "eng-Latn"
        ],
        "main_score": 0.2936947120079221,
        "manhattan_pearson": 0.3022092024182848,
        "manhattan_spearman": 0.2907001510141284,
        "pearson": 0.27851142954738906,
        "spearman": 0.2936947120079221
      }
    ]
  },
  "task_name": "STS13"
}