{
  "dataset_revision": "4d8694f8f0e0100860b497b999b3dbed754a0513",
  "evaluation_time": 3.8279836177825928,
  "kg_co2_emissions": null,
  "mteb_version": "1.14.20",
  "scores": {
    "test": [
      {
        "cosine_pearson": 0.36119801143613084,
        "cosine_spearman": 0.3729972773122926,
        "euclidean_pearson": 0.34700901211012425,
        "euclidean_spearman": 0.3376183053920216,
        "hf_subset": "default",
        "languages": [
          "eng-Latn"
        ],
        "main_score": 0.3729972773122926,
        "manhattan_pearson": 0.34715505760006576,
        "manhattan_spearman": 0.3372505644181411,
        "pearson": 0.36119801143613084,
        "spearman": 0.3729972773122926
      }
    ]
  },
  "task_name": "STS16"
}