{
  "dataset_revision": "2000358ca161889fa9c082cb41daa8dcfb161a54",
  "evaluation_time": 5.580255031585693,
  "kg_co2_emissions": null,
  "mteb_version": "1.14.19",
  "scores": {
    "test": [
      {
        "hf_subset": "default",
        "languages": [
          "eng-Latn"
        ],
        "main_score": 0.45391287470279496,
        "map": 0.45391287470279496,
        "mrr": 0.5857395682187927,
        "nAUC_map_diff1": 0.1467109191588213,
        "nAUC_map_max": 0.18256972997492768,
        "nAUC_map_std": 0.027569869414213893,
        "nAUC_mrr_diff1": 0.23592786720443648,
        "nAUC_mrr_max": 0.24382001252941252,
        "nAUC_mrr_std": 0.03665400586805433
      }
    ]
  },
  "task_name": "AskUbuntuDupQuestions"
}