{
  "dataset_revision": "d3c5e1fc0b855ab6097bf1cda04dd73947d7caab",
  "evaluation_time": 33.82202434539795,
  "kg_co2_emissions": null,
  "mteb_version": "1.14.19",
  "scores": {
    "test": [
      {
        "hf_subset": "default",
        "languages": [
          "eng-Latn"
        ],
        "main_score": 0.514518141602028,
        "map": 0.514518141602028,
        "mrr": 0.7647352103234456,
        "nAUC_map_diff1": 0.1908616414331949,
        "nAUC_map_max": 0.4267068676806396,
        "nAUC_map_std": 0.21965601867512843,
        "nAUC_mrr_diff1": 0.39890831825000783,
        "nAUC_mrr_max": 0.49607098006243144,
        "nAUC_mrr_std": 0.2135241080408166
      }
    ]
  },
  "task_name": "SciDocsRR"
}