{
  "dataset_revision": "20a6d6f312dd54037fe07a32d58e5e168867909d",
  "evaluation_time": 9.771702289581299,
  "kg_co2_emissions": null,
  "mteb_version": "1.14.19",
  "scores": {
    "test": [
      {
        "cosine_pearson": 0.6269078075886643,
        "cosine_spearman": 0.5675786590419034,
        "euclidean_pearson": 0.5798336138917166,
        "euclidean_spearman": 0.5513187914304749,
        "hf_subset": "default",
        "languages": [
          "eng-Latn"
        ],
        "main_score": 0.5675786590419034,
        "manhattan_pearson": 0.5830899982103781,
        "manhattan_spearman": 0.5544524079812837,
        "pearson": 0.6269078075886643,
        "spearman": 0.5675786590419034
      }
    ]
  },
  "task_name": "SICK-R"
}