{
  "dataset_revision": "d66bd1f72af766a5cc4b0ca5e00c162f89e8cc46",
  "evaluation_time": 19.199312925338745,
  "kg_co2_emissions": null,
  "mteb_version": "1.14.19",
  "scores": {
    "test": [
      {
        "cosine_accuracy": 0.9930792079207921,
        "cosine_accuracy_threshold": 0.9507756233215332,
        "cosine_ap": 0.5750496619082444,
        "cosine_f1": 0.5720720720720721,
        "cosine_f1_threshold": 0.9454666376113892,
        "cosine_precision": 0.654639175257732,
        "cosine_recall": 0.508,
        "dot_accuracy": 0.9901188118811881,
        "dot_accuracy_threshold": 2651.3720703125,
        "dot_ap": 0.06317911587069898,
        "dot_f1": 0.13008130081300812,
        "dot_f1_threshold": 2313.1796875,
        "dot_precision": 0.15512465373961218,
        "dot_recall": 0.112,
        "euclidean_accuracy": 0.9928019801980198,
        "euclidean_accuracy_threshold": 13.767739295959473,
        "euclidean_ap": 0.5401529183081819,
        "euclidean_f1": 0.5461988304093568,
        "euclidean_f1_threshold": 15.159969329833984,
        "euclidean_precision": 0.6577464788732394,
        "euclidean_recall": 0.467,
        "hf_subset": "default",
        "languages": [
          "eng-Latn"
        ],
        "main_score": 0.5750496619082444,
        "manhattan_accuracy": 0.993009900990099,
        "manhattan_accuracy_threshold": 419.1756286621094,
        "manhattan_ap": 0.5541001732995852,
        "manhattan_f1": 0.5539691604797259,
        "manhattan_f1_threshold": 453.8076477050781,
        "manhattan_precision": 0.6458055925432756,
        "manhattan_recall": 0.485,
        "max_accuracy": 0.9930792079207921,
        "max_ap": 0.5750496619082444,
        "max_f1": 0.5720720720720721,
        "max_precision": 0.6577464788732394,
        "max_recall": 0.508,
        "similarity_accuracy": 0.9930792079207921,
        "similarity_accuracy_threshold": 0.9507756233215332,
        "similarity_ap": 0.5750496619082444,
        "similarity_f1": 0.5720720720720721,
        "similarity_f1_threshold": 0.9454666376113892,
        "similarity_precision": 0.654639175257732,
        "similarity_recall": 0.508
      }
    ],
    "validation": [
      {
        "cosine_accuracy": 0.9924356435643564,
        "cosine_accuracy_threshold": 0.950337290763855,
        "cosine_ap": 0.48689841143263857,
        "cosine_f1": 0.50606394707828,
        "cosine_f1_threshold": 0.9429548978805542,
        "cosine_precision": 0.5638820638820639,
        "cosine_recall": 0.459,
        "dot_accuracy": 0.9902079207920792,
        "dot_accuracy_threshold": 2647.884765625,
        "dot_ap": 0.067101844433331,
        "dot_f1": 0.13079551000488043,
        "dot_f1_threshold": 2294.38232421875,
        "dot_precision": 0.12774070543374644,
        "dot_recall": 0.134,
        "euclidean_accuracy": 0.9921386138613861,
        "euclidean_accuracy_threshold": 13.939423561096191,
        "euclidean_ap": 0.44957675051034485,
        "euclidean_f1": 0.47871684145589144,
        "euclidean_f1_threshold": 15.108481407165527,
        "euclidean_precision": 0.6247987117552335,
        "euclidean_recall": 0.388,
        "hf_subset": "default",
        "languages": [
          "eng-Latn"
        ],
        "main_score": 0.48689841143263857,
        "manhattan_accuracy": 0.9924356435643564,
        "manhattan_accuracy_threshold": 430.4818115234375,
        "manhattan_ap": 0.473213863564218,
        "manhattan_f1": 0.49447852760736194,
        "manhattan_f1_threshold": 449.5831298828125,
        "manhattan_precision": 0.6396825396825396,
        "manhattan_recall": 0.403,
        "max_accuracy": 0.9924356435643564,
        "max_ap": 0.48689841143263857,
        "max_f1": 0.50606394707828,
        "max_precision": 0.6396825396825396,
        "max_recall": 0.459,
        "similarity_accuracy": 0.9924356435643564,
        "similarity_accuracy_threshold": 0.950337290763855,
        "similarity_ap": 0.48689841143263857,
        "similarity_f1": 0.50606394707828,
        "similarity_f1_threshold": 0.9429548978805542,
        "similarity_precision": 0.5638820638820639,
        "similarity_recall": 0.459
      }
    ]
  },
  "task_name": "SprintDuplicateQuestions"
}