{
  "dataset_revision": "e185fbe320c72810689fc5848eb6114e1ef5ec69",
  "evaluation_time": 23.07752537727356,
  "kg_co2_emissions": null,
  "mteb_version": "1.14.19",
  "scores": {
    "test": [
      {
        "hf_subset": "default",
        "languages": [
          "eng-Latn"
        ],
        "main_score": 0.38526079420887405,
        "map": 0.38526079420887405,
        "mrr": 0.38604625562346156,
        "nAUC_map_diff1": 0.3458359734141418,
        "nAUC_map_max": 0.2485456224566716,
        "nAUC_map_std": 0.054353108809036155,
        "nAUC_mrr_diff1": 0.33681448209484594,
        "nAUC_mrr_max": 0.2602619764716636,
        "nAUC_mrr_std": 0.06447283895399705
      }
    ]
  },
  "task_name": "StackOverflowDupQuestions"
}