{
  "dataset_revision": "ae752c7c21bf194d8b67fd573edf7ae58183cbe3",
  "evaluation_time": 4.89988374710083,
  "kg_co2_emissions": null,
  "mteb_version": "1.14.19",
  "scores": {
    "test": [
      {
        "cosine_pearson": 0.5466254752749344,
        "cosine_spearman": 0.5981763678629937,
        "euclidean_pearson": 0.5382978105426481,
        "euclidean_spearman": 0.5547905023129807,
        "hf_subset": "default",
        "languages": [
          "eng-Latn"
        ],
        "main_score": 0.5981763678629937,
        "manhattan_pearson": 0.5829905386332122,
        "manhattan_spearman": 0.5945680006633816,
        "pearson": 0.5466254752749344,
        "spearman": 0.5981763678629937
      }
    ]
  },
  "task_name": "STS15"
}