{
  "dataset_revision": "4d8694f8f0e0100860b497b999b3dbed754a0513",
  "evaluation_time": 3.142958402633667,
  "kg_co2_emissions": null,
  "mteb_version": "1.14.19",
  "scores": {
    "test": [
      {
        "cosine_pearson": 0.4657843863627249,
        "cosine_spearman": 0.5117022963820915,
        "euclidean_pearson": 0.47498586088749956,
        "euclidean_spearman": 0.4716679880062026,
        "hf_subset": "default",
        "languages": [
          "eng-Latn"
        ],
        "main_score": 0.5117022963820915,
        "manhattan_pearson": 0.5020922181134133,
        "manhattan_spearman": 0.5019099921712527,
        "pearson": 0.4657843863627249,
        "spearman": 0.5117022963820915
      }
    ]
  },
  "task_name": "STS16"
}