{
  "dataset_revision": "d3fb88f8f02e40887cd149695127462bbcf29b4a",
  "evaluation_time": 2.2932136058807373,
  "kg_co2_emissions": null,
  "mteb_version": "1.14.19",
  "scores": {
    "test": [
      {
        "cosine_pearson": 0.5560437953617059,
        "cosine_spearman": 0.6228816626607504,
        "euclidean_pearson": 0.49312797490079957,
        "euclidean_spearman": 0.5228854082746447,
        "hf_subset": "default",
        "languages": [
          "eng-Latn"
        ],
        "main_score": 0.6228816626607504,
        "manhattan_pearson": 0.5237758962323682,
        "manhattan_spearman": 0.5413918540529515,
        "pearson": 0.5560437953617059,
        "spearman": 0.6228816626607504
      }
    ]
  },
  "task_name": "BIOSSES"
}