{
  "dataset_revision": "59042f120c80e8afa9cdbb224f67076cec0fc9a7",
  "evaluation_time": 149.25357842445374,
  "kg_co2_emissions": null,
  "mteb_version": "1.14.19",
  "scores": {
    "test": [
      {
        "hf_subset": "default",
        "languages": [
          "eng-Latn"
        ],
        "main_score": 0.2650087793314138,
        "map": 0.2650087793314138,
        "mrr": 0.2700998177706712,
        "nAUC_map_diff1": 0.23154075893745743,
        "nAUC_map_max": -0.20932786110032425,
        "nAUC_map_std": 0.007347132799578801,
        "nAUC_mrr_diff1": 0.20843017063643898,
        "nAUC_mrr_max": -0.14835230017607579,
        "nAUC_mrr_std": 0.00802371611751209
      }
    ]
  },
  "task_name": "MindSmallReranking"
}