{
  "dataset_revision": "d3c5e1fc0b855ab6097bf1cda04dd73947d7caab",
  "evaluation_time": 47.45433473587036,
  "kg_co2_emissions": null,
  "mteb_version": "1.14.19",
  "scores": {
    "test": [
      {
        "hf_subset": "default",
        "languages": [
          "eng-Latn"
        ],
        "main_score": 0.5731603854097747,
        "map": 0.5731603854097747,
        "mrr": 0.8193091766621178,
        "nAUC_map_diff1": 0.18647638063301852,
        "nAUC_map_max": 0.4828927067456581,
        "nAUC_map_std": 0.4366341684229714,
        "nAUC_mrr_diff1": 0.461527480051649,
        "nAUC_mrr_max": 0.5944039278444995,
        "nAUC_mrr_std": 0.4265975179232369
      }
    ]
  },
  "task_name": "SciDocsRR"
}