{
  "dataset_revision": "20a6d6f312dd54037fe07a32d58e5e168867909d",
  "evaluation_time": 14.982294797897339,
  "kg_co2_emissions": null,
  "mteb_version": "1.14.19",
  "scores": {
    "test": [
      {
        "cosine_pearson": 0.617152017787485,
        "cosine_spearman": 0.5703830100169952,
        "euclidean_pearson": 0.564332922769748,
        "euclidean_spearman": 0.5392445051984525,
        "hf_subset": "default",
        "languages": [
          "eng-Latn"
        ],
        "main_score": 0.5703830100169952,
        "manhattan_pearson": 0.557658878893593,
        "manhattan_spearman": 0.5338393542766147,
        "pearson": 0.617152017787485,
        "spearman": 0.5703830100169952
      }
    ]
  },
  "task_name": "SICK-R"
}