{
  "dataset_revision": "d66bd1f72af766a5cc4b0ca5e00c162f89e8cc46",
  "evaluation_time": 24.511609077453613,
  "kg_co2_emissions": null,
  "mteb_version": "1.14.19",
  "scores": {
    "test": [
      {
        "cosine_accuracy": 0.9936732673267327,
        "cosine_accuracy_threshold": 0.8982049226760864,
        "cosine_ap": 0.6521419204986132,
        "cosine_f1": 0.6259196378041878,
        "cosine_f1_threshold": 0.8852698802947998,
        "cosine_precision": 0.7209908735332464,
        "cosine_recall": 0.553,
        "dot_accuracy": 0.9901188118811881,
        "dot_accuracy_threshold": 1156.657958984375,
        "dot_ap": 0.0701689007099473,
        "dot_f1": 0.1406945681211042,
        "dot_f1_threshold": 890.08056640625,
        "dot_precision": 0.12680577849117175,
        "dot_recall": 0.158,
        "euclidean_accuracy": 0.9924554455445544,
        "euclidean_accuracy_threshold": 12.221250534057617,
        "euclidean_ap": 0.4931561561629328,
        "euclidean_f1": 0.5020790020790021,
        "euclidean_f1_threshold": 13.762323379516602,
        "euclidean_precision": 0.5227272727272727,
        "euclidean_recall": 0.483,
        "hf_subset": "default",
        "languages": [
          "eng-Latn"
        ],
        "main_score": 0.6521419204986132,
        "manhattan_accuracy": 0.9926534653465346,
        "manhattan_accuracy_threshold": 397.6912841796875,
        "manhattan_ap": 0.519742534708702,
        "manhattan_f1": 0.513946587537092,
        "manhattan_f1_threshold": 426.086181640625,
        "manhattan_precision": 0.6321167883211679,
        "manhattan_recall": 0.433,
        "max_accuracy": 0.9936732673267327,
        "max_ap": 0.6521419204986132,
        "max_f1": 0.6259196378041878,
        "max_precision": 0.7209908735332464,
        "max_recall": 0.553,
        "similarity_accuracy": 0.9936732673267327,
        "similarity_accuracy_threshold": 0.8982049226760864,
        "similarity_ap": 0.6521419204986132,
        "similarity_f1": 0.6259196378041878,
        "similarity_f1_threshold": 0.8852698802947998,
        "similarity_precision": 0.7209908735332464,
        "similarity_recall": 0.553
      }
    ],
    "validation": [
      {
        "cosine_accuracy": 0.9927821782178218,
        "cosine_accuracy_threshold": 0.8926217555999756,
        "cosine_ap": 0.5619910353425009,
        "cosine_f1": 0.5629466739967015,
        "cosine_f1_threshold": 0.8797335624694824,
        "cosine_precision": 0.6251526251526252,
        "cosine_recall": 0.512,
        "dot_accuracy": 0.9901188118811881,
        "dot_accuracy_threshold": 1459.67138671875,
        "dot_ap": 0.05231712492839781,
        "dot_f1": 0.11197053406998159,
        "dot_f1_threshold": 889.4677124023438,
        "dot_precision": 0.08862973760932945,
        "dot_recall": 0.152,
        "euclidean_accuracy": 0.9915841584158416,
        "euclidean_accuracy_threshold": 12.157833099365234,
        "euclidean_ap": 0.37449788522772987,
        "euclidean_f1": 0.4128654970760234,
        "euclidean_f1_threshold": 13.53917407989502,
        "euclidean_precision": 0.4971830985915493,
        "euclidean_recall": 0.353,
        "hf_subset": "default",
        "languages": [
          "eng-Latn"
        ],
        "main_score": 0.5619910353425009,
        "manhattan_accuracy": 0.9919405940594059,
        "manhattan_accuracy_threshold": 401.22137451171875,
        "manhattan_ap": 0.4184432728730021,
        "manhattan_f1": 0.4409114997350291,
        "manhattan_f1_threshold": 442.1978759765625,
        "manhattan_precision": 0.4689966178128523,
        "manhattan_recall": 0.416,
        "max_accuracy": 0.9927821782178218,
        "max_ap": 0.5619910353425009,
        "max_f1": 0.5629466739967015,
        "max_precision": 0.6251526251526252,
        "max_recall": 0.512,
        "similarity_accuracy": 0.9927821782178218,
        "similarity_accuracy_threshold": 0.8926217555999756,
        "similarity_ap": 0.5619910353425009,
        "similarity_f1": 0.5629466739967015,
        "similarity_f1_threshold": 0.8797335624694824,
        "similarity_precision": 0.6251526251526252,
        "similarity_recall": 0.512
      }
    ]
  },
  "task_name": "SprintDuplicateQuestions"
}