{
  "dataset_revision": "ae752c7c21bf194d8b67fd573edf7ae58183cbe3",
  "evaluation_time": 7.005559921264648,
  "kg_co2_emissions": null,
  "mteb_version": "1.14.19",
  "scores": {
    "test": [
      {
        "cosine_pearson": 0.6153627401490719,
        "cosine_spearman": 0.6290365604821251,
        "euclidean_pearson": 0.553798534022769,
        "euclidean_spearman": 0.5643716184400566,
        "hf_subset": "default",
        "languages": [
          "eng-Latn"
        ],
        "main_score": 0.6290365604821251,
        "manhattan_pearson": 0.5577333803864905,
        "manhattan_spearman": 0.5670710540434767,
        "pearson": 0.6153627401490719,
        "spearman": 0.6290365604821251
      }
    ]
  },
  "task_name": "STS15"
}