{
  "dataset_revision": "a0d554a64d88156834ff5ae9920b964011b16384",
  "evaluation_time": 6.695663213729858,
  "kg_co2_emissions": null,
  "mteb_version": "1.14.19",
  "scores": {
    "test": [
      {
        "cosine_pearson": 0.36501596966933203,
        "cosine_spearman": 0.39218147205653603,
        "euclidean_pearson": 0.3574462456286362,
        "euclidean_spearman": 0.36496213056943605,
        "hf_subset": "default",
        "languages": [
          "eng-Latn"
        ],
        "main_score": 0.39218147205653603,
        "manhattan_pearson": 0.34806809822436735,
        "manhattan_spearman": 0.350752526566321,
        "pearson": 0.36501596966933203,
        "spearman": 0.39218147205653603
      }
    ]
  },
  "task_name": "STS12"
}