{
  "dataset_revision": "4d8694f8f0e0100860b497b999b3dbed754a0513",
  "evaluation_time": 5.030905246734619,
  "kg_co2_emissions": null,
  "mteb_version": "1.14.19",
  "scores": {
    "test": [
      {
        "cosine_pearson": 0.5254605029761045,
        "cosine_spearman": 0.5315778660520634,
        "euclidean_pearson": 0.47433350255654794,
        "euclidean_spearman": 0.4626417357279469,
        "hf_subset": "default",
        "languages": [
          "eng-Latn"
        ],
        "main_score": 0.5315778660520634,
        "manhattan_pearson": 0.471151926996301,
        "manhattan_spearman": 0.46205761880349405,
        "pearson": 0.5254605029761045,
        "spearman": 0.5315778660520634
      }
    ]
  },
  "task_name": "STS16"
}