{
  "dataset_revision": "d3c5e1fc0b855ab6097bf1cda04dd73947d7caab",
  "evaluation_time": 60.23765540122986,
  "kg_co2_emissions": null,
  "mteb_version": "1.14.20",
  "scores": {
    "test": [
      {
        "hf_subset": "default",
        "languages": [
          "eng-Latn"
        ],
        "main_score": 0.3608518741882271,
        "map": 0.3608518741882271,
        "mrr": 0.559028725450294,
        "nAUC_map_diff1": 0.18377926914303244,
        "nAUC_map_max": 0.3244888457272642,
        "nAUC_map_std": 0.21624318437611917,
        "nAUC_mrr_diff1": 0.2473334998028165,
        "nAUC_mrr_max": 0.3455937613594661,
        "nAUC_mrr_std": 0.19187270577678822
      }
    ]
  },
  "task_name": "SciDocsRR"
}