{
  "dataset_revision": "20a6d6f312dd54037fe07a32d58e5e168867909d",
  "evaluation_time": 11.430068492889404,
  "kg_co2_emissions": null,
  "mteb_version": "1.14.20",
  "scores": {
    "test": [
      {
        "cosine_pearson": 0.304680645107257,
        "cosine_spearman": 0.31546297103277854,
        "euclidean_pearson": 0.3245590898641686,
        "euclidean_spearman": 0.31502041234819533,
        "hf_subset": "default",
        "languages": [
          "eng-Latn"
        ],
        "main_score": 0.31546297103277854,
        "manhattan_pearson": 0.3254654863284898,
        "manhattan_spearman": 0.3158142193911171,
        "pearson": 0.304680645107257,
        "spearman": 0.31546297103277854
      }
    ]
  },
  "task_name": "SICK-R"
}