{
  "dataset_revision": "e185fbe320c72810689fc5848eb6114e1ef5ec69",
  "evaluation_time": 42.17512536048889,
  "kg_co2_emissions": null,
  "mteb_version": "1.14.20",
  "scores": {
    "test": [
      {
        "hf_subset": "default",
        "languages": [
          "eng-Latn"
        ],
        "main_score": 0.26120528126933285,
        "map": 0.26120528126933285,
        "mrr": 0.2487455967235379,
        "nAUC_map_diff1": 0.19987617064343632,
        "nAUC_map_max": 0.20747827170922611,
        "nAUC_map_std": 0.10204373242379233,
        "nAUC_mrr_diff1": 0.1856563097642833,
        "nAUC_mrr_max": 0.20736415043895182,
        "nAUC_mrr_std": 0.10900731006423289
      }
    ]
  },
  "task_name": "StackOverflowDupQuestions"
}