{
  "dataset_revision": "6031580fec1f6af667f0bd2da0a551cf4f0b2375",
  "evaluation_time": 9.470857620239258,
  "kg_co2_emissions": null,
  "mteb_version": "1.14.20",
  "scores": {
    "test": [
      {
        "cosine_pearson": 0.1654144856015117,
        "cosine_spearman": 0.16309335507353642,
        "euclidean_pearson": 0.1879161171849067,
        "euclidean_spearman": 0.18357657953345782,
        "hf_subset": "default",
        "languages": [
          "eng-Latn"
        ],
        "main_score": 0.16309335507353642,
        "manhattan_pearson": 0.1881525614806923,
        "manhattan_spearman": 0.18365018827376517,
        "pearson": 0.1654144856015117,
        "spearman": 0.16309335507353642
      }
    ]
  },
  "task_name": "STS14"
}