{
  "dataset_revision": "ae752c7c21bf194d8b67fd573edf7ae58183cbe3",
  "evaluation_time": 9.29053807258606,
  "kg_co2_emissions": null,
  "mteb_version": "1.14.20",
  "scores": {
    "test": [
      {
        "cosine_pearson": 0.3174718574767975,
        "cosine_spearman": 0.33041195841131504,
        "euclidean_pearson": 0.33937985920553837,
        "euclidean_spearman": 0.3283185540752688,
        "hf_subset": "default",
        "languages": [
          "eng-Latn"
        ],
        "main_score": 0.33041195841131504,
        "manhattan_pearson": 0.3400167402325241,
        "manhattan_spearman": 0.32886731909384603,
        "pearson": 0.3174718574767975,
        "spearman": 0.33041195841131504
      }
    ]
  },
  "task_name": "STS15"
}