{
  "dataset_revision": "a0d554a64d88156834ff5ae9920b964011b16384",
  "evaluation_time": 6.961115598678589,
  "kg_co2_emissions": null,
  "mteb_version": "1.14.20",
  "scores": {
    "test": [
      {
        "cosine_pearson": 0.06262574063767407,
        "cosine_spearman": 0.1448539920103773,
        "euclidean_pearson": 0.12143938098493091,
        "euclidean_spearman": 0.16279383626231128,
        "hf_subset": "default",
        "languages": [
          "eng-Latn"
        ],
        "main_score": 0.1448539920103773,
        "manhattan_pearson": 0.12111684452949212,
        "manhattan_spearman": 0.16242252974622218,
        "pearson": 0.06262574063767407,
        "spearman": 0.1448539920103773
      }
    ]
  },
  "task_name": "STS12"
}