{
  "dataset_revision": "2000358ca161889fa9c082cb41daa8dcfb161a54",
  "evaluation_time": 7.6644203662872314,
  "kg_co2_emissions": null,
  "mteb_version": "1.14.20",
  "scores": {
    "test": [
      {
        "hf_subset": "default",
        "languages": [
          "eng-Latn"
        ],
        "main_score": 0.4422546117257224,
        "map": 0.4422546117257224,
        "mrr": 0.5631073297278283,
        "nAUC_map_diff1": 0.13563239385170306,
        "nAUC_map_max": 0.1873272835177666,
        "nAUC_map_std": 0.09709962587713365,
        "nAUC_mrr_diff1": 0.1372237743046937,
        "nAUC_mrr_max": 0.23517598974654852,
        "nAUC_mrr_std": 0.13631793394996033
      }
    ]
  },
  "task_name": "AskUbuntuDupQuestions"
}