{
  "dataset_revision": "59042f120c80e8afa9cdbb224f67076cec0fc9a7",
  "evaluation_time": 116.95483827590942,
  "kg_co2_emissions": null,
  "mteb_version": "1.14.20",
  "scores": {
    "test": [
      {
        "hf_subset": "default",
        "languages": [
          "eng-Latn"
        ],
        "main_score": 0.25021093677556694,
        "map": 0.25021093677556694,
        "mrr": 0.2547446361611548,
        "nAUC_map_diff1": 0.1517538690476262,
        "nAUC_map_max": -0.19799656892262843,
        "nAUC_map_std": -0.08186607349729408,
        "nAUC_mrr_diff1": 0.1411479098565013,
        "nAUC_mrr_max": -0.12604309227237898,
        "nAUC_mrr_std": -0.041243531296204644
      }
    ]
  },
  "task_name": "MindSmallReranking"
}