{
  "dataset_revision": "6031580fec1f6af667f0bd2da0a551cf4f0b2375",
  "evaluation_time": 9.001949787139893,
  "kg_co2_emissions": null,
  "mteb_version": "1.14.20",
  "scores": {
    "test": [
      {
        "cosine_pearson": 0.1777830294326402,
        "cosine_spearman": 0.21513948439608777,
        "euclidean_pearson": 0.192365523566847,
        "euclidean_spearman": 0.20459060613240798,
        "hf_subset": "default",
        "languages": [
          "eng-Latn"
        ],
        "main_score": 0.21513948439608777,
        "manhattan_pearson": 0.19268111374053581,
        "manhattan_spearman": 0.20490872221083817,
        "pearson": 0.1777830294326402,
        "spearman": 0.21513948439608777
      }
    ]
  },
  "task_name": "STS14"
}