{
  "dataset_revision": "2000358ca161889fa9c082cb41daa8dcfb161a54",
  "evaluation_time": 14.275922298431396,
  "kg_co2_emissions": null,
  "mteb_version": "1.14.19",
  "scores": {
    "test": [
      {
        "hf_subset": "default",
        "languages": [
          "eng-Latn"
        ],
        "main_score": 0.47915635717143984,
        "map": 0.47915635717143984,
        "mrr": 0.5974101921470342,
        "nAUC_map_diff1": 0.12275913896588382,
        "nAUC_map_max": 0.19479604442060117,
        "nAUC_map_std": 0.002929695750964095,
        "nAUC_mrr_diff1": 0.1900978986120897,
        "nAUC_mrr_max": 0.25161191718602066,
        "nAUC_mrr_std": -0.028682717235745718
      }
    ]
  },
  "task_name": "AskUbuntuDupQuestions"
}