{
  "dataset_revision": "d3fb88f8f02e40887cd149695127462bbcf29b4a",
  "evaluation_time": 2.166973352432251,
  "kg_co2_emissions": null,
  "mteb_version": "1.14.19",
  "scores": {
    "test": [
      {
        "cosine_pearson": 0.5700007259326316,
        "cosine_spearman": 0.6320806674470378,
        "euclidean_pearson": 0.6087475125712568,
        "euclidean_spearman": 0.6424303008608175,
        "hf_subset": "default",
        "languages": [
          "eng-Latn"
        ],
        "main_score": 0.6320806674470378,
        "manhattan_pearson": 0.6980861281577134,
        "manhattan_spearman": 0.7006906645073041,
        "pearson": 0.5700007259326316,
        "spearman": 0.6320806674470378
      }
    ]
  },
  "task_name": "BIOSSES"
}