{
  "dataset_revision": "d3fb88f8f02e40887cd149695127462bbcf29b4a",
  "evaluation_time": 2.0514028072357178,
  "kg_co2_emissions": null,
  "mteb_version": "1.14.20",
  "scores": {
    "test": [
      {
        "cosine_pearson": 0.04578321109993408,
        "cosine_spearman": 0.07689331833148108,
        "euclidean_pearson": 0.048287784761226,
        "euclidean_spearman": 0.06803769486334593,
        "hf_subset": "default",
        "languages": [
          "eng-Latn"
        ],
        "main_score": 0.07689331833148108,
        "manhattan_pearson": 0.0454067122789025,
        "manhattan_spearman": 0.07261611243870833,
        "pearson": 0.04578321109993408,
        "spearman": 0.07689331833148108
      }
    ]
  },
  "task_name": "BIOSSES"
}