{
  "dataset_revision": "e185fbe320c72810689fc5848eb6114e1ef5ec69",
  "evaluation_time": 34.59234166145325,
  "kg_co2_emissions": null,
  "mteb_version": "1.14.20",
  "scores": {
    "test": [
      {
        "hf_subset": "default",
        "languages": [
          "eng-Latn"
        ],
        "main_score": 0.2613812738952351,
        "map": 0.2613812738952351,
        "mrr": 0.24794703866395043,
        "nAUC_map_diff1": 0.18622083886963486,
        "nAUC_map_max": 0.2270461071336421,
        "nAUC_map_std": 0.05657773822714431,
        "nAUC_mrr_diff1": 0.1749177940859152,
        "nAUC_mrr_max": 0.22658060539066496,
        "nAUC_mrr_std": 0.06075452250560346
      }
    ]
  },
  "task_name": "StackOverflowDupQuestions"
}