{
  "dataset_revision": "ae752c7c21bf194d8b67fd573edf7ae58183cbe3",
  "evaluation_time": 7.6464128494262695,
  "kg_co2_emissions": null,
  "mteb_version": "1.14.20",
  "scores": {
    "test": [
      {
        "cosine_pearson": 0.35886577885846166,
        "cosine_spearman": 0.3873782343981828,
        "euclidean_pearson": 0.34510333714704083,
        "euclidean_spearman": 0.326158667537768,
        "hf_subset": "default",
        "languages": [
          "eng-Latn"
        ],
        "main_score": 0.3873782343981828,
        "manhattan_pearson": 0.3452429897341131,
        "manhattan_spearman": 0.32641567134234795,
        "pearson": 0.35886577885846166,
        "spearman": 0.3873782343981828
      }
    ]
  },
  "task_name": "STS15"
}