{
  "dataset_revision": "59042f120c80e8afa9cdbb224f67076cec0fc9a7",
  "evaluation_time": 127.6691346168518,
  "kg_co2_emissions": null,
  "mteb_version": "1.14.20",
  "scores": {
    "test": [
      {
        "hf_subset": "default",
        "languages": [
          "eng-Latn"
        ],
        "main_score": 0.2560845645182667,
        "map": 0.2560845645182667,
        "mrr": 0.25883598554874887,
        "nAUC_map_diff1": 0.1961664151605701,
        "nAUC_map_max": -0.21381995483624755,
        "nAUC_map_std": -0.16747772628723645,
        "nAUC_mrr_diff1": 0.18560975950270592,
        "nAUC_mrr_max": -0.14975148021027876,
        "nAUC_mrr_std": -0.14444532930462647
      }
    ]
  },
  "task_name": "MindSmallReranking"
}