{
  "dataset_revision": "20a6d6f312dd54037fe07a32d58e5e168867909d",
  "evaluation_time": 14.71927547454834,
  "kg_co2_emissions": null,
  "mteb_version": "1.14.20",
  "scores": {
    "test": [
      {
        "cosine_pearson": 0.30163664053457895,
        "cosine_spearman": 0.3116665005126923,
        "euclidean_pearson": 0.32212388480433696,
        "euclidean_spearman": 0.31086887357805104,
        "hf_subset": "default",
        "languages": [
          "eng-Latn"
        ],
        "main_score": 0.3116665005126923,
        "manhattan_pearson": 0.3219137323229839,
        "manhattan_spearman": 0.310905441645979,
        "pearson": 0.30163664053457895,
        "spearman": 0.3116665005126923
      }
    ]
  },
  "task_name": "SICK-R"
}