{
  "dataset_revision": "4d8694f8f0e0100860b497b999b3dbed754a0513",
  "evaluation_time": 7.101756811141968,
  "kg_co2_emissions": null,
  "mteb_version": "1.14.20",
  "scores": {
    "test": [
      {
        "cosine_pearson": 0.30931966917158465,
        "cosine_spearman": 0.3288523090216899,
        "euclidean_pearson": 0.31350662405191,
        "euclidean_spearman": 0.3059063734784466,
        "hf_subset": "default",
        "languages": [
          "eng-Latn"
        ],
        "main_score": 0.3288523090216899,
        "manhattan_pearson": 0.3124701554803206,
        "manhattan_spearman": 0.30530022748508867,
        "pearson": 0.30931966917158465,
        "spearman": 0.3288523090216899
      }
    ]
  },
  "task_name": "STS16"
}