{
  "dataset_revision": "7e90230a92c190f1bf69ae9002b8cea547a64cca",
  "evaluation_time": 7.340095281600952,
  "kg_co2_emissions": null,
  "mteb_version": "1.14.20",
  "scores": {
    "test": [
      {
        "cosine_pearson": 0.21429006493338892,
        "cosine_spearman": 0.20194824898990416,
        "euclidean_pearson": 0.2311818103410852,
        "euclidean_spearman": 0.22351943595400178,
        "hf_subset": "default",
        "languages": [
          "eng-Latn"
        ],
        "main_score": 0.20194824898990416,
        "manhattan_pearson": 0.23069699666728283,
        "manhattan_spearman": 0.22357882196199566,
        "pearson": 0.21429006493338892,
        "spearman": 0.20194824898990416
      }
    ]
  },
  "task_name": "STS13"
}