{
  "dataset_revision": "2000358ca161889fa9c082cb41daa8dcfb161a54",
  "evaluation_time": 8.122859954833984,
  "kg_co2_emissions": null,
  "mteb_version": "1.14.19",
  "scores": {
    "test": [
      {
        "hf_subset": "default",
        "languages": [
          "eng-Latn"
        ],
        "main_score": 0.46459442196297174,
        "map": 0.46459442196297174,
        "mrr": 0.5896066921690191,
        "nAUC_map_diff1": 0.09144546844465735,
        "nAUC_map_max": 0.13531720973103295,
        "nAUC_map_std": -0.03236478510584362,
        "nAUC_mrr_diff1": 0.15380645758093123,
        "nAUC_mrr_max": 0.18808409680097804,
        "nAUC_mrr_std": -0.05968952110215352
      }
    ]
  },
  "task_name": "AskUbuntuDupQuestions"
}