{
  "dataset_revision": "e185fbe320c72810689fc5848eb6114e1ef5ec69",
  "evaluation_time": 43.811243534088135,
  "kg_co2_emissions": null,
  "mteb_version": "1.14.19",
  "scores": {
    "test": [
      {
        "hf_subset": "default",
        "languages": [
          "eng-Latn"
        ],
        "main_score": 0.37848878530542857,
        "map": 0.37848878530542857,
        "mrr": 0.3778812282488753,
        "nAUC_map_diff1": 0.3031188813250572,
        "nAUC_map_max": 0.2065370015687063,
        "nAUC_map_std": 0.04140922836434498,
        "nAUC_mrr_diff1": 0.3006314318861082,
        "nAUC_mrr_max": 0.21134989253189934,
        "nAUC_mrr_std": 0.044791086297376485
      }
    ]
  },
  "task_name": "StackOverflowDupQuestions"
}