{
  "dataset_revision": "7e90230a92c190f1bf69ae9002b8cea547a64cca",
  "evaluation_time": 4.9211530685424805,
  "kg_co2_emissions": null,
  "mteb_version": "1.14.19",
  "scores": {
    "test": [
      {
        "cosine_pearson": 0.5138858810968979,
        "cosine_spearman": 0.515946750159742,
        "euclidean_pearson": 0.5379000250233071,
        "euclidean_spearman": 0.5357471569792044,
        "hf_subset": "default",
        "languages": [
          "eng-Latn"
        ],
        "main_score": 0.515946750159742,
        "manhattan_pearson": 0.5452426756746085,
        "manhattan_spearman": 0.5444091440622352,
        "pearson": 0.5138858810968979,
        "spearman": 0.515946750159742
      }
    ]
  },
  "task_name": "STS13"
}