{
  "dataset_revision": "d3fb88f8f02e40887cd149695127462bbcf29b4a",
  "evaluation_time": 2.60227108001709,
  "kg_co2_emissions": null,
  "mteb_version": "1.14.20",
  "scores": {
    "test": [
      {
        "cosine_pearson": 0.04924764962154814,
        "cosine_spearman": 0.059874858265166926,
        "euclidean_pearson": 0.05034936512957569,
        "euclidean_spearman": 0.07373661989794175,
        "hf_subset": "default",
        "languages": [
          "eng-Latn"
        ],
        "main_score": 0.059874858265166926,
        "manhattan_pearson": 0.042144863110122575,
        "manhattan_spearman": 0.06698345397428222,
        "pearson": 0.04924764962154814,
        "spearman": 0.059874858265166926
      }
    ]
  },
  "task_name": "BIOSSES"
}