{
  "dataset_revision": "e185fbe320c72810689fc5848eb6114e1ef5ec69",
  "evaluation_time": 63.64243769645691,
  "kg_co2_emissions": null,
  "mteb_version": "1.14.20",
  "scores": {
    "test": [
      {
        "hf_subset": "default",
        "languages": [
          "eng-Latn"
        ],
        "main_score": 0.24820895207746463,
        "map": 0.24820895207746463,
        "mrr": 0.2329282849503438,
        "nAUC_map_diff1": 0.1795662953383211,
        "nAUC_map_max": 0.20736742562215352,
        "nAUC_map_std": 0.08292385207293514,
        "nAUC_mrr_diff1": 0.17415417793977694,
        "nAUC_mrr_max": 0.2085661232454197,
        "nAUC_mrr_std": 0.0907246510711798
      }
    ]
  },
  "task_name": "StackOverflowDupQuestions"
}