{
  "dataset_revision": "6031580fec1f6af667f0bd2da0a551cf4f0b2375",
  "evaluation_time": 12.018186092376709,
  "kg_co2_emissions": null,
  "mteb_version": "1.14.20",
  "scores": {
    "test": [
      {
        "cosine_pearson": 0.12686905022837147,
        "cosine_spearman": 0.1447923160816116,
        "euclidean_pearson": 0.15201568039213248,
        "euclidean_spearman": 0.15622786541138903,
        "hf_subset": "default",
        "languages": [
          "eng-Latn"
        ],
        "main_score": 0.1447923160816116,
        "manhattan_pearson": 0.15199017097748996,
        "manhattan_spearman": 0.1558418919438086,
        "pearson": 0.12686905022837147,
        "spearman": 0.1447923160816116
      }
    ]
  },
  "task_name": "STS14"
}