{
  "dataset_revision": "2000358ca161889fa9c082cb41daa8dcfb161a54",
  "evaluation_time": 33.199649810791016,
  "kg_co2_emissions": null,
  "mteb_version": "1.14.19",
  "scores": {
    "test": [
      {
        "hf_subset": "default",
        "languages": [
          "eng-Latn"
        ],
        "main_score": 0.5018399900995074,
        "map": 0.5018399900995074,
        "mrr": 0.6383986281493206,
        "nAUC_map_diff1": 0.13824834249560328,
        "nAUC_map_max": 0.16149073972747083,
        "nAUC_map_std": 0.09073309713163538,
        "nAUC_mrr_diff1": 0.18816334790462014,
        "nAUC_mrr_max": 0.18103826680078805,
        "nAUC_mrr_std": 0.11705224274441971
      }
    ]
  },
  "task_name": "AskUbuntuDupQuestions"
}