{
  "dataset_revision": "d3fb88f8f02e40887cd149695127462bbcf29b4a",
  "evaluation_time": 5.881317853927612,
  "kg_co2_emissions": null,
  "mteb_version": "1.14.19",
  "scores": {
    "test": [
      {
        "cosine_pearson": 0.7675123775337159,
        "cosine_spearman": 0.7525352193146314,
        "euclidean_pearson": 0.7172209126801249,
        "euclidean_spearman": 0.7086366286940187,
        "hf_subset": "default",
        "languages": [
          "eng-Latn"
        ],
        "main_score": 0.7525352193146314,
        "manhattan_pearson": 0.7219355150554045,
        "manhattan_spearman": 0.7154922065897585,
        "pearson": 0.7675123775337159,
        "spearman": 0.7525352193146314
      }
    ]
  },
  "task_name": "BIOSSES"
}