{
  "dataset_revision": "d3fb88f8f02e40887cd149695127462bbcf29b4a",
  "evaluation_time": 1.562589168548584,
  "kg_co2_emissions": null,
  "mteb_version": "1.14.20",
  "scores": {
    "test": [
      {
        "cosine_pearson": 0.5156589993950375,
        "cosine_spearman": 0.5371568177957414,
        "euclidean_pearson": 0.30617278557536787,
        "euclidean_spearman": 0.32214589452961073,
        "hf_subset": "default",
        "languages": [
          "eng-Latn"
        ],
        "main_score": 0.5371568177957414,
        "manhattan_pearson": 0.3103783139127854,
        "manhattan_spearman": 0.3276520440873492,
        "pearson": 0.5156589993950375,
        "spearman": 0.5371568177957414
      }
    ]
  },
  "task_name": "BIOSSES"
}