{
  "dataset_revision": "20a6d6f312dd54037fe07a32d58e5e168867909d",
  "evaluation_time": 5.997124433517456,
  "kg_co2_emissions": null,
  "mteb_version": "1.14.20",
  "scores": {
    "test": [
      {
        "cosine_pearson": 0.5773879406316623,
        "cosine_spearman": 0.538490135745092,
        "euclidean_pearson": 0.5209603782447733,
        "euclidean_spearman": 0.4924194028342009,
        "hf_subset": "default",
        "languages": [
          "eng-Latn"
        ],
        "main_score": 0.538490135745092,
        "manhattan_pearson": 0.5209623011761084,
        "manhattan_spearman": 0.49256895275903767,
        "pearson": 0.5773879406316623,
        "spearman": 0.538490135745092
      }
    ]
  },
  "task_name": "SICK-R"
}