{
  "dataset_revision": "ae752c7c21bf194d8b67fd573edf7ae58183cbe3",
  "evaluation_time": 3.761953115463257,
  "kg_co2_emissions": null,
  "mteb_version": "1.14.20",
  "scores": {
    "test": [
      {
        "cosine_pearson": 0.6536579804762362,
        "cosine_spearman": 0.6502009964480208,
        "euclidean_pearson": 0.5024055368555295,
        "euclidean_spearman": 0.5089692500580426,
        "hf_subset": "default",
        "languages": [
          "eng-Latn"
        ],
        "main_score": 0.6502009964480208,
        "manhattan_pearson": 0.5025995257590063,
        "manhattan_spearman": 0.5091126570228177,
        "pearson": 0.6536579804762362,
        "spearman": 0.6502009964480208
      }
    ]
  },
  "task_name": "STS15"
}