{
  "dataset_revision": "6031580fec1f6af667f0bd2da0a551cf4f0b2375",
  "evaluation_time": 3.9372572898864746,
  "kg_co2_emissions": null,
  "mteb_version": "1.14.20",
  "scores": {
    "test": [
      {
        "cosine_pearson": 0.48723296026674423,
        "cosine_spearman": 0.48476769915038403,
        "euclidean_pearson": 0.47446643959733337,
        "euclidean_spearman": 0.46606415639206183,
        "hf_subset": "default",
        "languages": [
          "eng-Latn"
        ],
        "main_score": 0.48476769915038403,
        "manhattan_pearson": 0.4742541348398912,
        "manhattan_spearman": 0.465782611992558,
        "pearson": 0.48723296026674423,
        "spearman": 0.48476769915038403
      }
    ]
  },
  "task_name": "STS14"
}