{
  "dataset_revision": "d3fb88f8f02e40887cd149695127462bbcf29b4a",
  "evaluation_time": 2.02435564994812,
  "kg_co2_emissions": null,
  "mteb_version": "1.14.20",
  "scores": {
    "test": [
      {
        "cosine_pearson": 0.0018004404044001466,
        "cosine_spearman": 0.01208461270549601,
        "euclidean_pearson": -0.010540328732839133,
        "euclidean_spearman": -0.005879652044149605,
        "hf_subset": "default",
        "languages": [
          "eng-Latn"
        ],
        "main_score": 0.01208461270549601,
        "manhattan_pearson": -0.009231004241706324,
        "manhattan_spearman": -0.010223124507092087,
        "pearson": 0.0018004404044001466,
        "spearman": 0.01208461270549601
      }
    ]
  },
  "task_name": "BIOSSES"
}