{
  "dataset_revision": "59042f120c80e8afa9cdbb224f67076cec0fc9a7",
  "evaluation_time": 122.37283182144165,
  "kg_co2_emissions": null,
  "mteb_version": "1.14.20",
  "scores": {
    "test": [
      {
        "hf_subset": "default",
        "languages": [
          "eng-Latn"
        ],
        "main_score": 0.2468998626004447,
        "map": 0.2468998626004447,
        "mrr": 0.250754023074923,
        "nAUC_map_diff1": 0.19562564934963336,
        "nAUC_map_max": -0.20921864761765943,
        "nAUC_map_std": -0.15221901206450397,
        "nAUC_mrr_diff1": 0.17428237744189043,
        "nAUC_mrr_max": -0.13678726244319633,
        "nAUC_mrr_std": -0.12667977540902214
      }
    ]
  },
  "task_name": "MindSmallReranking"
}