{
  "dataset_revision": "e185fbe320c72810689fc5848eb6114e1ef5ec69",
  "evaluation_time": 64.06062960624695,
  "kg_co2_emissions": null,
  "mteb_version": "1.14.20",
  "scores": {
    "test": [
      {
        "hf_subset": "default",
        "languages": [
          "eng-Latn"
        ],
        "main_score": 0.24269639059467868,
        "map": 0.24269639059467868,
        "mrr": 0.22780655822935236,
        "nAUC_map_diff1": 0.14961430791553662,
        "nAUC_map_max": 0.22780673347500346,
        "nAUC_map_std": 0.07517832146666502,
        "nAUC_mrr_diff1": 0.1421094559974871,
        "nAUC_mrr_max": 0.2281818981466264,
        "nAUC_mrr_std": 0.07728724863034712
      }
    ]
  },
  "task_name": "StackOverflowDupQuestions"
}