{
  "dataset_revision": "7e90230a92c190f1bf69ae9002b8cea547a64cca",
  "evaluation_time": 8.62753176689148,
  "kg_co2_emissions": null,
  "mteb_version": "1.14.20",
  "scores": {
    "test": [
      {
        "cosine_pearson": 0.173024528679765,
        "cosine_spearman": 0.20713268476910676,
        "euclidean_pearson": 0.2006222155435233,
        "euclidean_spearman": 0.20532465370130099,
        "hf_subset": "default",
        "languages": [
          "eng-Latn"
        ],
        "main_score": 0.20713268476910676,
        "manhattan_pearson": 0.20082284800965425,
        "manhattan_spearman": 0.20515930903489107,
        "pearson": 0.173024528679765,
        "spearman": 0.20713268476910676
      }
    ]
  },
  "task_name": "STS13"
}