{
  "dataset_revision": "ae752c7c21bf194d8b67fd573edf7ae58183cbe3",
  "evaluation_time": 11.145260572433472,
  "kg_co2_emissions": null,
  "mteb_version": "1.14.20",
  "scores": {
    "test": [
      {
        "cosine_pearson": 0.3002196746284123,
        "cosine_spearman": 0.32095777930471286,
        "euclidean_pearson": 0.32151995312550397,
        "euclidean_spearman": 0.30908796479031314,
        "hf_subset": "default",
        "languages": [
          "eng-Latn"
        ],
        "main_score": 0.32095777930471286,
        "manhattan_pearson": 0.3224512778804163,
        "manhattan_spearman": 0.3101295466553093,
        "pearson": 0.3002196746284123,
        "spearman": 0.32095777930471286
      }
    ]
  },
  "task_name": "STS15"
}