{
  "dataset_revision": "2000358ca161889fa9c082cb41daa8dcfb161a54",
  "evaluation_time": 6.335130214691162,
  "kg_co2_emissions": null,
  "mteb_version": "1.14.20",
  "scores": {
    "test": [
      {
        "hf_subset": "default",
        "languages": [
          "eng-Latn"
        ],
        "main_score": 0.4435987690283488,
        "map": 0.4435987690283488,
        "mrr": 0.5562337862199358,
        "nAUC_map_diff1": 0.13807965158560911,
        "nAUC_map_max": 0.2086589393189475,
        "nAUC_map_std": 0.10490357481729452,
        "nAUC_mrr_diff1": 0.1333280692416151,
        "nAUC_mrr_max": 0.2442118013668934,
        "nAUC_mrr_std": 0.1273448069033757
      }
    ]
  },
  "task_name": "AskUbuntuDupQuestions"
}