{
  "dataset_revision": "59042f120c80e8afa9cdbb224f67076cec0fc9a7",
  "evaluation_time": 116.41659450531006,
  "kg_co2_emissions": null,
  "mteb_version": "1.14.20",
  "scores": {
    "test": [
      {
        "hf_subset": "default",
        "languages": [
          "eng-Latn"
        ],
        "main_score": 0.25543429001513746,
        "map": 0.25543429001513746,
        "mrr": 0.25979200146606896,
        "nAUC_map_diff1": 0.11019285417620205,
        "nAUC_map_max": -0.21073820615439148,
        "nAUC_map_std": -0.07734103894560194,
        "nAUC_mrr_diff1": 0.10565132452135018,
        "nAUC_mrr_max": -0.14116496040093124,
        "nAUC_mrr_std": -0.038041623386578016
      }
    ]
  },
  "task_name": "MindSmallReranking"
}