{
  "dataset_revision": "d3c5e1fc0b855ab6097bf1cda04dd73947d7caab",
  "evaluation_time": 46.79344868659973,
  "kg_co2_emissions": null,
  "mteb_version": "1.14.20",
  "scores": {
    "test": [
      {
        "hf_subset": "default",
        "languages": [
          "eng-Latn"
        ],
        "main_score": 0.34436275197491273,
        "map": 0.34436275197491273,
        "mrr": 0.5455483332934313,
        "nAUC_map_diff1": 0.20857147875169227,
        "nAUC_map_max": 0.33000828219810835,
        "nAUC_map_std": 0.2526550744563469,
        "nAUC_mrr_diff1": 0.3033164736960312,
        "nAUC_mrr_max": 0.3597837859690658,
        "nAUC_mrr_std": 0.24272660865800896
      }
    ]
  },
  "task_name": "SciDocsRR"
}