{
  "dataset_revision": "20a6d6f312dd54037fe07a32d58e5e168867909d",
  "evaluation_time": 13.45426321029663,
  "kg_co2_emissions": null,
  "mteb_version": "1.14.20",
  "scores": {
    "test": [
      {
        "cosine_pearson": 0.30086043567576026,
        "cosine_spearman": 0.317769153353611,
        "euclidean_pearson": 0.31555611118777405,
        "euclidean_spearman": 0.3066558387677104,
        "hf_subset": "default",
        "languages": [
          "eng-Latn"
        ],
        "main_score": 0.317769153353611,
        "manhattan_pearson": 0.3155195195834477,
        "manhattan_spearman": 0.30696433575272253,
        "pearson": 0.30086043567576026,
        "spearman": 0.317769153353611
      }
    ]
  },
  "task_name": "SICK-R"
}