{
  "dataset_revision": "a0d554a64d88156834ff5ae9920b964011b16384",
  "evaluation_time": 7.404781341552734,
  "kg_co2_emissions": null,
  "mteb_version": "1.14.20",
  "scores": {
    "test": [
      {
        "cosine_pearson": 0.05617094116687317,
        "cosine_spearman": 0.1651883331592145,
        "euclidean_pearson": 0.13813936517057562,
        "euclidean_spearman": 0.17437301016924928,
        "hf_subset": "default",
        "languages": [
          "eng-Latn"
        ],
        "main_score": 0.1651883331592145,
        "manhattan_pearson": 0.1382957815834259,
        "manhattan_spearman": 0.17479847618103625,
        "pearson": 0.05617094116687317,
        "spearman": 0.1651883331592145
      }
    ]
  },
  "task_name": "STS12"
}