{
  "dataset_revision": "6031580fec1f6af667f0bd2da0a551cf4f0b2375",
  "evaluation_time": 8.177684545516968,
  "kg_co2_emissions": null,
  "mteb_version": "1.14.20",
  "scores": {
    "test": [
      {
        "cosine_pearson": 0.16071233339009877,
        "cosine_spearman": 0.20561733670932672,
        "euclidean_pearson": 0.18768373566006283,
        "euclidean_spearman": 0.1990733719639169,
        "hf_subset": "default",
        "languages": [
          "eng-Latn"
        ],
        "main_score": 0.20561733670932672,
        "manhattan_pearson": 0.18774173410817024,
        "manhattan_spearman": 0.19916854953545163,
        "pearson": 0.16071233339009877,
        "spearman": 0.20561733670932672
      }
    ]
  },
  "task_name": "STS14"
}