{
  "dataset_revision": "2000358ca161889fa9c082cb41daa8dcfb161a54",
  "evaluation_time": 7.714027404785156,
  "kg_co2_emissions": null,
  "mteb_version": "1.14.20",
  "scores": {
    "test": [
      {
        "hf_subset": "default",
        "languages": [
          "eng-Latn"
        ],
        "main_score": 0.42623857865938025,
        "map": 0.42623857865938025,
        "mrr": 0.5382777118234182,
        "nAUC_map_diff1": 0.12546939100260637,
        "nAUC_map_max": 0.17418267967071105,
        "nAUC_map_std": 0.11487737823321013,
        "nAUC_mrr_diff1": 0.1517628072258407,
        "nAUC_mrr_max": 0.2110896058555704,
        "nAUC_mrr_std": 0.11630011009949372
      }
    ]
  },
  "task_name": "AskUbuntuDupQuestions"
}