{
  "dataset_revision": "d3fb88f8f02e40887cd149695127462bbcf29b4a",
  "evaluation_time": 1.8302462100982666,
  "kg_co2_emissions": null,
  "mteb_version": "1.14.20",
  "scores": {
    "test": [
      {
        "cosine_pearson": 0.07416691468779993,
        "cosine_spearman": 0.07805599542627709,
        "euclidean_pearson": 0.0746399456688494,
        "euclidean_spearman": 0.09582748469906532,
        "hf_subset": "default",
        "languages": [
          "eng-Latn"
        ],
        "main_score": 0.07805599542627709,
        "manhattan_pearson": 0.06732904983355056,
        "manhattan_spearman": 0.09072495879599696,
        "pearson": 0.07416691468779993,
        "spearman": 0.07805599542627709
      }
    ]
  },
  "task_name": "BIOSSES"
}