{
  "dataset_revision": "59042f120c80e8afa9cdbb224f67076cec0fc9a7",
  "evaluation_time": 125.8009831905365,
  "kg_co2_emissions": null,
  "mteb_version": "1.14.20",
  "scores": {
    "test": [
      {
        "hf_subset": "default",
        "languages": [
          "eng-Latn"
        ],
        "main_score": 0.2539509047920831,
        "map": 0.2539509047920831,
        "mrr": 0.25630715643931407,
        "nAUC_map_diff1": 0.19091902138521127,
        "nAUC_map_max": -0.24551211805930082,
        "nAUC_map_std": -0.16201402790018887,
        "nAUC_mrr_diff1": 0.176402677011088,
        "nAUC_mrr_max": -0.17796784052388354,
        "nAUC_mrr_std": -0.13199346249473973
      }
    ]
  },
  "task_name": "MindSmallReranking"
}