{
  "dataset_revision": "2000358ca161889fa9c082cb41daa8dcfb161a54",
  "evaluation_time": 9.878141164779663,
  "kg_co2_emissions": null,
  "mteb_version": "1.14.20",
  "scores": {
    "test": [
      {
        "hf_subset": "default",
        "languages": [
          "eng-Latn"
        ],
        "main_score": 0.4233914190356493,
        "map": 0.4233914190356493,
        "mrr": 0.5384382007650705,
        "nAUC_map_diff1": 0.14545042486318926,
        "nAUC_map_max": 0.16903872602024578,
        "nAUC_map_std": 0.09700070226546059,
        "nAUC_mrr_diff1": 0.15893565162856943,
        "nAUC_mrr_max": 0.19188209741728907,
        "nAUC_mrr_std": 0.10415368457792658
      }
    ]
  },
  "task_name": "AskUbuntuDupQuestions"
}