{
  "dataset_revision": "d3c5e1fc0b855ab6097bf1cda04dd73947d7caab",
  "evaluation_time": 96.29436206817627,
  "kg_co2_emissions": null,
  "mteb_version": "1.14.20",
  "scores": {
    "test": [
      {
        "hf_subset": "default",
        "languages": [
          "eng-Latn"
        ],
        "main_score": 0.33050649238422697,
        "map": 0.33050649238422697,
        "mrr": 0.5106809675437127,
        "nAUC_map_diff1": 0.1985870003915405,
        "nAUC_map_max": 0.31823384608066535,
        "nAUC_map_std": 0.1368609833942178,
        "nAUC_mrr_diff1": 0.287222115027668,
        "nAUC_mrr_max": 0.3276737353689551,
        "nAUC_mrr_std": 0.1066139555155711
      }
    ]
  },
  "task_name": "SciDocsRR"
}