{
  "dataset_revision": "20a6d6f312dd54037fe07a32d58e5e168867909d",
  "evaluation_time": 16.837560892105103,
  "kg_co2_emissions": null,
  "mteb_version": "1.14.20",
  "scores": {
    "test": [
      {
        "cosine_pearson": 0.29578780094982515,
        "cosine_spearman": 0.30418380789249133,
        "euclidean_pearson": 0.3058413673335808,
        "euclidean_spearman": 0.29772463827040346,
        "hf_subset": "default",
        "languages": [
          "eng-Latn"
        ],
        "main_score": 0.30418380789249133,
        "manhattan_pearson": 0.3051268223658599,
        "manhattan_spearman": 0.2968957727273971,
        "pearson": 0.29578780094982515,
        "spearman": 0.30418380789249133
      }
    ]
  },
  "task_name": "SICK-R"
}