{
  "dataset_revision": "a0d554a64d88156834ff5ae9920b964011b16384",
  "evaluation_time": 11.715417623519897,
  "kg_co2_emissions": null,
  "mteb_version": "1.14.20",
  "scores": {
    "test": [
      {
        "cosine_pearson": 0.01876787432478991,
        "cosine_spearman": 0.11228155881615032,
        "euclidean_pearson": 0.10155895680558492,
        "euclidean_spearman": 0.15129450452281143,
        "hf_subset": "default",
        "languages": [
          "eng-Latn"
        ],
        "main_score": 0.11228155881615032,
        "manhattan_pearson": 0.10183571467634163,
        "manhattan_spearman": 0.1516078379051999,
        "pearson": 0.01876787432478991,
        "spearman": 0.11228155881615032
      }
    ]
  },
  "task_name": "STS12"
}