{
  "dataset_revision": "2000358ca161889fa9c082cb41daa8dcfb161a54",
  "evaluation_time": 8.9358389377594,
  "kg_co2_emissions": null,
  "mteb_version": "1.14.20",
  "scores": {
    "test": [
      {
        "hf_subset": "default",
        "languages": [
          "eng-Latn"
        ],
        "main_score": 0.4313678910271685,
        "map": 0.4313678910271685,
        "mrr": 0.5360902255639098,
        "nAUC_map_diff1": 0.09797325068211056,
        "nAUC_map_max": 0.10923760127209434,
        "nAUC_map_std": -0.04260471826176169,
        "nAUC_mrr_diff1": 0.13888349743312725,
        "nAUC_mrr_max": 0.13576085972411775,
        "nAUC_mrr_std": -0.037527629448349885
      }
    ]
  },
  "task_name": "AskUbuntuDupQuestions"
}