{
  "dataset_revision": "59042f120c80e8afa9cdbb224f67076cec0fc9a7",
  "evaluation_time": 133.45005893707275,
  "kg_co2_emissions": null,
  "mteb_version": "1.14.20",
  "scores": {
    "test": [
      {
        "hf_subset": "default",
        "languages": [
          "eng-Latn"
        ],
        "main_score": 0.26399484114492267,
        "map": 0.26399484114492267,
        "mrr": 0.26725114754802654,
        "nAUC_map_diff1": 0.14934401197201694,
        "nAUC_map_max": -0.23720272504560833,
        "nAUC_map_std": -0.20083087297400298,
        "nAUC_mrr_diff1": 0.14286904302822523,
        "nAUC_mrr_max": -0.17609239340196933,
        "nAUC_mrr_std": -0.17990629002064634
      }
    ]
  },
  "task_name": "MindSmallReranking"
}