{
  "dataset_revision": "d3c5e1fc0b855ab6097bf1cda04dd73947d7caab",
  "evaluation_time": 118.46472716331482,
  "kg_co2_emissions": null,
  "mteb_version": "1.14.20",
  "scores": {
    "test": [
      {
        "hf_subset": "default",
        "languages": [
          "eng-Latn"
        ],
        "main_score": 0.3535753749139004,
        "map": 0.3535753749139004,
        "mrr": 0.5405023262866401,
        "nAUC_map_diff1": 0.17507349695094435,
        "nAUC_map_max": 0.2952073595170296,
        "nAUC_map_std": 0.13265338735820364,
        "nAUC_mrr_diff1": 0.23342607324444684,
        "nAUC_mrr_max": 0.3041970436392097,
        "nAUC_mrr_std": 0.12917783823410248
      }
    ]
  },
  "task_name": "SciDocsRR"
}