{
  "dataset_revision": "20a6d6f312dd54037fe07a32d58e5e168867909d",
  "evaluation_time": 16.08926558494568,
  "kg_co2_emissions": null,
  "mteb_version": "1.14.20",
  "scores": {
    "test": [
      {
        "cosine_pearson": 0.2959330064389057,
        "cosine_spearman": 0.30927980406703315,
        "euclidean_pearson": 0.3190746208715442,
        "euclidean_spearman": 0.3093477553029191,
        "hf_subset": "default",
        "languages": [
          "eng-Latn"
        ],
        "main_score": 0.30927980406703315,
        "manhattan_pearson": 0.318610282011708,
        "manhattan_spearman": 0.3091914710749572,
        "pearson": 0.2959330064389057,
        "spearman": 0.30927980406703315
      }
    ]
  },
  "task_name": "SICK-R"
}