{
  "dataset_revision": "7e90230a92c190f1bf69ae9002b8cea547a64cca",
  "evaluation_time": 9.04968810081482,
  "kg_co2_emissions": null,
  "mteb_version": "1.14.20",
  "scores": {
    "test": [
      {
        "cosine_pearson": 0.1986860900067976,
        "cosine_spearman": 0.18578913828902344,
        "euclidean_pearson": 0.21675721494810435,
        "euclidean_spearman": 0.20893641449299133,
        "hf_subset": "default",
        "languages": [
          "eng-Latn"
        ],
        "main_score": 0.18578913828902344,
        "manhattan_pearson": 0.21630112722507233,
        "manhattan_spearman": 0.20850283272489345,
        "pearson": 0.1986860900067976,
        "spearman": 0.18578913828902344
      }
    ]
  },
  "task_name": "STS13"
}