{
  "dataset_revision": "6031580fec1f6af667f0bd2da0a551cf4f0b2375",
  "evaluation_time": 14.567874908447266,
  "kg_co2_emissions": null,
  "mteb_version": "1.14.20",
  "scores": {
    "test": [
      {
        "cosine_pearson": 0.16053787549719165,
        "cosine_spearman": 0.16605986207151185,
        "euclidean_pearson": 0.18127655321643785,
        "euclidean_spearman": 0.17925509055788424,
        "hf_subset": "default",
        "languages": [
          "eng-Latn"
        ],
        "main_score": 0.16605986207151185,
        "manhattan_pearson": 0.18172365671276675,
        "manhattan_spearman": 0.17977316426476292,
        "pearson": 0.16053787549719165,
        "spearman": 0.16605986207151185
      }
    ]
  },
  "task_name": "STS14"
}