{
  "dataset_revision": "d3fb88f8f02e40887cd149695127462bbcf29b4a",
  "evaluation_time": 1.9836418628692627,
  "kg_co2_emissions": null,
  "mteb_version": "1.14.20",
  "scores": {
    "test": [
      {
        "cosine_pearson": 0.046754129420755124,
        "cosine_spearman": 0.06114597156569517,
        "euclidean_pearson": 0.05277075900619184,
        "euclidean_spearman": 0.0756523261992118,
        "hf_subset": "default",
        "languages": [
          "eng-Latn"
        ],
        "main_score": 0.06114597156569517,
        "manhattan_pearson": 0.046708934138982215,
        "manhattan_spearman": 0.07393541960845092,
        "pearson": 0.046754129420755124,
        "spearman": 0.06114597156569517
      }
    ]
  },
  "task_name": "BIOSSES"
}