{
  "dataset_revision": "e185fbe320c72810689fc5848eb6114e1ef5ec69",
  "evaluation_time": 67.03005123138428,
  "kg_co2_emissions": null,
  "mteb_version": "1.14.20",
  "scores": {
    "test": [
      {
        "hf_subset": "default",
        "languages": [
          "eng-Latn"
        ],
        "main_score": 0.2487382801945746,
        "map": 0.2487382801945746,
        "mrr": 0.2337168958492488,
        "nAUC_map_diff1": 0.16814935466648784,
        "nAUC_map_max": 0.20466511965736614,
        "nAUC_map_std": 0.08286266856169924,
        "nAUC_mrr_diff1": 0.16409188659819063,
        "nAUC_mrr_max": 0.20598397652621822,
        "nAUC_mrr_std": 0.08926005142588678
      }
    ]
  },
  "task_name": "StackOverflowDupQuestions"
}