{
  "dataset_revision": "4d8694f8f0e0100860b497b999b3dbed754a0513",
  "evaluation_time": 8.65919303894043,
  "kg_co2_emissions": null,
  "mteb_version": "1.14.20",
  "scores": {
    "test": [
      {
        "cosine_pearson": 0.25214061825625944,
        "cosine_spearman": 0.2846383946752269,
        "euclidean_pearson": 0.2616767616303062,
        "euclidean_spearman": 0.26257486293724325,
        "hf_subset": "default",
        "languages": [
          "eng-Latn"
        ],
        "main_score": 0.2846383946752269,
        "manhattan_pearson": 0.2615767857121025,
        "manhattan_spearman": 0.2623835880125185,
        "pearson": 0.25214061825625944,
        "spearman": 0.2846383946752269
      }
    ]
  },
  "task_name": "STS16"
}