{
  "dataset_revision": "7e90230a92c190f1bf69ae9002b8cea547a64cca",
  "evaluation_time": 7.451411008834839,
  "kg_co2_emissions": null,
  "mteb_version": "1.14.20",
  "scores": {
    "test": [
      {
        "cosine_pearson": 0.1775039177526374,
        "cosine_spearman": 0.17888620382988907,
        "euclidean_pearson": 0.19598473532723928,
        "euclidean_spearman": 0.19202764552245832,
        "hf_subset": "default",
        "languages": [
          "eng-Latn"
        ],
        "main_score": 0.17888620382988907,
        "manhattan_pearson": 0.19595278111258133,
        "manhattan_spearman": 0.19185050119954516,
        "pearson": 0.1775039177526374,
        "spearman": 0.17888620382988907
      }
    ]
  },
  "task_name": "STS13"
}