{
  "dataset_revision": "6031580fec1f6af667f0bd2da0a551cf4f0b2375",
  "evaluation_time": 12.549340724945068,
  "kg_co2_emissions": null,
  "mteb_version": "1.14.20",
  "scores": {
    "test": [
      {
        "cosine_pearson": 0.12638084050177673,
        "cosine_spearman": 0.14400914979138013,
        "euclidean_pearson": 0.15148836619959133,
        "euclidean_spearman": 0.1550819670294697,
        "hf_subset": "default",
        "languages": [
          "eng-Latn"
        ],
        "main_score": 0.14400914979138013,
        "manhattan_pearson": 0.15136949820201562,
        "manhattan_spearman": 0.15467225692008346,
        "pearson": 0.12638084050177673,
        "spearman": 0.14400914979138013
      }
    ]
  },
  "task_name": "STS14"
}