{
  "dataset_revision": "d3c5e1fc0b855ab6097bf1cda04dd73947d7caab",
  "evaluation_time": 40.558305740356445,
  "kg_co2_emissions": null,
  "mteb_version": "1.14.20",
  "scores": {
    "test": [
      {
        "hf_subset": "default",
        "languages": [
          "eng-Latn"
        ],
        "main_score": 0.36632685025140904,
        "map": 0.36632685025140904,
        "mrr": 0.5726644361448283,
        "nAUC_map_diff1": 0.18624782506214316,
        "nAUC_map_max": 0.3793820156187879,
        "nAUC_map_std": 0.2569134591844103,
        "nAUC_mrr_diff1": 0.27217372837254045,
        "nAUC_mrr_max": 0.38997805634198784,
        "nAUC_mrr_std": 0.21925490083489968
      }
    ]
  },
  "task_name": "SciDocsRR"
}