{
  "dataset_revision": "7e90230a92c190f1bf69ae9002b8cea547a64cca",
  "evaluation_time": 3.4751434326171875,
  "kg_co2_emissions": null,
  "mteb_version": "1.14.20",
  "scores": {
    "test": [
      {
        "cosine_pearson": 0.23646868503322419,
        "cosine_spearman": 0.22653919758388727,
        "euclidean_pearson": 0.25392473910815244,
        "euclidean_spearman": 0.24894402091698845,
        "hf_subset": "default",
        "languages": [
          "eng-Latn"
        ],
        "main_score": 0.22653919758388727,
        "manhattan_pearson": 0.25401737834485055,
        "manhattan_spearman": 0.24885648707547903,
        "pearson": 0.23646868503322419,
        "spearman": 0.22653919758388727
      }
    ]
  },
  "task_name": "STS13"
}