{
  "dataset_revision": "6031580fec1f6af667f0bd2da0a551cf4f0b2375",
  "evaluation_time": 6.923924207687378,
  "kg_co2_emissions": null,
  "mteb_version": "1.14.20",
  "scores": {
    "test": [
      {
        "cosine_pearson": 0.19876103674201084,
        "cosine_spearman": 0.197778170340764,
        "euclidean_pearson": 0.22237838967235735,
        "euclidean_spearman": 0.2159012748186179,
        "hf_subset": "default",
        "languages": [
          "eng-Latn"
        ],
        "main_score": 0.197778170340764,
        "manhattan_pearson": 0.22217159978391315,
        "manhattan_spearman": 0.21573931700107063,
        "pearson": 0.19876103674201084,
        "spearman": 0.197778170340764
      }
    ]
  },
  "task_name": "STS14"
}