{
  "dataset_revision": "d3c5e1fc0b855ab6097bf1cda04dd73947d7caab",
  "evaluation_time": 54.98815989494324,
  "kg_co2_emissions": null,
  "mteb_version": "1.14.20",
  "scores": {
    "test": [
      {
        "hf_subset": "default",
        "languages": [
          "eng-Latn"
        ],
        "main_score": 0.3347202367041652,
        "map": 0.3347202367041652,
        "mrr": 0.530420587038234,
        "nAUC_map_diff1": 0.20540014714191943,
        "nAUC_map_max": 0.33645238102265645,
        "nAUC_map_std": 0.24235353647225344,
        "nAUC_mrr_diff1": 0.29775342322189907,
        "nAUC_mrr_max": 0.35936910963188234,
        "nAUC_mrr_std": 0.22776827389434995
      }
    ]
  },
  "task_name": "SciDocsRR"
}