{
  "dataset_revision": "e185fbe320c72810689fc5848eb6114e1ef5ec69",
  "evaluation_time": 37.95537543296814,
  "kg_co2_emissions": null,
  "mteb_version": "1.14.20",
  "scores": {
    "test": [
      {
        "hf_subset": "default",
        "languages": [
          "eng-Latn"
        ],
        "main_score": 0.25642317742790977,
        "map": 0.25642317742790977,
        "mrr": 0.24300263666072489,
        "nAUC_map_diff1": 0.1791053407457619,
        "nAUC_map_max": 0.2241329829288982,
        "nAUC_map_std": 0.044497012127173725,
        "nAUC_mrr_diff1": 0.1663450751831641,
        "nAUC_mrr_max": 0.22531471788321214,
        "nAUC_mrr_std": 0.0494228535167156
      }
    ]
  },
  "task_name": "StackOverflowDupQuestions"
}