{
  "dataset_revision": "ae752c7c21bf194d8b67fd573edf7ae58183cbe3",
  "evaluation_time": 9.553294658660889,
  "kg_co2_emissions": null,
  "mteb_version": "1.14.20",
  "scores": {
    "test": [
      {
        "cosine_pearson": 0.33993220227150556,
        "cosine_spearman": 0.3665617933335953,
        "euclidean_pearson": 0.33123869288719354,
        "euclidean_spearman": 0.314041850122237,
        "hf_subset": "default",
        "languages": [
          "eng-Latn"
        ],
        "main_score": 0.3665617933335953,
        "manhattan_pearson": 0.3320051361341235,
        "manhattan_spearman": 0.31531012569123357,
        "pearson": 0.33993220227150556,
        "spearman": 0.3665617933335953
      }
    ]
  },
  "task_name": "STS15"
}