{
  "dataset_revision": "7e90230a92c190f1bf69ae9002b8cea547a64cca",
  "evaluation_time": 4.549426078796387,
  "kg_co2_emissions": null,
  "mteb_version": "1.14.20",
  "scores": {
    "test": [
      {
        "cosine_pearson": 0.20321448445286872,
        "cosine_spearman": 0.23118938864979274,
        "euclidean_pearson": 0.2204124278253271,
        "euclidean_spearman": 0.22662663177515324,
        "hf_subset": "default",
        "languages": [
          "eng-Latn"
        ],
        "main_score": 0.23118938864979274,
        "manhattan_pearson": 0.2200096256973902,
        "manhattan_spearman": 0.22685487996964243,
        "pearson": 0.20321448445286872,
        "spearman": 0.23118938864979274
      }
    ]
  },
  "task_name": "STS13"
}