{
  "dataset_revision": "2000358ca161889fa9c082cb41daa8dcfb161a54",
  "evaluation_time": 6.986490726470947,
  "kg_co2_emissions": null,
  "mteb_version": "1.14.20",
  "scores": {
    "test": [
      {
        "hf_subset": "default",
        "languages": [
          "eng-Latn"
        ],
        "main_score": 0.44056914495363414,
        "map": 0.44056914495363414,
        "mrr": 0.5615716923888668,
        "nAUC_map_diff1": 0.14216836050199366,
        "nAUC_map_max": 0.19748653473551106,
        "nAUC_map_std": 0.10723887567062038,
        "nAUC_mrr_diff1": 0.13339333240192588,
        "nAUC_mrr_max": 0.2433709714280292,
        "nAUC_mrr_std": 0.14124592480151799
      }
    ]
  },
  "task_name": "AskUbuntuDupQuestions"
}