{
  "dataset_revision": "d3fb88f8f02e40887cd149695127462bbcf29b4a",
  "evaluation_time": 1.6298460960388184,
  "kg_co2_emissions": null,
  "mteb_version": "1.14.20",
  "scores": {
    "test": [
      {
        "cosine_pearson": 0.02947749298845788,
        "cosine_spearman": 0.07184501053127887,
        "euclidean_pearson": 0.023972347711706882,
        "euclidean_spearman": 0.05036259332898637,
        "hf_subset": "default",
        "languages": [
          "eng-Latn"
        ],
        "main_score": 0.07184501053127887,
        "manhattan_pearson": 0.032833695512164536,
        "manhattan_spearman": 0.06470026942025282,
        "pearson": 0.02947749298845788,
        "spearman": 0.07184501053127887
      }
    ]
  },
  "task_name": "BIOSSES"
}