{
  "dataset_revision": "59042f120c80e8afa9cdbb224f67076cec0fc9a7",
  "evaluation_time": 116.36574459075928,
  "kg_co2_emissions": null,
  "mteb_version": "1.14.20",
  "scores": {
    "test": [
      {
        "hf_subset": "default",
        "languages": [
          "eng-Latn"
        ],
        "main_score": 0.24936368942209325,
        "map": 0.24936368942209325,
        "mrr": 0.253850668614265,
        "nAUC_map_diff1": 0.15899924666926346,
        "nAUC_map_max": -0.1977045907615352,
        "nAUC_map_std": -0.08223998235005989,
        "nAUC_mrr_diff1": 0.1455416825732811,
        "nAUC_mrr_max": -0.1258143846720282,
        "nAUC_mrr_std": -0.04253420246331094
      }
    ]
  },
  "task_name": "MindSmallReranking"
}