{
  "dataset_revision": "e185fbe320c72810689fc5848eb6114e1ef5ec69",
  "evaluation_time": 41.21493196487427,
  "kg_co2_emissions": null,
  "mteb_version": "1.14.20",
  "scores": {
    "test": [
      {
        "hf_subset": "default",
        "languages": [
          "eng-Latn"
        ],
        "main_score": 0.2601656980193237,
        "map": 0.2601656980193237,
        "mrr": 0.24751320982938632,
        "nAUC_map_diff1": 0.18057682091983168,
        "nAUC_map_max": 0.22972146249334235,
        "nAUC_map_std": 0.06585086490576451,
        "nAUC_mrr_diff1": 0.17309270805820834,
        "nAUC_mrr_max": 0.22819990386555003,
        "nAUC_mrr_std": 0.06589756483063179
      }
    ]
  },
  "task_name": "StackOverflowDupQuestions"
}