{
  "dataset_revision": "ae752c7c21bf194d8b67fd573edf7ae58183cbe3",
  "evaluation_time": 8.834259986877441,
  "kg_co2_emissions": null,
  "mteb_version": "1.14.20",
  "scores": {
    "test": [
      {
        "cosine_pearson": 0.34414418761498117,
        "cosine_spearman": 0.3567369704401467,
        "euclidean_pearson": 0.3439672089488861,
        "euclidean_spearman": 0.32354412560898366,
        "hf_subset": "default",
        "languages": [
          "eng-Latn"
        ],
        "main_score": 0.3567369704401467,
        "manhattan_pearson": 0.34386431838868603,
        "manhattan_spearman": 0.3233494782855778,
        "pearson": 0.34414418761498117,
        "spearman": 0.3567369704401467
      }
    ]
  },
  "task_name": "STS15"
}