{
  "dataset_revision": "7e90230a92c190f1bf69ae9002b8cea547a64cca",
  "evaluation_time": 4.609496593475342,
  "kg_co2_emissions": null,
  "mteb_version": "1.14.20",
  "scores": {
    "test": [
      {
        "cosine_pearson": 0.21101596335205935,
        "cosine_spearman": 0.24312658206308058,
        "euclidean_pearson": 0.23126677977597315,
        "euclidean_spearman": 0.23683135410183354,
        "hf_subset": "default",
        "languages": [
          "eng-Latn"
        ],
        "main_score": 0.24312658206308058,
        "manhattan_pearson": 0.23046922222686186,
        "manhattan_spearman": 0.2364687784705849,
        "pearson": 0.21101596335205935,
        "spearman": 0.24312658206308058
      }
    ]
  },
  "task_name": "STS13"
}