{
  "dataset_revision": "d3fb88f8f02e40887cd149695127462bbcf29b4a",
  "evaluation_time": 1.9151828289031982,
  "kg_co2_emissions": null,
  "mteb_version": "1.14.20",
  "scores": {
    "test": [
      {
        "cosine_pearson": 0.0007629313709505684,
        "cosine_spearman": 0.024506582495492406,
        "euclidean_pearson": -0.009214652885334209,
        "euclidean_spearman": 0.0017470277590198619,
        "hf_subset": "default",
        "languages": [
          "eng-Latn"
        ],
        "main_score": 0.024506582495492406,
        "manhattan_pearson": -0.0023481256625110603,
        "manhattan_spearman": 0.0034940555180397238,
        "pearson": 0.0007629313709505684,
        "spearman": 0.024506582495492406
      }
    ]
  },
  "task_name": "BIOSSES"
}