{
  "dataset_revision": "7e90230a92c190f1bf69ae9002b8cea547a64cca",
  "evaluation_time": 6.49949049949646,
  "kg_co2_emissions": null,
  "mteb_version": "1.14.20",
  "scores": {
    "test": [
      {
        "cosine_pearson": 0.18031892334602465,
        "cosine_spearman": 0.2119114938641946,
        "euclidean_pearson": 0.2057843940413242,
        "euclidean_spearman": 0.21001711426510683,
        "hf_subset": "default",
        "languages": [
          "eng-Latn"
        ],
        "main_score": 0.2119114938641946,
        "manhattan_pearson": 0.20592722447642872,
        "manhattan_spearman": 0.2095926060075669,
        "pearson": 0.18031892334602465,
        "spearman": 0.2119114938641946
      }
    ]
  },
  "task_name": "STS13"
}