{
  "dataset_revision": "2000358ca161889fa9c082cb41daa8dcfb161a54",
  "evaluation_time": 10.715518951416016,
  "kg_co2_emissions": null,
  "mteb_version": "1.14.20",
  "scores": {
    "test": [
      {
        "hf_subset": "default",
        "languages": [
          "eng-Latn"
        ],
        "main_score": 0.41559048619727124,
        "map": 0.41559048619727124,
        "mrr": 0.5262586290287121,
        "nAUC_map_diff1": 0.07905531239892534,
        "nAUC_map_max": 0.2365750775145266,
        "nAUC_map_std": 0.05699153747143436,
        "nAUC_mrr_diff1": 0.099507113315794,
        "nAUC_mrr_max": 0.2791158035747686,
        "nAUC_mrr_std": 0.05537464796447882
      }
    ]
  },
  "task_name": "AskUbuntuDupQuestions"
}