{
  "dataset_revision": "d3fb88f8f02e40887cd149695127462bbcf29b4a",
  "evaluation_time": 2.3128769397735596,
  "kg_co2_emissions": null,
  "mteb_version": "1.14.20",
  "scores": {
    "test": [
      {
        "cosine_pearson": 0.027634994742236445,
        "cosine_spearman": 0.013542477249229825,
        "euclidean_pearson": 0.00911094808334719,
        "euclidean_spearman": -0.004120575817826157,
        "hf_subset": "default",
        "languages": [
          "eng-Latn"
        ],
        "main_score": 0.013542477249229825,
        "manhattan_pearson": 0.011708882135434995,
        "manhattan_spearman": 0.0039097276400134155,
        "pearson": 0.027634994742236445,
        "spearman": 0.013542477249229825
      }
    ]
  },
  "task_name": "BIOSSES"
}