{
  "dataset_revision": "2000358ca161889fa9c082cb41daa8dcfb161a54",
  "evaluation_time": 8.466463088989258,
  "kg_co2_emissions": null,
  "mteb_version": "1.14.20",
  "scores": {
    "test": [
      {
        "hf_subset": "default",
        "languages": [
          "eng-Latn"
        ],
        "main_score": 0.4351100435025016,
        "map": 0.4351100435025016,
        "mrr": 0.5571846282372599,
        "nAUC_map_diff1": 0.11811816115128898,
        "nAUC_map_max": 0.19144076072534835,
        "nAUC_map_std": 0.08442926893930534,
        "nAUC_mrr_diff1": 0.136466380642757,
        "nAUC_mrr_max": 0.23016367754273065,
        "nAUC_mrr_std": 0.090597771568307
      }
    ]
  },
  "task_name": "AskUbuntuDupQuestions"
}