{
  "dataset_revision": "e185fbe320c72810689fc5848eb6114e1ef5ec69",
  "evaluation_time": 64.5193281173706,
  "kg_co2_emissions": null,
  "mteb_version": "1.14.20",
  "scores": {
    "test": [
      {
        "hf_subset": "default",
        "languages": [
          "eng-Latn"
        ],
        "main_score": 0.24605189294653332,
        "map": 0.24605189294653332,
        "mrr": 0.2318659281894576,
        "nAUC_map_diff1": 0.14809956568280425,
        "nAUC_map_max": 0.2124954377484963,
        "nAUC_map_std": 0.05190094743968232,
        "nAUC_mrr_diff1": 0.13711187462203162,
        "nAUC_mrr_max": 0.21681888074317415,
        "nAUC_mrr_std": 0.05862051762940575
      }
    ]
  },
  "task_name": "StackOverflowDupQuestions"
}