{
  "dataset_revision": "6031580fec1f6af667f0bd2da0a551cf4f0b2375",
  "evaluation_time": 12.020263433456421,
  "kg_co2_emissions": null,
  "mteb_version": "1.14.20",
  "scores": {
    "test": [
      {
        "cosine_pearson": 0.11286429778652764,
        "cosine_spearman": 0.1461982570430267,
        "euclidean_pearson": 0.1354601203988994,
        "euclidean_spearman": 0.14820027156169996,
        "hf_subset": "default",
        "languages": [
          "eng-Latn"
        ],
        "main_score": 0.1461982570430267,
        "manhattan_pearson": 0.13473133768205825,
        "manhattan_spearman": 0.14747793951615473,
        "pearson": 0.11286429778652764,
        "spearman": 0.1461982570430267
      }
    ]
  },
  "task_name": "STS14"
}