{
  "dataset_revision": "a0d554a64d88156834ff5ae9920b964011b16384",
  "evaluation_time": 11.478366613388062,
  "kg_co2_emissions": null,
  "mteb_version": "1.14.20",
  "scores": {
    "test": [
      {
        "cosine_pearson": 0.0293497320304347,
        "cosine_spearman": 0.12961553768962344,
        "euclidean_pearson": 0.09446315342498518,
        "euclidean_spearman": 0.14824513743167517,
        "hf_subset": "default",
        "languages": [
          "eng-Latn"
        ],
        "main_score": 0.12961553768962344,
        "manhattan_pearson": 0.09459752200706265,
        "manhattan_spearman": 0.14866427153593728,
        "pearson": 0.0293497320304347,
        "spearman": 0.12961553768962344
      }
    ]
  },
  "task_name": "STS12"
}