{
  "dataset_revision": "2000358ca161889fa9c082cb41daa8dcfb161a54",
  "evaluation_time": 9.595388650894165,
  "kg_co2_emissions": null,
  "mteb_version": "1.14.19",
  "scores": {
    "test": [
      {
        "hf_subset": "default",
        "languages": [
          "eng-Latn"
        ],
        "main_score": 0.4838806621014783,
        "map": 0.4838806621014783,
        "mrr": 0.6196587961130897,
        "nAUC_map_diff1": 0.09076361081609717,
        "nAUC_map_max": 0.20549706171987656,
        "nAUC_map_std": 0.04288222271698001,
        "nAUC_mrr_diff1": 0.16414349837595657,
        "nAUC_mrr_max": 0.25717587508289114,
        "nAUC_mrr_std": 0.025720562184678115
      }
    ]
  },
  "task_name": "AskUbuntuDupQuestions"
}