{
  "dataset_revision": "59042f120c80e8afa9cdbb224f67076cec0fc9a7",
  "evaluation_time": 205.92479610443115,
  "kg_co2_emissions": null,
  "mteb_version": "1.14.19",
  "scores": {
    "test": [
      {
        "hf_subset": "default",
        "languages": [
          "eng-Latn"
        ],
        "main_score": 0.2846439220389453,
        "map": 0.2846439220389453,
        "mrr": 0.29137922026254093,
        "nAUC_map_diff1": 0.24813569546582606,
        "nAUC_map_max": -0.23619253129362536,
        "nAUC_map_std": -0.030751801799127794,
        "nAUC_mrr_diff1": 0.22080269081714018,
        "nAUC_mrr_max": -0.17708301295206777,
        "nAUC_mrr_std": -0.022641234829231582
      }
    ]
  },
  "task_name": "MindSmallReranking"
}