{
  "dataset_revision": "20a6d6f312dd54037fe07a32d58e5e168867909d",
  "evaluation_time": 18.169023036956787,
  "kg_co2_emissions": null,
  "mteb_version": "1.14.19",
  "scores": {
    "test": [
      {
        "cosine_pearson": 0.6160873129481207,
        "cosine_spearman": 0.5667557884952577,
        "euclidean_pearson": 0.5785208214162817,
        "euclidean_spearman": 0.5582364195694928,
        "hf_subset": "default",
        "languages": [
          "eng-Latn"
        ],
        "main_score": 0.5667557884952577,
        "manhattan_pearson": 0.5747233151987375,
        "manhattan_spearman": 0.5570849919141478,
        "pearson": 0.6160873129481207,
        "spearman": 0.5667557884952577
      }
    ]
  },
  "task_name": "SICK-R"
}