{
  "dataset_revision": "d66bd1f72af766a5cc4b0ca5e00c162f89e8cc46",
  "evaluation_time": 30.173977851867676,
  "kg_co2_emissions": null,
  "mteb_version": "1.14.19",
  "scores": {
    "test": [
      {
        "cosine_accuracy": 0.9926039603960396,
        "cosine_accuracy_threshold": 0.9349570870399475,
        "cosine_ap": 0.509107323906956,
        "cosine_f1": 0.5241228070175438,
        "cosine_f1_threshold": 0.9268040657043457,
        "cosine_precision": 0.5800970873786407,
        "cosine_recall": 0.478,
        "dot_accuracy": 0.9901188118811881,
        "dot_accuracy_threshold": 2730.263671875,
        "dot_ap": 0.07156931213976396,
        "dot_f1": 0.1387642388677943,
        "dot_f1_threshold": 2309.411865234375,
        "dot_precision": 0.10595677385345283,
        "dot_recall": 0.201,
        "euclidean_accuracy": 0.9921287128712871,
        "euclidean_accuracy_threshold": 16.522117614746094,
        "euclidean_ap": 0.45668335154119943,
        "euclidean_f1": 0.4742014742014741,
        "euclidean_f1_threshold": 17.77925682067871,
        "euclidean_precision": 0.6146496815286624,
        "euclidean_recall": 0.386,
        "hf_subset": "default",
        "languages": [
          "eng-Latn"
        ],
        "main_score": 0.5175077218254109,
        "manhattan_accuracy": 0.9925049504950495,
        "manhattan_accuracy_threshold": 511.2205810546875,
        "manhattan_ap": 0.5175077218254109,
        "manhattan_f1": 0.5220159151193634,
        "manhattan_f1_threshold": 565.3792114257812,
        "manhattan_precision": 0.5559322033898305,
        "manhattan_recall": 0.492,
        "max_accuracy": 0.9926039603960396,
        "max_ap": 0.5175077218254109,
        "max_f1": 0.5241228070175438,
        "max_precision": 0.6146496815286624,
        "max_recall": 0.492,
        "similarity_accuracy": 0.9926039603960396,
        "similarity_accuracy_threshold": 0.9349570870399475,
        "similarity_ap": 0.509107323906956,
        "similarity_f1": 0.5241228070175438,
        "similarity_f1_threshold": 0.9268040657043457,
        "similarity_precision": 0.5800970873786407,
        "similarity_recall": 0.478
      }
    ],
    "validation": [
      {
        "cosine_accuracy": 0.9915940594059406,
        "cosine_accuracy_threshold": 0.934739887714386,
        "cosine_ap": 0.38661275669864636,
        "cosine_f1": 0.4314582195521573,
        "cosine_f1_threshold": 0.9231986403465271,
        "cosine_precision": 0.4753309265944645,
        "cosine_recall": 0.395,
        "dot_accuracy": 0.9901287128712871,
        "dot_accuracy_threshold": 2900.233154296875,
        "dot_ap": 0.04806140301438751,
        "dot_f1": 0.1112158341187559,
        "dot_f1_threshold": 2300.93017578125,
        "dot_precision": 0.08108108108108109,
        "dot_recall": 0.177,
        "euclidean_accuracy": 0.9913564356435643,
        "euclidean_accuracy_threshold": 16.793781280517578,
        "euclidean_ap": 0.33503274746789447,
        "euclidean_f1": 0.3882149046793761,
        "euclidean_f1_threshold": 18.539600372314453,
        "euclidean_precision": 0.45964432284541723,
        "euclidean_recall": 0.336,
        "hf_subset": "default",
        "languages": [
          "eng-Latn"
        ],
        "main_score": 0.4146855606741457,
        "manhattan_accuracy": 0.9918019801980198,
        "manhattan_accuracy_threshold": 539.6585693359375,
        "manhattan_ap": 0.4146855606741457,
        "manhattan_f1": 0.4555680539932509,
        "manhattan_f1_threshold": 570.2623901367188,
        "manhattan_precision": 0.5205655526992288,
        "manhattan_recall": 0.405,
        "max_accuracy": 0.9918019801980198,
        "max_ap": 0.4146855606741457,
        "max_f1": 0.4555680539932509,
        "max_precision": 0.5205655526992288,
        "max_recall": 0.405,
        "similarity_accuracy": 0.9915940594059406,
        "similarity_accuracy_threshold": 0.934739887714386,
        "similarity_ap": 0.38661275669864636,
        "similarity_f1": 0.4314582195521573,
        "similarity_f1_threshold": 0.9231986403465271,
        "similarity_precision": 0.4753309265944645,
        "similarity_recall": 0.395
      }
    ]
  },
  "task_name": "SprintDuplicateQuestions"
}