{
  "dataset_revision": "e185fbe320c72810689fc5848eb6114e1ef5ec69",
  "evaluation_time": 49.01357626914978,
  "kg_co2_emissions": null,
  "mteb_version": "1.14.19",
  "scores": {
    "test": [
      {
        "hf_subset": "default",
        "languages": [
          "eng-Latn"
        ],
        "main_score": 0.3923876860729682,
        "map": 0.3923876860729682,
        "mrr": 0.39475850946439184,
        "nAUC_map_diff1": 0.3098769649851321,
        "nAUC_map_max": 0.21917852929527248,
        "nAUC_map_std": 0.08044473820254909,
        "nAUC_mrr_diff1": 0.3047661654329303,
        "nAUC_mrr_max": 0.22706787319999414,
        "nAUC_mrr_std": 0.08950242498263455
      }
    ]
  },
  "task_name": "StackOverflowDupQuestions"
}