{
  "dataset_revision": "7e90230a92c190f1bf69ae9002b8cea547a64cca",
  "evaluation_time": 6.033957004547119,
  "kg_co2_emissions": null,
  "mteb_version": "1.14.19",
  "scores": {
    "test": [
      {
        "cosine_pearson": 0.5366735038419237,
        "cosine_spearman": 0.5500282486807522,
        "euclidean_pearson": 0.5598844746094187,
        "euclidean_spearman": 0.558836268353866,
        "hf_subset": "default",
        "languages": [
          "eng-Latn"
        ],
        "main_score": 0.5500282486807522,
        "manhattan_pearson": 0.5557753647579491,
        "manhattan_spearman": 0.5549106354906594,
        "pearson": 0.5366735038419237,
        "spearman": 0.5500282486807522
      }
    ]
  },
  "task_name": "STS13"
}