{
  "dataset_revision": "6031580fec1f6af667f0bd2da0a551cf4f0b2375",
  "evaluation_time": 14.849852323532104,
  "kg_co2_emissions": null,
  "mteb_version": "1.14.19",
  "scores": {
    "test": [
      {
        "cosine_pearson": 0.5165732897124913,
        "cosine_spearman": 0.4779264639875107,
        "euclidean_pearson": 0.5056926001482848,
        "euclidean_spearman": 0.4808692183967414,
        "hf_subset": "default",
        "languages": [
          "eng-Latn"
        ],
        "main_score": 0.4779264639875107,
        "manhattan_pearson": 0.5163786333261967,
        "manhattan_spearman": 0.492604945454384,
        "pearson": 0.5165732897124913,
        "spearman": 0.4779264639875107
      }
    ]
  },
  "task_name": "STS14"
}