{
  "dataset_revision": "b0fddb56ed78048fa8b90373c8a3cfc37b684831",
  "evaluation_time": 5.568163633346558,
  "kg_co2_emissions": null,
  "mteb_version": "1.14.19",
  "scores": {
    "test": [
      {
        "cosine_pearson": 0.5437083544682596,
        "cosine_spearman": 0.5159137674613369,
        "euclidean_pearson": 0.5232079206927706,
        "euclidean_spearman": 0.5100614367013879,
        "hf_subset": "default",
        "languages": [
          "eng-Latn"
        ],
        "main_score": 0.5159137674613369,
        "manhattan_pearson": 0.5279062526509912,
        "manhattan_spearman": 0.5153118275517561,
        "pearson": 0.5437083544682596,
        "spearman": 0.5159137674613369
      }
    ]
  },
  "task_name": "STSBenchmark"
}