{
  "dataset_revision": "2000358ca161889fa9c082cb41daa8dcfb161a54",
  "evaluation_time": 10.696545839309692,
  "kg_co2_emissions": null,
  "mteb_version": "1.14.19",
  "scores": {
    "test": [
      {
        "hf_subset": "default",
        "languages": [
          "eng-Latn"
        ],
        "main_score": 0.46745243084575633,
        "map": 0.46745243084575633,
        "mrr": 0.593609022556391,
        "nAUC_map_diff1": 0.13837662597041622,
        "nAUC_map_max": 0.134976538740052,
        "nAUC_map_std": -0.04271049148767931,
        "nAUC_mrr_diff1": 0.21967099164028348,
        "nAUC_mrr_max": 0.21052067119819837,
        "nAUC_mrr_std": -0.009856361212580276
      }
    ]
  },
  "task_name": "AskUbuntuDupQuestions"
}