{
  "dataset_revision": "59042f120c80e8afa9cdbb224f67076cec0fc9a7",
  "evaluation_time": 123.2403039932251,
  "kg_co2_emissions": null,
  "mteb_version": "1.14.19",
  "scores": {
    "test": [
      {
        "hf_subset": "default",
        "languages": [
          "eng-Latn"
        ],
        "main_score": 0.28922134393138144,
        "map": 0.28922134393138144,
        "mrr": 0.29830913715397345,
        "nAUC_map_diff1": 0.21766463910118974,
        "nAUC_map_max": -0.19474784774805826,
        "nAUC_map_std": 0.10953148029083068,
        "nAUC_mrr_diff1": 0.19047141895458164,
        "nAUC_mrr_max": -0.13853304965997823,
        "nAUC_mrr_std": 0.09259957340263585
      }
    ]
  },
  "task_name": "MindSmallReranking"
}