{
  "dataset_revision": "d3c5e1fc0b855ab6097bf1cda04dd73947d7caab",
  "evaluation_time": 93.18631219863892,
  "kg_co2_emissions": null,
  "mteb_version": "1.14.19",
  "scores": {
    "test": [
      {
        "hf_subset": "default",
        "languages": [
          "eng-Latn"
        ],
        "main_score": 0.6351150576972149,
        "map": 0.6351150576972149,
        "mrr": 0.8535559665461626,
        "nAUC_map_diff1": 0.1141433471747911,
        "nAUC_map_max": 0.4316999485590468,
        "nAUC_map_std": 0.2908852500425244,
        "nAUC_mrr_diff1": 0.352796768662082,
        "nAUC_mrr_max": 0.557230679810726,
        "nAUC_mrr_std": 0.2617644467968054
      }
    ]
  },
  "task_name": "SciDocsRR"
}