{
  "dataset_revision": "20a6d6f312dd54037fe07a32d58e5e168867909d",
  "evaluation_time": 19.51652717590332,
  "kg_co2_emissions": null,
  "mteb_version": "1.14.19",
  "scores": {
    "test": [
      {
        "cosine_pearson": 0.5817093206132667,
        "cosine_spearman": 0.5365035479875384,
        "euclidean_pearson": 0.5542911136548512,
        "euclidean_spearman": 0.5391239962249615,
        "hf_subset": "default",
        "languages": [
          "eng-Latn"
        ],
        "main_score": 0.5365035479875384,
        "manhattan_pearson": 0.5457866033238791,
        "manhattan_spearman": 0.5333709751973964,
        "pearson": 0.5817093206132667,
        "spearman": 0.5365035479875384
      }
    ]
  },
  "task_name": "SICK-R"
}