{
  "dataset_revision": "d66bd1f72af766a5cc4b0ca5e00c162f89e8cc46",
  "evaluation_time": 31.97445249557495,
  "kg_co2_emissions": null,
  "mteb_version": "1.14.19",
  "scores": {
    "test": [
      {
        "cosine_accuracy": 0.9905346534653465,
        "cosine_accuracy_threshold": 0.9556324481964111,
        "cosine_ap": 0.2005692684010351,
        "cosine_f1": 0.2717201166180758,
        "cosine_f1_threshold": 0.9260082840919495,
        "cosine_precision": 0.3258741258741259,
        "cosine_recall": 0.233,
        "dot_accuracy": 0.9901089108910891,
        "dot_accuracy_threshold": 4327.6796875,
        "dot_ap": 0.018969270407687006,
        "dot_f1": 0.047068538398018174,
        "dot_f1_threshold": 3223.62109375,
        "dot_precision": 0.04008438818565401,
        "dot_recall": 0.057,
        "euclidean_accuracy": 0.991039603960396,
        "euclidean_accuracy_threshold": 18.889205932617188,
        "euclidean_ap": 0.2521515659343107,
        "euclidean_f1": 0.31,
        "euclidean_f1_threshold": 21.094974517822266,
        "euclidean_precision": 0.41333333333333333,
        "euclidean_recall": 0.248,
        "hf_subset": "default",
        "languages": [
          "eng-Latn"
        ],
        "main_score": 0.4115573197540903,
        "manhattan_accuracy": 0.9917920792079208,
        "manhattan_accuracy_threshold": 572.9412231445312,
        "manhattan_ap": 0.4115573197540903,
        "manhattan_f1": 0.4369426751592356,
        "manhattan_f1_threshold": 604.1272583007812,
        "manhattan_precision": 0.6017543859649123,
        "manhattan_recall": 0.343,
        "max_accuracy": 0.9917920792079208,
        "max_ap": 0.4115573197540903,
        "max_f1": 0.4369426751592356,
        "max_precision": 0.6017543859649123,
        "max_recall": 0.343,
        "similarity_accuracy": 0.9905346534653465,
        "similarity_accuracy_threshold": 0.9556324481964111,
        "similarity_ap": 0.2005692684010351,
        "similarity_f1": 0.2717201166180758,
        "similarity_f1_threshold": 0.9260082840919495,
        "similarity_precision": 0.3258741258741259,
        "similarity_recall": 0.233
      }
    ],
    "validation": [
      {
        "cosine_accuracy": 0.9905544554455445,
        "cosine_accuracy_threshold": 0.9481143951416016,
        "cosine_ap": 0.13611670925055694,
        "cosine_f1": 0.20806545879602573,
        "cosine_f1_threshold": 0.9252212047576904,
        "cosine_precision": 0.25035161744022505,
        "cosine_recall": 0.178,
        "dot_accuracy": 0.9900990099009901,
        "dot_accuracy_threshold": 4152.9306640625,
        "dot_ap": 0.01902966695584847,
        "dot_f1": 0.0495012929442187,
        "dot_f1_threshold": 3247.462890625,
        "dot_precision": 0.03925014645577036,
        "dot_recall": 0.067,
        "euclidean_accuracy": 0.9906039603960396,
        "euclidean_accuracy_threshold": 18.32616424560547,
        "euclidean_ap": 0.16215928101818425,
        "euclidean_f1": 0.23167539267015705,
        "euclidean_f1_threshold": 21.33053207397461,
        "euclidean_precision": 0.3352272727272727,
        "euclidean_recall": 0.177,
        "hf_subset": "default",
        "languages": [
          "eng-Latn"
        ],
        "main_score": 0.3120132524490701,
        "manhattan_accuracy": 0.9911485148514851,
        "manhattan_accuracy_threshold": 570.6609497070312,
        "manhattan_ap": 0.3120132524490701,
        "manhattan_f1": 0.37157246782316733,
        "manhattan_f1_threshold": 637.8914794921875,
        "manhattan_precision": 0.4218551461245235,
        "manhattan_recall": 0.332,
        "max_accuracy": 0.9911485148514851,
        "max_ap": 0.3120132524490701,
        "max_f1": 0.37157246782316733,
        "max_precision": 0.4218551461245235,
        "max_recall": 0.332,
        "similarity_accuracy": 0.9905544554455445,
        "similarity_accuracy_threshold": 0.9481143951416016,
        "similarity_ap": 0.13611670925055694,
        "similarity_f1": 0.20806545879602573,
        "similarity_f1_threshold": 0.9252212047576904,
        "similarity_precision": 0.25035161744022505,
        "similarity_recall": 0.178
      }
    ]
  },
  "task_name": "SprintDuplicateQuestions"
}