{
  "dataset_revision": "e185fbe320c72810689fc5848eb6114e1ef5ec69",
  "evaluation_time": 59.30291247367859,
  "kg_co2_emissions": null,
  "mteb_version": "1.14.19",
  "scores": {
    "test": [
      {
        "hf_subset": "default",
        "languages": [
          "eng-Latn"
        ],
        "main_score": 0.3716186300473505,
        "map": 0.3716186300473505,
        "mrr": 0.3713042982344453,
        "nAUC_map_diff1": 0.29309715373978934,
        "nAUC_map_max": 0.21632347375700053,
        "nAUC_map_std": 0.05456061506414182,
        "nAUC_mrr_diff1": 0.28902523650759554,
        "nAUC_mrr_max": 0.22035696512751446,
        "nAUC_mrr_std": 0.057231104502970996
      }
    ]
  },
  "task_name": "StackOverflowDupQuestions"
}