{
  "dataset_revision": "a0d554a64d88156834ff5ae9920b964011b16384",
  "evaluation_time": 10.286561489105225,
  "kg_co2_emissions": null,
  "mteb_version": "1.14.19",
  "scores": {
    "test": [
      {
        "cosine_pearson": 0.49068183082174543,
        "cosine_spearman": 0.4890628233942703,
        "euclidean_pearson": 0.44925013311348383,
        "euclidean_spearman": 0.43966141469802905,
        "hf_subset": "default",
        "languages": [
          "eng-Latn"
        ],
        "main_score": 0.4890628233942703,
        "manhattan_pearson": 0.4781201846722953,
        "manhattan_spearman": 0.4492411485382817,
        "pearson": 0.49068183082174543,
        "spearman": 0.4890628233942703
      }
    ]
  },
  "task_name": "STS12"
}