{
  "dataset_revision": "4d8694f8f0e0100860b497b999b3dbed754a0513",
  "evaluation_time": 5.811792850494385,
  "kg_co2_emissions": null,
  "mteb_version": "1.14.19",
  "scores": {
    "test": [
      {
        "cosine_pearson": 0.49069160559034986,
        "cosine_spearman": 0.5234289237997625,
        "euclidean_pearson": 0.5289723778797607,
        "euclidean_spearman": 0.5267681655936726,
        "hf_subset": "default",
        "languages": [
          "eng-Latn"
        ],
        "main_score": 0.5234289237997625,
        "manhattan_pearson": 0.5278885661739783,
        "manhattan_spearman": 0.5278922136105959,
        "pearson": 0.49069160559034986,
        "spearman": 0.5234289237997625
      }
    ]
  },
  "task_name": "STS16"
}