{
  "dataset_revision": "7e90230a92c190f1bf69ae9002b8cea547a64cca",
  "evaluation_time": 5.971531629562378,
  "kg_co2_emissions": null,
  "mteb_version": "1.14.19",
  "scores": {
    "test": [
      {
        "cosine_pearson": 0.5291251497396211,
        "cosine_spearman": 0.5391638292862899,
        "euclidean_pearson": 0.5471955334449159,
        "euclidean_spearman": 0.5489706214989277,
        "hf_subset": "default",
        "languages": [
          "eng-Latn"
        ],
        "main_score": 0.5391638292862899,
        "manhattan_pearson": 0.5427460533557701,
        "manhattan_spearman": 0.5435401832627205,
        "pearson": 0.5291251497396211,
        "spearman": 0.5391638292862899
      }
    ]
  },
  "task_name": "STS13"
}