{
  "dataset_revision": "8b6510b0b1fa4e4c4f879467980e9be563ec1cdf",
  "evaluation_time": 54.16525745391846,
  "kg_co2_emissions": null,
  "mteb_version": "1.14.19",
  "scores": {
    "test": [
      {
        "cosine_accuracy": 0.835002134513137,
        "cosine_accuracy_threshold": 0.9221760034561157,
        "cosine_ap": 0.7137621178330267,
        "cosine_f1": 0.6399112403397353,
        "cosine_f1_threshold": 0.9033174514770508,
        "cosine_precision": 0.6359695817490494,
        "cosine_recall": 0.6439020634431784,
        "dot_accuracy": 0.750417200294951,
        "dot_accuracy_threshold": 4093.67822265625,
        "dot_ap": 0.3663770272378657,
        "dot_f1": 0.43209876543209874,
        "dot_f1_threshold": 2832.67333984375,
        "dot_precision": 0.3063457330415755,
        "dot_recall": 0.7329842931937173,
        "euclidean_accuracy": 0.8410757946210269,
        "euclidean_accuracy_threshold": 23.926151275634766,
        "euclidean_ap": 0.7290011575841321,
        "euclidean_f1": 0.6540649797873933,
        "euclidean_f1_threshold": 26.8265438079834,
        "euclidean_precision": 0.6364364801864801,
        "euclidean_recall": 0.6726978749615029,
        "hf_subset": "default",
        "languages": [
          "eng-Latn"
        ],
        "main_score": 0.7840763870657165,
        "manhattan_accuracy": 0.8615865254007063,
        "manhattan_accuracy_threshold": 705.4063720703125,
        "manhattan_ap": 0.7840763870657165,
        "manhattan_f1": 0.7080160163303761,
        "manhattan_f1_threshold": 732.3905029296875,
        "manhattan_precision": 0.7222489187890437,
        "manhattan_recall": 0.6943332306744687,
        "max_accuracy": 0.8615865254007063,
        "max_ap": 0.7840763870657165,
        "max_f1": 0.7080160163303761,
        "max_precision": 0.7222489187890437,
        "max_recall": 0.7329842931937173,
        "similarity_accuracy": 0.835002134513137,
        "similarity_accuracy_threshold": 0.9221760034561157,
        "similarity_ap": 0.7137621178330267,
        "similarity_f1": 0.6399112403397353,
        "similarity_f1_threshold": 0.9033174514770508,
        "similarity_precision": 0.6359695817490494,
        "similarity_recall": 0.6439020634431784
      }
    ]
  },
  "task_name": "TwitterURLCorpus"
}