{
  "dataset_revision": "2000358ca161889fa9c082cb41daa8dcfb161a54",
  "evaluation_time": 8.545491456985474,
  "kg_co2_emissions": null,
  "mteb_version": "1.14.20",
  "scores": {
    "test": [
      {
        "hf_subset": "default",
        "languages": [
          "eng-Latn"
        ],
        "main_score": 0.4182735530212381,
        "map": 0.4182735530212381,
        "mrr": 0.5294794002550235,
        "nAUC_map_diff1": 0.11726401847295753,
        "nAUC_map_max": 0.1566804028035511,
        "nAUC_map_std": 0.07777008254826456,
        "nAUC_mrr_diff1": 0.15889421408904816,
        "nAUC_mrr_max": 0.2063888771275775,
        "nAUC_mrr_std": 0.10218827739383875
      }
    ]
  },
  "task_name": "AskUbuntuDupQuestions"
}