{
  "dataset_revision": "d3fb88f8f02e40887cd149695127462bbcf29b4a",
  "evaluation_time": 3.6226565837860107,
  "kg_co2_emissions": null,
  "mteb_version": "1.14.20",
  "scores": {
    "test": [
      {
        "cosine_pearson": 0.02141969709776396,
        "cosine_spearman": 0.06255564224021465,
        "euclidean_pearson": 0.04603060440471488,
        "euclidean_spearman": 0.07030883095007175,
        "hf_subset": "default",
        "languages": [
          "eng-Latn"
        ],
        "main_score": 0.06255564224021465,
        "manhattan_pearson": 0.045289029496822925,
        "manhattan_spearman": 0.06850156085453396,
        "pearson": 0.02141969709776396,
        "spearman": 0.06255564224021465
      }
    ]
  },
  "task_name": "BIOSSES"
}