{
  "dataset_revision": "e185fbe320c72810689fc5848eb6114e1ef5ec69",
  "evaluation_time": 77.70137906074524,
  "kg_co2_emissions": null,
  "mteb_version": "1.14.20",
  "scores": {
    "test": [
      {
        "hf_subset": "default",
        "languages": [
          "eng-Latn"
        ],
        "main_score": 0.2460671012748407,
        "map": 0.2460671012748407,
        "mrr": 0.2310539746201511,
        "nAUC_map_diff1": 0.17733134926065366,
        "nAUC_map_max": 0.19399122899909918,
        "nAUC_map_std": 0.0618685815351577,
        "nAUC_mrr_diff1": 0.1714234498615091,
        "nAUC_mrr_max": 0.19858296487871124,
        "nAUC_mrr_std": 0.06839037074578105
      }
    ]
  },
  "task_name": "StackOverflowDupQuestions"
}