{
  "dataset_revision": "7e90230a92c190f1bf69ae9002b8cea547a64cca",
  "evaluation_time": 8.284227132797241,
  "kg_co2_emissions": null,
  "mteb_version": "1.14.20",
  "scores": {
    "test": [
      {
        "cosine_pearson": 0.1692971702924926,
        "cosine_spearman": 0.17256716510565454,
        "euclidean_pearson": 0.18720258554890723,
        "euclidean_spearman": 0.18079710579523114,
        "hf_subset": "default",
        "languages": [
          "eng-Latn"
        ],
        "main_score": 0.17256716510565454,
        "manhattan_pearson": 0.18693774462853113,
        "manhattan_spearman": 0.1805872085726652,
        "pearson": 0.1692971702924926,
        "spearman": 0.17256716510565454
      }
    ]
  },
  "task_name": "STS13"
}