{
  "dataset_revision": "e185fbe320c72810689fc5848eb6114e1ef5ec69",
  "evaluation_time": 81.95606923103333,
  "kg_co2_emissions": null,
  "mteb_version": "1.14.20",
  "scores": {
    "test": [
      {
        "hf_subset": "default",
        "languages": [
          "eng-Latn"
        ],
        "main_score": 0.2571334768129999,
        "map": 0.2571334768129999,
        "mrr": 0.24481129573041338,
        "nAUC_map_diff1": 0.1970359098530975,
        "nAUC_map_max": 0.18995497593414037,
        "nAUC_map_std": 0.09228358151503226,
        "nAUC_mrr_diff1": 0.1813261677834724,
        "nAUC_mrr_max": 0.19067188160199672,
        "nAUC_mrr_std": 0.0996713771832282
      }
    ]
  },
  "task_name": "StackOverflowDupQuestions"
}