{
  "dataset_revision": "59042f120c80e8afa9cdbb224f67076cec0fc9a7",
  "evaluation_time": 116.60262680053711,
  "kg_co2_emissions": null,
  "mteb_version": "1.14.20",
  "scores": {
    "test": [
      {
        "hf_subset": "default",
        "languages": [
          "eng-Latn"
        ],
        "main_score": 0.2554903407104928,
        "map": 0.2554903407104928,
        "mrr": 0.25976338269009336,
        "nAUC_map_diff1": 0.11082135280004053,
        "nAUC_map_max": -0.2132814288517408,
        "nAUC_map_std": -0.08477812558034256,
        "nAUC_mrr_diff1": 0.10682534639052013,
        "nAUC_mrr_max": -0.14306923787111026,
        "nAUC_mrr_std": -0.04458455539953708
      }
    ]
  },
  "task_name": "MindSmallReranking"
}