{
  "dataset_revision": "d3c5e1fc0b855ab6097bf1cda04dd73947d7caab",
  "evaluation_time": 51.66025185585022,
  "kg_co2_emissions": null,
  "mteb_version": "1.14.20",
  "scores": {
    "test": [
      {
        "hf_subset": "default",
        "languages": [
          "eng-Latn"
        ],
        "main_score": 0.3393445206309943,
        "map": 0.3393445206309943,
        "mrr": 0.5368083985731045,
        "nAUC_map_diff1": 0.20760047807654114,
        "nAUC_map_max": 0.3336318435947683,
        "nAUC_map_std": 0.250820931922948,
        "nAUC_mrr_diff1": 0.3026295508055568,
        "nAUC_mrr_max": 0.35728335921866733,
        "nAUC_mrr_std": 0.23616006515126445
      }
    ]
  },
  "task_name": "SciDocsRR"
}