{
  "dataset_revision": "e185fbe320c72810689fc5848eb6114e1ef5ec69",
  "evaluation_time": 36.92579984664917,
  "kg_co2_emissions": null,
  "mteb_version": "1.14.20",
  "scores": {
    "test": [
      {
        "hf_subset": "default",
        "languages": [
          "eng-Latn"
        ],
        "main_score": 0.25899687898122054,
        "map": 0.25899687898122054,
        "mrr": 0.2460150348017995,
        "nAUC_map_diff1": 0.17916534905511494,
        "nAUC_map_max": 0.22602470153762977,
        "nAUC_map_std": 0.05094127019802536,
        "nAUC_mrr_diff1": 0.16778105120122894,
        "nAUC_mrr_max": 0.22538603304746174,
        "nAUC_mrr_std": 0.05503689100035196
      }
    ]
  },
  "task_name": "StackOverflowDupQuestions"
}