{
  "dataset_revision": "a0d554a64d88156834ff5ae9920b964011b16384",
  "evaluation_time": 6.4384765625,
  "kg_co2_emissions": null,
  "mteb_version": "1.14.20",
  "scores": {
    "test": [
      {
        "cosine_pearson": 0.04632648038274299,
        "cosine_spearman": 0.15755008165149914,
        "euclidean_pearson": 0.12696000015226608,
        "euclidean_spearman": 0.16772447201818078,
        "hf_subset": "default",
        "languages": [
          "eng-Latn"
        ],
        "main_score": 0.15755008165149914,
        "manhattan_pearson": 0.1265508689911157,
        "manhattan_spearman": 0.16687414532111028,
        "pearson": 0.04632648038274299,
        "spearman": 0.15755008165149914
      }
    ]
  },
  "task_name": "STS12"
}