{
  "dataset_revision": "4d8694f8f0e0100860b497b999b3dbed754a0513",
  "evaluation_time": 5.248339414596558,
  "kg_co2_emissions": null,
  "mteb_version": "1.14.20",
  "scores": {
    "test": [
      {
        "cosine_pearson": 0.29724914959174187,
        "cosine_spearman": 0.3141666672941337,
        "euclidean_pearson": 0.2935043742659729,
        "euclidean_spearman": 0.2897369785276156,
        "hf_subset": "default",
        "languages": [
          "eng-Latn"
        ],
        "main_score": 0.3141666672941337,
        "manhattan_pearson": 0.29402719193739296,
        "manhattan_spearman": 0.29010236628032293,
        "pearson": 0.29724914959174187,
        "spearman": 0.3141666672941337
      }
    ]
  },
  "task_name": "STS16"
}