{
  "dataset_revision": "7e90230a92c190f1bf69ae9002b8cea547a64cca",
  "evaluation_time": 4.535995960235596,
  "kg_co2_emissions": null,
  "mteb_version": "1.14.20",
  "scores": {
    "test": [
      {
        "cosine_pearson": 0.2056200729790618,
        "cosine_spearman": 0.233045650458452,
        "euclidean_pearson": 0.22582947771653106,
        "euclidean_spearman": 0.2310818393451031,
        "hf_subset": "default",
        "languages": [
          "eng-Latn"
        ],
        "main_score": 0.233045650458452,
        "manhattan_pearson": 0.22625074645181542,
        "manhattan_spearman": 0.23207811756634772,
        "pearson": 0.2056200729790618,
        "spearman": 0.233045650458452
      }
    ]
  },
  "task_name": "STS13"
}