{
  "dataset_revision": "d3fb88f8f02e40887cd149695127462bbcf29b4a",
  "evaluation_time": 2.352024793624878,
  "kg_co2_emissions": null,
  "mteb_version": "1.14.20",
  "scores": {
    "test": [
      {
        "cosine_pearson": 0.35360790454084706,
        "cosine_spearman": 0.44563063592405605,
        "euclidean_pearson": 0.35895096028004725,
        "euclidean_spearman": 0.40444897468040164,
        "hf_subset": "default",
        "languages": [
          "eng-Latn"
        ],
        "main_score": 0.44563063592405605,
        "manhattan_pearson": 0.3606579378041813,
        "manhattan_spearman": 0.41488897159895827,
        "pearson": 0.35360790454084706,
        "spearman": 0.44563063592405605
      }
    ]
  },
  "task_name": "BIOSSES"
}