{
  "dataset_revision": "59042f120c80e8afa9cdbb224f67076cec0fc9a7",
  "evaluation_time": 132.33877730369568,
  "kg_co2_emissions": null,
  "mteb_version": "1.14.20",
  "scores": {
    "test": [
      {
        "hf_subset": "default",
        "languages": [
          "eng-Latn"
        ],
        "main_score": 0.26136155542092904,
        "map": 0.26136155542092904,
        "mrr": 0.26438453185365984,
        "nAUC_map_diff1": 0.16530307461442012,
        "nAUC_map_max": -0.2247618167442487,
        "nAUC_map_std": -0.184058642122252,
        "nAUC_mrr_diff1": 0.15849394981968584,
        "nAUC_mrr_max": -0.16282511072302328,
        "nAUC_mrr_std": -0.16240625378224927
      }
    ]
  },
  "task_name": "MindSmallReranking"
}