{
  "dataset_revision": "d66bd1f72af766a5cc4b0ca5e00c162f89e8cc46",
  "evaluation_time": 13.78945279121399,
  "kg_co2_emissions": null,
  "mteb_version": "1.14.20",
  "scores": {
    "test": [
      {
        "cosine_accuracy": 0.9901287128712871,
        "cosine_accuracy_threshold": 0.9574967622756958,
        "cosine_ap": 0.04092715321365056,
        "cosine_f1": 0.08497191011235956,
        "cosine_f1_threshold": 0.8043651580810547,
        "cosine_precision": 0.06547619047619048,
        "cosine_recall": 0.121,
        "dot_accuracy": 0.9901089108910891,
        "dot_accuracy_threshold": 575.4613647460938,
        "dot_ap": 0.0360500588898173,
        "dot_f1": 0.07661691542288557,
        "dot_f1_threshold": 398.1429748535156,
        "dot_precision": 0.07623762376237624,
        "dot_recall": 0.077,
        "euclidean_accuracy": 0.9901287128712871,
        "euclidean_accuracy_threshold": 5.794848918914795,
        "euclidean_ap": 0.035067436220734195,
        "euclidean_f1": 0.08168316831683169,
        "euclidean_f1_threshold": 13.20688247680664,
        "euclidean_precision": 0.05913978494623656,
        "euclidean_recall": 0.132,
        "hf_subset": "default",
        "languages": [
          "eng-Latn"
        ],
        "main_score": 0.04092715321365056,
        "manhattan_accuracy": 0.9901287128712871,
        "manhattan_accuracy_threshold": 148.62887573242188,
        "manhattan_ap": 0.03497924899692287,
        "manhattan_f1": 0.08122866894197953,
        "manhattan_f1_threshold": 332.2227783203125,
        "manhattan_precision": 0.061658031088082904,
        "manhattan_recall": 0.119,
        "max_accuracy": 0.9901287128712871,
        "max_ap": 0.04092715321365056,
        "max_f1": 0.08497191011235956,
        "max_precision": 0.07623762376237624,
        "max_recall": 0.132,
        "similarity_accuracy": 0.9901287128712871,
        "similarity_accuracy_threshold": 0.9574967622756958,
        "similarity_ap": 0.04092715321365056,
        "similarity_f1": 0.08497191011235956,
        "similarity_f1_threshold": 0.8043651580810547,
        "similarity_precision": 0.06547619047619048,
        "similarity_recall": 0.121
      }
    ]
  },
  "task_name": "SprintDuplicateQuestions"
}