{
  "dataset_revision": "7e90230a92c190f1bf69ae9002b8cea547a64cca",
  "evaluation_time": 8.44064450263977,
  "kg_co2_emissions": null,
  "mteb_version": "1.14.20",
  "scores": {
    "test": [
      {
        "cosine_pearson": 0.20719207970918163,
        "cosine_spearman": 0.19555850811117045,
        "euclidean_pearson": 0.22703559458427308,
        "euclidean_spearman": 0.21953330876835955,
        "hf_subset": "default",
        "languages": [
          "eng-Latn"
        ],
        "main_score": 0.19555850811117045,
        "manhattan_pearson": 0.22671133415016942,
        "manhattan_spearman": 0.2191547693288665,
        "pearson": 0.20719207970918163,
        "spearman": 0.19555850811117045
      }
    ]
  },
  "task_name": "STS13"
}