{
  "dataset_revision": "b0fddb56ed78048fa8b90373c8a3cfc37b684831",
  "evaluation_time": 6.324983358383179,
  "kg_co2_emissions": null,
  "mteb_version": "1.14.20",
  "scores": {
    "test": [
      {
        "cosine_pearson": 0.12835432477792824,
        "cosine_spearman": 0.13601572721217628,
        "euclidean_pearson": 0.1492342037556883,
        "euclidean_spearman": 0.14464541129092762,
        "hf_subset": "default",
        "languages": [
          "eng-Latn"
        ],
        "main_score": 0.13601572721217628,
        "manhattan_pearson": 0.14892662327909012,
        "manhattan_spearman": 0.1440610131252036,
        "pearson": 0.12835432477792824,
        "spearman": 0.13601572721217628
      }
    ]
  },
  "task_name": "STSBenchmark"
}