{
  "dataset_revision": "d3fb88f8f02e40887cd149695127462bbcf29b4a",
  "evaluation_time": 2.0701630115509033,
  "kg_co2_emissions": null,
  "mteb_version": "1.14.20",
  "scores": {
    "test": [
      {
        "cosine_pearson": 0.14915207580030587,
        "cosine_spearman": 0.16254587239266866,
        "euclidean_pearson": 0.13837096220257808,
        "euclidean_spearman": 0.12782821385738774,
        "hf_subset": "default",
        "languages": [
          "eng-Latn"
        ],
        "main_score": 0.16254587239266866,
        "manhattan_pearson": 0.13142305286751196,
        "manhattan_spearman": 0.13159335988975815,
        "pearson": 0.14915207580030587,
        "spearman": 0.16254587239266866
      }
    ]
  },
  "task_name": "BIOSSES"
}