{
  "dataset_revision": "59042f120c80e8afa9cdbb224f67076cec0fc9a7",
  "evaluation_time": 110.46589064598083,
  "kg_co2_emissions": null,
  "mteb_version": "1.14.20",
  "scores": {
    "test": [
      {
        "hf_subset": "default",
        "languages": [
          "eng-Latn"
        ],
        "main_score": 0.25883565120912216,
        "map": 0.25883565120912216,
        "mrr": 0.2625977323368003,
        "nAUC_map_diff1": 0.09864089588510651,
        "nAUC_map_max": -0.22971474481065862,
        "nAUC_map_std": -0.1292512146189559,
        "nAUC_mrr_diff1": 0.09789578490356338,
        "nAUC_mrr_max": -0.16153859064821008,
        "nAUC_mrr_std": -0.0884092304879921
      }
    ]
  },
  "task_name": "MindSmallReranking"
}