{
  "dataset_revision": "2000358ca161889fa9c082cb41daa8dcfb161a54",
  "evaluation_time": 8.069446086883545,
  "kg_co2_emissions": null,
  "mteb_version": "1.14.20",
  "scores": {
    "test": [
      {
        "hf_subset": "default",
        "languages": [
          "eng-Latn"
        ],
        "main_score": 0.44084948113041655,
        "map": 0.44084948113041655,
        "mrr": 0.5580409356725147,
        "nAUC_map_diff1": 0.1668676415492619,
        "nAUC_map_max": 0.1941847330539387,
        "nAUC_map_std": 0.09615966156727793,
        "nAUC_mrr_diff1": 0.17232136773564713,
        "nAUC_mrr_max": 0.23142641910345227,
        "nAUC_mrr_std": 0.11789468118727024
      }
    ]
  },
  "task_name": "AskUbuntuDupQuestions"
}