{
  "dataset_revision": "d3fb88f8f02e40887cd149695127462bbcf29b4a",
  "evaluation_time": 1.7557625770568848,
  "kg_co2_emissions": null,
  "mteb_version": "1.14.20",
  "scores": {
    "test": [
      {
        "cosine_pearson": -0.022218561433445045,
        "cosine_spearman": 0.009921912824502456,
        "euclidean_pearson": -0.004061238536280801,
        "euclidean_spearman": 0.035675511685915935,
        "hf_subset": "default",
        "languages": [
          "eng-Latn"
        ],
        "main_score": 0.009921912824502456,
        "manhattan_pearson": -0.004333151644750204,
        "manhattan_spearman": 0.03789845390342742,
        "pearson": -0.022218561433445045,
        "spearman": 0.009921912824502456
      }
    ]
  },
  "task_name": "BIOSSES"
}