{
  "dataset_revision": "e185fbe320c72810689fc5848eb6114e1ef5ec69",
  "evaluation_time": 47.022058725357056,
  "kg_co2_emissions": null,
  "mteb_version": "1.14.20",
  "scores": {
    "test": [
      {
        "hf_subset": "default",
        "languages": [
          "eng-Latn"
        ],
        "main_score": 0.25106561555413043,
        "map": 0.25106561555413043,
        "mrr": 0.23645448709786943,
        "nAUC_map_diff1": 0.1656726077578312,
        "nAUC_map_max": 0.23258655344221085,
        "nAUC_map_std": 0.0540701245946218,
        "nAUC_mrr_diff1": 0.15685477199535,
        "nAUC_mrr_max": 0.236316541785395,
        "nAUC_mrr_std": 0.060532493088326686
      }
    ]
  },
  "task_name": "StackOverflowDupQuestions"
}