{
  "dataset_revision": "6031580fec1f6af667f0bd2da0a551cf4f0b2375",
  "evaluation_time": 11.148279905319214,
  "kg_co2_emissions": null,
  "mteb_version": "1.14.20",
  "scores": {
    "test": [
      {
        "cosine_pearson": 0.1262394340842774,
        "cosine_spearman": 0.16670979147134815,
        "euclidean_pearson": 0.15003486012965836,
        "euclidean_spearman": 0.16622680658348102,
        "hf_subset": "default",
        "languages": [
          "eng-Latn"
        ],
        "main_score": 0.16670979147134815,
        "manhattan_pearson": 0.14980501344854452,
        "manhattan_spearman": 0.1661130162858645,
        "pearson": 0.1262394340842774,
        "spearman": 0.16670979147134815
      }
    ]
  },
  "task_name": "STS14"
}