{
  "dataset_revision": "d3c5e1fc0b855ab6097bf1cda04dd73947d7caab",
  "evaluation_time": 21.561196088790894,
  "kg_co2_emissions": null,
  "mteb_version": "1.14.20",
  "scores": {
    "test": [
      {
        "hf_subset": "default",
        "languages": [
          "eng-Latn"
        ],
        "main_score": 0.4852910715729777,
        "map": 0.4852910715729777,
        "mrr": 0.7459049574245652,
        "nAUC_map_diff1": 0.3025882517832678,
        "nAUC_map_max": 0.5313210184625463,
        "nAUC_map_std": 0.5055086615416983,
        "nAUC_mrr_diff1": 0.552262638397417,
        "nAUC_mrr_max": 0.6049888032287318,
        "nAUC_mrr_std": 0.4766781059732886
      }
    ]
  },
  "task_name": "SciDocsRR"
}