{
  "dataset_revision": "e185fbe320c72810689fc5848eb6114e1ef5ec69",
  "evaluation_time": 16.868383169174194,
  "kg_co2_emissions": null,
  "mteb_version": "1.14.20",
  "scores": {
    "test": [
      {
        "hf_subset": "default",
        "languages": [
          "eng-Latn"
        ],
        "main_score": 0.3398373026274647,
        "map": 0.3398373026274647,
        "mrr": 0.3363763687293099,
        "nAUC_map_diff1": 0.3195388040480835,
        "nAUC_map_max": 0.2541429509084474,
        "nAUC_map_std": 0.1462438203369491,
        "nAUC_mrr_diff1": 0.3160782652823569,
        "nAUC_mrr_max": 0.2644466473414273,
        "nAUC_mrr_std": 0.15894397916340694
      }
    ]
  },
  "task_name": "StackOverflowDupQuestions"
}