{
  "dataset_revision": "a0d554a64d88156834ff5ae9920b964011b16384",
  "evaluation_time": 3.5549540519714355,
  "kg_co2_emissions": null,
  "mteb_version": "1.14.20",
  "scores": {
    "test": [
      {
        "cosine_pearson": 0.3693222558508468,
        "cosine_spearman": 0.39693684942584395,
        "euclidean_pearson": 0.3589251695606438,
        "euclidean_spearman": 0.34181460758061377,
        "hf_subset": "default",
        "languages": [
          "eng-Latn"
        ],
        "main_score": 0.39693684942584395,
        "manhattan_pearson": 0.3596895559638103,
        "manhattan_spearman": 0.34229390493819756,
        "pearson": 0.3693222558508468,
        "spearman": 0.39693684942584395
      }
    ]
  },
  "task_name": "STS12"
}