{
  "dataset_revision": "b0fddb56ed78048fa8b90373c8a3cfc37b684831",
  "evaluation_time": 3.0165505409240723,
  "kg_co2_emissions": null,
  "mteb_version": "1.14.20",
  "scores": {
    "test": [
      {
        "cosine_pearson": 0.44975945672240536,
        "cosine_spearman": 0.4517523900908078,
        "euclidean_pearson": 0.43880218009358896,
        "euclidean_spearman": 0.43459701350386765,
        "hf_subset": "default",
        "languages": [
          "eng-Latn"
        ],
        "main_score": 0.4517523900908078,
        "manhattan_pearson": 0.440187597602427,
        "manhattan_spearman": 0.4359208454607916,
        "pearson": 0.44975945672240536,
        "spearman": 0.4517523900908078
      }
    ]
  },
  "task_name": "STSBenchmark"
}