{
  "dataset_revision": "2000358ca161889fa9c082cb41daa8dcfb161a54",
  "evaluation_time": 6.67809796333313,
  "kg_co2_emissions": null,
  "mteb_version": "1.14.20",
  "scores": {
    "test": [
      {
        "hf_subset": "default",
        "languages": [
          "eng-Latn"
        ],
        "main_score": 0.43618364035768764,
        "map": 0.43618364035768764,
        "mrr": 0.5522116695246889,
        "nAUC_map_diff1": 0.1563206582726236,
        "nAUC_map_max": 0.2083828383101331,
        "nAUC_map_std": 0.09598815212344323,
        "nAUC_mrr_diff1": 0.17487691729319974,
        "nAUC_mrr_max": 0.23988911198436363,
        "nAUC_mrr_std": 0.10185120477743316
      }
    ]
  },
  "task_name": "AskUbuntuDupQuestions"
}