{
  "dataset_revision": "59042f120c80e8afa9cdbb224f67076cec0fc9a7",
  "evaluation_time": 114.20192289352417,
  "kg_co2_emissions": null,
  "mteb_version": "1.14.20",
  "scores": {
    "test": [
      {
        "hf_subset": "default",
        "languages": [
          "eng-Latn"
        ],
        "main_score": 0.256588105922597,
        "map": 0.256588105922597,
        "mrr": 0.26038411252929566,
        "nAUC_map_diff1": 0.1182403155333191,
        "nAUC_map_max": -0.2217426961432504,
        "nAUC_map_std": -0.13630393224539475,
        "nAUC_mrr_diff1": 0.11479662360319175,
        "nAUC_mrr_max": -0.1526980278171221,
        "nAUC_mrr_std": -0.09788323086538539
      }
    ]
  },
  "task_name": "MindSmallReranking"
}