{
  "dataset_revision": "d3c5e1fc0b855ab6097bf1cda04dd73947d7caab",
  "evaluation_time": 42.91295337677002,
  "kg_co2_emissions": null,
  "mteb_version": "1.14.20",
  "scores": {
    "test": [
      {
        "hf_subset": "default",
        "languages": [
          "eng-Latn"
        ],
        "main_score": 0.3463107389286517,
        "map": 0.3463107389286517,
        "mrr": 0.5459962332511352,
        "nAUC_map_diff1": 0.20781768644590373,
        "nAUC_map_max": 0.3526486092459952,
        "nAUC_map_std": 0.24624794105291928,
        "nAUC_mrr_diff1": 0.3165698265732047,
        "nAUC_mrr_max": 0.37345808533352126,
        "nAUC_mrr_std": 0.22650109362462814
      }
    ]
  },
  "task_name": "SciDocsRR"
}