{
  "dataset_revision": "7e90230a92c190f1bf69ae9002b8cea547a64cca",
  "evaluation_time": 3.771289587020874,
  "kg_co2_emissions": null,
  "mteb_version": "1.14.20",
  "scores": {
    "test": [
      {
        "cosine_pearson": 0.21096626602087412,
        "cosine_spearman": 0.22276596800648318,
        "euclidean_pearson": 0.23084573174804834,
        "euclidean_spearman": 0.23237091421092135,
        "hf_subset": "default",
        "languages": [
          "eng-Latn"
        ],
        "main_score": 0.22276596800648318,
        "manhattan_pearson": 0.23151759450612217,
        "manhattan_spearman": 0.23338899694450427,
        "pearson": 0.21096626602087412,
        "spearman": 0.22276596800648318
      }
    ]
  },
  "task_name": "STS13"
}