{
  "dataset_revision": "b0fddb56ed78048fa8b90373c8a3cfc37b684831",
  "evaluation_time": 3.761765956878662,
  "kg_co2_emissions": null,
  "mteb_version": "1.14.20",
  "scores": {
    "test": [
      {
        "cosine_pearson": 0.12756469612352506,
        "cosine_spearman": 0.1462699592077712,
        "euclidean_pearson": 0.15619376754653155,
        "euclidean_spearman": 0.15359414163775192,
        "hf_subset": "default",
        "languages": [
          "eng-Latn"
        ],
        "main_score": 0.1462699592077712,
        "manhattan_pearson": 0.15609087885718254,
        "manhattan_spearman": 0.15390658377314886,
        "pearson": 0.12756469612352506,
        "spearman": 0.1462699592077712
      }
    ]
  },
  "task_name": "STSBenchmark"
}