{
  "dataset_revision": "d3fb88f8f02e40887cd149695127462bbcf29b4a",
  "evaluation_time": 6.4709250926971436,
  "kg_co2_emissions": null,
  "mteb_version": "1.14.19",
  "scores": {
    "test": [
      {
        "cosine_pearson": 0.8077064608756482,
        "cosine_spearman": 0.7858432071753928,
        "euclidean_pearson": 0.7709092711672794,
        "euclidean_spearman": 0.7623607444007052,
        "hf_subset": "default",
        "languages": [
          "eng-Latn"
        ],
        "main_score": 0.7858432071753928,
        "manhattan_pearson": 0.7769381773581675,
        "manhattan_spearman": 0.7647644136277705,
        "pearson": 0.8077064608756482,
        "spearman": 0.7858432071753928
      }
    ]
  },
  "task_name": "BIOSSES"
}