{
  "dataset_revision": "2000358ca161889fa9c082cb41daa8dcfb161a54",
  "evaluation_time": 7.999232053756714,
  "kg_co2_emissions": null,
  "mteb_version": "1.14.20",
  "scores": {
    "test": [
      {
        "hf_subset": "default",
        "languages": [
          "eng-Latn"
        ],
        "main_score": 0.44047507776632644,
        "map": 0.44047507776632644,
        "mrr": 0.5592468012135602,
        "nAUC_map_diff1": 0.15400958753230937,
        "nAUC_map_max": 0.18976639307043114,
        "nAUC_map_std": 0.0930186264785665,
        "nAUC_mrr_diff1": 0.16255626972060322,
        "nAUC_mrr_max": 0.2274700598213804,
        "nAUC_mrr_std": 0.10118739380036246
      }
    ]
  },
  "task_name": "AskUbuntuDupQuestions"
}