{
  "dataset_revision": "59042f120c80e8afa9cdbb224f67076cec0fc9a7",
  "evaluation_time": 121.5413966178894,
  "kg_co2_emissions": null,
  "mteb_version": "1.14.20",
  "scores": {
    "test": [
      {
        "hf_subset": "default",
        "languages": [
          "eng-Latn"
        ],
        "main_score": 0.25730936162571905,
        "map": 0.25730936162571905,
        "mrr": 0.26143086272072147,
        "nAUC_map_diff1": 0.12110947519295238,
        "nAUC_map_max": -0.22299751218181266,
        "nAUC_map_std": -0.10473852775860293,
        "nAUC_mrr_diff1": 0.11216032604291225,
        "nAUC_mrr_max": -0.15358292176646088,
        "nAUC_mrr_std": -0.06693091515643329
      }
    ]
  },
  "task_name": "MindSmallReranking"
}