{
  "dataset_revision": "e185fbe320c72810689fc5848eb6114e1ef5ec69",
  "evaluation_time": 51.201465368270874,
  "kg_co2_emissions": null,
  "mteb_version": "1.14.20",
  "scores": {
    "test": [
      {
        "hf_subset": "default",
        "languages": [
          "eng-Latn"
        ],
        "main_score": 0.25035251384059637,
        "map": 0.25035251384059637,
        "mrr": 0.23609930714710126,
        "nAUC_map_diff1": 0.1638965617369211,
        "nAUC_map_max": 0.22565833979731284,
        "nAUC_map_std": 0.04824287330367294,
        "nAUC_mrr_diff1": 0.15326113714634004,
        "nAUC_mrr_max": 0.22789452997759865,
        "nAUC_mrr_std": 0.05286780062613669
      }
    ]
  },
  "task_name": "StackOverflowDupQuestions"
}