{
  "dataset_revision": "a0d554a64d88156834ff5ae9920b964011b16384",
  "evaluation_time": 9.080777168273926,
  "kg_co2_emissions": null,
  "mteb_version": "1.14.20",
  "scores": {
    "test": [
      {
        "cosine_pearson": 0.01773247691762884,
        "cosine_spearman": 0.1274120809186799,
        "euclidean_pearson": 0.09667360743445154,
        "euclidean_spearman": 0.15009570926855195,
        "hf_subset": "default",
        "languages": [
          "eng-Latn"
        ],
        "main_score": 0.1274120809186799,
        "manhattan_pearson": 0.09654331119809446,
        "manhattan_spearman": 0.14968364296734984,
        "pearson": 0.01773247691762884,
        "spearman": 0.1274120809186799
      }
    ]
  },
  "task_name": "STS12"
}