{
  "dataset_revision": "6031580fec1f6af667f0bd2da0a551cf4f0b2375",
  "evaluation_time": 12.73250436782837,
  "kg_co2_emissions": null,
  "mteb_version": "1.14.20",
  "scores": {
    "test": [
      {
        "cosine_pearson": 0.12207263203210406,
        "cosine_spearman": 0.16105704773351096,
        "euclidean_pearson": 0.14604263744430032,
        "euclidean_spearman": 0.16195078254579262,
        "hf_subset": "default",
        "languages": [
          "eng-Latn"
        ],
        "main_score": 0.16105704773351096,
        "manhattan_pearson": 0.1458067891759656,
        "manhattan_spearman": 0.16173970767987436,
        "pearson": 0.12207263203210406,
        "spearman": 0.16105704773351096
      }
    ]
  },
  "task_name": "STS14"
}