{
  "dataset_revision": "7e90230a92c190f1bf69ae9002b8cea547a64cca",
  "evaluation_time": 6.024922132492065,
  "kg_co2_emissions": null,
  "mteb_version": "1.14.20",
  "scores": {
    "test": [
      {
        "cosine_pearson": 0.18587501098658368,
        "cosine_spearman": 0.2088358940894007,
        "euclidean_pearson": 0.20175975041095792,
        "euclidean_spearman": 0.2081775583151228,
        "hf_subset": "default",
        "languages": [
          "eng-Latn"
        ],
        "main_score": 0.2088358940894007,
        "manhattan_pearson": 0.20198679373084594,
        "manhattan_spearman": 0.2081863008445151,
        "pearson": 0.18587501098658368,
        "spearman": 0.2088358940894007
      }
    ]
  },
  "task_name": "STS13"
}