{
  "dataset_revision": "2000358ca161889fa9c082cb41daa8dcfb161a54",
  "evaluation_time": 3.4004201889038086,
  "kg_co2_emissions": null,
  "mteb_version": "1.14.20",
  "scores": {
    "test": [
      {
        "hf_subset": "default",
        "languages": [
          "eng-Latn"
        ],
        "main_score": 0.4635120906401867,
        "map": 0.4635120906401867,
        "mrr": 0.5820780020226003,
        "nAUC_map_diff1": 0.22046626756944054,
        "nAUC_map_max": 0.22084955681741877,
        "nAUC_map_std": 0.1504060920343118,
        "nAUC_mrr_diff1": 0.227082636957803,
        "nAUC_mrr_max": 0.22961368440770386,
        "nAUC_mrr_std": 0.1567767589424936
      }
    ]
  },
  "task_name": "AskUbuntuDupQuestions"
}