{
  "dataset_revision": "59042f120c80e8afa9cdbb224f67076cec0fc9a7",
  "evaluation_time": 110.08582806587219,
  "kg_co2_emissions": null,
  "mteb_version": "1.14.20",
  "scores": {
    "test": [
      {
        "hf_subset": "default",
        "languages": [
          "eng-Latn"
        ],
        "main_score": 0.25877972991266407,
        "map": 0.25877972991266407,
        "mrr": 0.2643589002603212,
        "nAUC_map_diff1": 0.09162122553456171,
        "nAUC_map_max": -0.19511045996539955,
        "nAUC_map_std": -0.06842437230505084,
        "nAUC_mrr_diff1": 0.10189610869465247,
        "nAUC_mrr_max": -0.1242632692386628,
        "nAUC_mrr_std": -0.027009131156479904
      }
    ]
  },
  "task_name": "MindSmallReranking"
}