{
  "dataset_revision": "20a6d6f312dd54037fe07a32d58e5e168867909d",
  "evaluation_time": 7.954536437988281,
  "kg_co2_emissions": null,
  "mteb_version": "1.14.20",
  "scores": {
    "test": [
      {
        "cosine_pearson": 0.4623486678841679,
        "cosine_spearman": 0.43775008659267894,
        "euclidean_pearson": 0.44021397727960676,
        "euclidean_spearman": 0.4172024774461843,
        "hf_subset": "default",
        "languages": [
          "eng-Latn"
        ],
        "main_score": 0.43775008659267894,
        "manhattan_pearson": 0.4389877962734719,
        "manhattan_spearman": 0.41578281703316355,
        "pearson": 0.4623486678841679,
        "spearman": 0.43775008659267894
      }
    ]
  },
  "task_name": "SICK-R"
}