{
  "dataset_revision": "a0d554a64d88156834ff5ae9920b964011b16384",
  "evaluation_time": 4.685283184051514,
  "kg_co2_emissions": null,
  "mteb_version": "1.14.20",
  "scores": {
    "test": [
      {
        "cosine_pearson": 0.23659026699060898,
        "cosine_spearman": 0.2835557582177948,
        "euclidean_pearson": 0.2827274835013484,
        "euclidean_spearman": 0.2896905003894791,
        "hf_subset": "default",
        "languages": [
          "eng-Latn"
        ],
        "main_score": 0.2835557582177948,
        "manhattan_pearson": 0.28223071398180516,
        "manhattan_spearman": 0.2894771221671233,
        "pearson": 0.23659026699060898,
        "spearman": 0.2835557582177948
      }
    ]
  },
  "task_name": "STS12"
}