{
  "dataset_revision": "ae752c7c21bf194d8b67fd573edf7ae58183cbe3",
  "evaluation_time": 4.027923345565796,
  "kg_co2_emissions": null,
  "mteb_version": "1.14.20",
  "scores": {
    "test": [
      {
        "cosine_pearson": 0.5224515510858727,
        "cosine_spearman": 0.5137628190369967,
        "euclidean_pearson": 0.44473061758703536,
        "euclidean_spearman": 0.42948137949031273,
        "hf_subset": "default",
        "languages": [
          "eng-Latn"
        ],
        "main_score": 0.5137628190369967,
        "manhattan_pearson": 0.4446306642052608,
        "manhattan_spearman": 0.42902316981254146,
        "pearson": 0.5224515510858727,
        "spearman": 0.5137628190369967
      }
    ]
  },
  "task_name": "STS15"
}