{
  "dataset_revision": "d3fb88f8f02e40887cd149695127462bbcf29b4a",
  "evaluation_time": 1.9847886562347412,
  "kg_co2_emissions": null,
  "mteb_version": "1.14.20",
  "scores": {
    "test": [
      {
        "cosine_pearson": -0.04464257540289688,
        "cosine_spearman": -0.0058917005114531885,
        "euclidean_pearson": -0.025121441518730622,
        "euclidean_spearman": 0.011199050358682494,
        "hf_subset": "default",
        "languages": [
          "eng-Latn"
        ],
        "main_score": -0.0058917005114531885,
        "manhattan_pearson": -0.026136233824823215,
        "manhattan_spearman": 0.014181046016319844,
        "pearson": -0.04464257540289688,
        "spearman": -0.0058917005114531885
      }
    ]
  },
  "task_name": "BIOSSES"
}