{
  "dataset_revision": "20a6d6f312dd54037fe07a32d58e5e168867909d",
  "evaluation_time": 15.013211488723755,
  "kg_co2_emissions": null,
  "mteb_version": "1.14.20",
  "scores": {
    "test": [
      {
        "cosine_pearson": 0.26983113658565583,
        "cosine_spearman": 0.28549729847560507,
        "euclidean_pearson": 0.28795210856280373,
        "euclidean_spearman": 0.2809584029496223,
        "hf_subset": "default",
        "languages": [
          "eng-Latn"
        ],
        "main_score": 0.28549729847560507,
        "manhattan_pearson": 0.287414954953643,
        "manhattan_spearman": 0.2805278143527985,
        "pearson": 0.26983113658565583,
        "spearman": 0.28549729847560507
      }
    ]
  },
  "task_name": "SICK-R"
}