{
  "dataset_revision": "e185fbe320c72810689fc5848eb6114e1ef5ec69",
  "evaluation_time": 66.46040463447571,
  "kg_co2_emissions": null,
  "mteb_version": "1.14.20",
  "scores": {
    "test": [
      {
        "hf_subset": "default",
        "languages": [
          "eng-Latn"
        ],
        "main_score": 0.2447054424429532,
        "map": 0.2447054424429532,
        "mrr": 0.2302343285799168,
        "nAUC_map_diff1": 0.14671582034993716,
        "nAUC_map_max": 0.20871808772258782,
        "nAUC_map_std": 0.05387320198171759,
        "nAUC_mrr_diff1": 0.13567437930263504,
        "nAUC_mrr_max": 0.2124073332592143,
        "nAUC_mrr_std": 0.06255508960900867
      }
    ]
  },
  "task_name": "StackOverflowDupQuestions"
}