{
  "dataset_revision": "ae752c7c21bf194d8b67fd573edf7ae58183cbe3",
  "evaluation_time": 10.20484185218811,
  "kg_co2_emissions": null,
  "mteb_version": "1.14.20",
  "scores": {
    "test": [
      {
        "cosine_pearson": 0.300232894173543,
        "cosine_spearman": 0.31878274616138125,
        "euclidean_pearson": 0.3022019093023577,
        "euclidean_spearman": 0.2914377273420089,
        "hf_subset": "default",
        "languages": [
          "eng-Latn"
        ],
        "main_score": 0.31878274616138125,
        "manhattan_pearson": 0.30127482701591213,
        "manhattan_spearman": 0.2903314730258823,
        "pearson": 0.300232894173543,
        "spearman": 0.31878274616138125
      }
    ]
  },
  "task_name": "STS15"
}