{
  "dataset_revision": "b0fddb56ed78048fa8b90373c8a3cfc37b684831",
  "evaluation_time": 5.383651256561279,
  "kg_co2_emissions": null,
  "mteb_version": "1.14.20",
  "scores": {
    "test": [
      {
        "cosine_pearson": 0.08406405253867524,
        "cosine_spearman": 0.11628369563296624,
        "euclidean_pearson": 0.10842853907231166,
        "euclidean_spearman": 0.11683497106544259,
        "hf_subset": "default",
        "languages": [
          "eng-Latn"
        ],
        "main_score": 0.11628369563296624,
        "manhattan_pearson": 0.10877858199912793,
        "manhattan_spearman": 0.11696263951026886,
        "pearson": 0.08406405253867524,
        "spearman": 0.11628369563296624
      }
    ]
  },
  "task_name": "STSBenchmark"
}