{
  "dataset_revision": "59042f120c80e8afa9cdbb224f67076cec0fc9a7",
  "evaluation_time": 112.91303896903992,
  "kg_co2_emissions": null,
  "mteb_version": "1.14.20",
  "scores": {
    "test": [
      {
        "hf_subset": "default",
        "languages": [
          "eng-Latn"
        ],
        "main_score": 0.2625790734058074,
        "map": 0.2625790734058074,
        "mrr": 0.2668804516083126,
        "nAUC_map_diff1": 0.11721267690812791,
        "nAUC_map_max": -0.20299310627336523,
        "nAUC_map_std": -0.1358217788970079,
        "nAUC_mrr_diff1": 0.12028949028168985,
        "nAUC_mrr_max": -0.136288441222832,
        "nAUC_mrr_std": -0.10548133736824046
      }
    ]
  },
  "task_name": "MindSmallReranking"
}