{
  "dataset_revision": "ae752c7c21bf194d8b67fd573edf7ae58183cbe3",
  "evaluation_time": 4.747594833374023,
  "kg_co2_emissions": null,
  "mteb_version": "1.14.20",
  "scores": {
    "test": [
      {
        "cosine_pearson": 0.37227659945596364,
        "cosine_spearman": 0.3798648775545962,
        "euclidean_pearson": 0.3675979714673053,
        "euclidean_spearman": 0.3508776756849808,
        "hf_subset": "default",
        "languages": [
          "eng-Latn"
        ],
        "main_score": 0.3798648775545962,
        "manhattan_pearson": 0.36894289886044274,
        "manhattan_spearman": 0.35220606754718486,
        "pearson": 0.37227659945596364,
        "spearman": 0.3798648775545962
      }
    ]
  },
  "task_name": "STS15"
}