{
  "dataset_revision": "b0fddb56ed78048fa8b90373c8a3cfc37b684831",
  "evaluation_time": 5.207026958465576,
  "kg_co2_emissions": null,
  "mteb_version": "1.14.20",
  "scores": {
    "test": [
      {
        "cosine_pearson": 0.1599159899187732,
        "cosine_spearman": 0.16730112323443994,
        "euclidean_pearson": 0.1869618756778568,
        "euclidean_spearman": 0.17937821267511228,
        "hf_subset": "default",
        "languages": [
          "eng-Latn"
        ],
        "main_score": 0.16730112323443994,
        "manhattan_pearson": 0.18718640951146912,
        "manhattan_spearman": 0.18022712204591285,
        "pearson": 0.1599159899187732,
        "spearman": 0.16730112323443994
      }
    ]
  },
  "task_name": "STSBenchmark"
}