{
  "dataset_revision": "2000358ca161889fa9c082cb41daa8dcfb161a54",
  "evaluation_time": 8.135584115982056,
  "kg_co2_emissions": null,
  "mteb_version": "1.14.20",
  "scores": {
    "test": [
      {
        "hf_subset": "default",
        "languages": [
          "eng-Latn"
        ],
        "main_score": 0.4246546301445077,
        "map": 0.4246546301445077,
        "mrr": 0.5393725541924989,
        "nAUC_map_diff1": 0.15002342248211215,
        "nAUC_map_max": 0.16443302495713402,
        "nAUC_map_std": 0.10070119770156641,
        "nAUC_mrr_diff1": 0.16215170761072972,
        "nAUC_mrr_max": 0.19434334213232274,
        "nAUC_mrr_std": 0.09948206529750098
      }
    ]
  },
  "task_name": "AskUbuntuDupQuestions"
}