{
  "dataset_revision": "d3fb88f8f02e40887cd149695127462bbcf29b4a",
  "evaluation_time": 3.0636706352233887,
  "kg_co2_emissions": null,
  "mteb_version": "1.14.20",
  "scores": {
    "test": [
      {
        "cosine_pearson": 0.0607872864518072,
        "cosine_spearman": 0.06427254883097554,
        "euclidean_pearson": 0.054307792019772094,
        "euclidean_spearman": 0.08035725268126187,
        "hf_subset": "default",
        "languages": [
          "eng-Latn"
        ],
        "main_score": 0.06427254883097554,
        "manhattan_pearson": 0.050636094627180314,
        "manhattan_spearman": 0.07997170172754713,
        "pearson": 0.0607872864518072,
        "spearman": 0.06427254883097554
      }
    ]
  },
  "task_name": "BIOSSES"
}