{
  "dataset_revision": "20a6d6f312dd54037fe07a32d58e5e168867909d",
  "evaluation_time": 15.53699517250061,
  "kg_co2_emissions": null,
  "mteb_version": "1.14.20",
  "scores": {
    "test": [
      {
        "cosine_pearson": 0.29666510016714726,
        "cosine_spearman": 0.30655412177359137,
        "euclidean_pearson": 0.3070454686268821,
        "euclidean_spearman": 0.299722060588424,
        "hf_subset": "default",
        "languages": [
          "eng-Latn"
        ],
        "main_score": 0.30655412177359137,
        "manhattan_pearson": 0.30538468704825444,
        "manhattan_spearman": 0.29814815848299553,
        "pearson": 0.29666510016714726,
        "spearman": 0.30655412177359137
      }
    ]
  },
  "task_name": "SICK-R"
}