{
  "dataset_revision": "b0fddb56ed78048fa8b90373c8a3cfc37b684831",
  "evaluation_time": 4.937007188796997,
  "kg_co2_emissions": null,
  "mteb_version": "1.14.20",
  "scores": {
    "test": [
      {
        "cosine_pearson": 0.09408216447793004,
        "cosine_spearman": 0.11795122067491493,
        "euclidean_pearson": 0.11645639202626405,
        "euclidean_spearman": 0.11856740251766984,
        "hf_subset": "default",
        "languages": [
          "eng-Latn"
        ],
        "main_score": 0.11795122067491493,
        "manhattan_pearson": 0.11560106916830265,
        "manhattan_spearman": 0.1181881012700926,
        "pearson": 0.09408216447793004,
        "spearman": 0.11795122067491493
      }
    ]
  },
  "task_name": "STSBenchmark"
}