{
  "dataset_revision": "2000358ca161889fa9c082cb41daa8dcfb161a54",
  "evaluation_time": 4.4728217124938965,
  "kg_co2_emissions": null,
  "mteb_version": "1.14.20",
  "scores": {
    "test": [
      {
        "hf_subset": "default",
        "languages": [
          "eng-Latn"
        ],
        "main_score": 0.4579919555712385,
        "map": 0.4579919555712385,
        "mrr": 0.5792243767313019,
        "nAUC_map_diff1": 0.17195099019922613,
        "nAUC_map_max": 0.19592815354713297,
        "nAUC_map_std": 0.10426974126829039,
        "nAUC_mrr_diff1": 0.17323454909193195,
        "nAUC_mrr_max": 0.21723401969172962,
        "nAUC_mrr_std": 0.1126917542886601
      }
    ]
  },
  "task_name": "AskUbuntuDupQuestions"
}