{
  "dataset_revision": "20a6d6f312dd54037fe07a32d58e5e168867909d",
  "evaluation_time": 9.176635265350342,
  "kg_co2_emissions": null,
  "mteb_version": "1.14.20",
  "scores": {
    "test": [
      {
        "cosine_pearson": 0.3913239314172329,
        "cosine_spearman": 0.3775358775212531,
        "euclidean_pearson": 0.385433836370107,
        "euclidean_spearman": 0.3623790923381061,
        "hf_subset": "default",
        "languages": [
          "eng-Latn"
        ],
        "main_score": 0.3775358775212531,
        "manhattan_pearson": 0.3858992286508536,
        "manhattan_spearman": 0.3629303364528474,
        "pearson": 0.3913239314172329,
        "spearman": 0.3775358775212531
      }
    ]
  },
  "task_name": "SICK-R"
}