{
  "dataset_revision": "2000358ca161889fa9c082cb41daa8dcfb161a54",
  "evaluation_time": 8.607156991958618,
  "kg_co2_emissions": null,
  "mteb_version": "1.14.20",
  "scores": {
    "test": [
      {
        "hf_subset": "default",
        "languages": [
          "eng-Latn"
        ],
        "main_score": 0.43591112112541575,
        "map": 0.43591112112541575,
        "mrr": 0.5495910829705843,
        "nAUC_map_diff1": 0.10007863939086016,
        "nAUC_map_max": 0.11778464103360047,
        "nAUC_map_std": -0.020224708462295755,
        "nAUC_mrr_diff1": 0.1262900238557088,
        "nAUC_mrr_max": 0.14063971012153467,
        "nAUC_mrr_std": -0.018966363315060727
      }
    ]
  },
  "task_name": "AskUbuntuDupQuestions"
}