{
  "dataset_revision": "d3fb88f8f02e40887cd149695127462bbcf29b4a",
  "evaluation_time": 1.9085164070129395,
  "kg_co2_emissions": null,
  "mteb_version": "1.14.20",
  "scores": {
    "test": [
      {
        "cosine_pearson": 0.3900431765956122,
        "cosine_spearman": 0.42695551160349887,
        "euclidean_pearson": 0.36823220492243786,
        "euclidean_spearman": 0.37841826107100573,
        "hf_subset": "default",
        "languages": [
          "eng-Latn"
        ],
        "main_score": 0.42695551160349887,
        "manhattan_pearson": 0.3694371171674263,
        "manhattan_spearman": 0.3838280228903154,
        "pearson": 0.3900431765956122,
        "spearman": 0.42695551160349887
      }
    ]
  },
  "task_name": "BIOSSES"
}