{
  "dataset_revision": "d3c5e1fc0b855ab6097bf1cda04dd73947d7caab",
  "evaluation_time": 83.88052463531494,
  "kg_co2_emissions": null,
  "mteb_version": "1.14.20",
  "scores": {
    "test": [
      {
        "hf_subset": "default",
        "languages": [
          "eng-Latn"
        ],
        "main_score": 0.3587591441371177,
        "map": 0.3587591441371177,
        "mrr": 0.5512521247815365,
        "nAUC_map_diff1": 0.17976766280475015,
        "nAUC_map_max": 0.31074356018414223,
        "nAUC_map_std": 0.1932672095052238,
        "nAUC_mrr_diff1": 0.24257411961679826,
        "nAUC_mrr_max": 0.3245574838711632,
        "nAUC_mrr_std": 0.17775451517998736
      }
    ]
  },
  "task_name": "SciDocsRR"
}