{
  "dataset_revision": "20a6d6f312dd54037fe07a32d58e5e168867909d",
  "evaluation_time": 15.805766582489014,
  "kg_co2_emissions": null,
  "mteb_version": "1.14.20",
  "scores": {
    "test": [
      {
        "cosine_pearson": 0.30216982649922,
        "cosine_spearman": 0.31210388366872444,
        "euclidean_pearson": 0.32249008911596494,
        "euclidean_spearman": 0.31146725201410685,
        "hf_subset": "default",
        "languages": [
          "eng-Latn"
        ],
        "main_score": 0.31210388366872444,
        "manhattan_pearson": 0.32209770954830697,
        "manhattan_spearman": 0.31113951494703573,
        "pearson": 0.30216982649922,
        "spearman": 0.31210388366872444
      }
    ]
  },
  "task_name": "SICK-R"
}