{
  "dataset_revision": "d3fb88f8f02e40887cd149695127462bbcf29b4a",
  "evaluation_time": 1.5643501281738281,
  "kg_co2_emissions": null,
  "mteb_version": "1.14.20",
  "scores": {
    "test": [
      {
        "cosine_pearson": 0.12058319171260824,
        "cosine_spearman": 0.18035953130101948,
        "euclidean_pearson": 0.08371682587119332,
        "euclidean_spearman": 0.09495726783710223,
        "hf_subset": "default",
        "languages": [
          "eng-Latn"
        ],
        "main_score": 0.18035953130101948,
        "manhattan_pearson": 0.07745850327809699,
        "manhattan_spearman": 0.09244788962040966,
        "pearson": 0.12058319171260824,
        "spearman": 0.18035953130101948
      }
    ]
  },
  "task_name": "BIOSSES"
}