{
  "dataset_revision": "59042f120c80e8afa9cdbb224f67076cec0fc9a7",
  "evaluation_time": 114.21063303947449,
  "kg_co2_emissions": null,
  "mteb_version": "1.14.20",
  "scores": {
    "test": [
      {
        "hf_subset": "default",
        "languages": [
          "eng-Latn"
        ],
        "main_score": 0.2562981763896531,
        "map": 0.2562981763896531,
        "mrr": 0.2606199601082457,
        "nAUC_map_diff1": 0.08875544452881709,
        "nAUC_map_max": -0.21154825393180998,
        "nAUC_map_std": -0.07847553701786367,
        "nAUC_mrr_diff1": 0.08926756404255912,
        "nAUC_mrr_max": -0.14228215645906814,
        "nAUC_mrr_std": -0.037589494319800305
      }
    ]
  },
  "task_name": "MindSmallReranking"
}