{
  "dataset_revision": "d3c5e1fc0b855ab6097bf1cda04dd73947d7caab",
  "evaluation_time": 39.56470441818237,
  "kg_co2_emissions": null,
  "mteb_version": "1.14.20",
  "scores": {
    "test": [
      {
        "hf_subset": "default",
        "languages": [
          "eng-Latn"
        ],
        "main_score": 0.3611570455004728,
        "map": 0.3611570455004728,
        "mrr": 0.5704792030772422,
        "nAUC_map_diff1": 0.22736519677571818,
        "nAUC_map_max": 0.32752206526683436,
        "nAUC_map_std": 0.2651939596487216,
        "nAUC_mrr_diff1": 0.3282340695069802,
        "nAUC_mrr_max": 0.34416530581926535,
        "nAUC_mrr_std": 0.2462450013293772
      }
    ]
  },
  "task_name": "SciDocsRR"
}