{
  "dataset_revision": "20a6d6f312dd54037fe07a32d58e5e168867909d",
  "evaluation_time": 11.794373273849487,
  "kg_co2_emissions": null,
  "mteb_version": "1.14.20",
  "scores": {
    "test": [
      {
        "cosine_pearson": 0.332465929501049,
        "cosine_spearman": 0.33777219975379535,
        "euclidean_pearson": 0.3403351671242747,
        "euclidean_spearman": 0.3247522132192761,
        "hf_subset": "default",
        "languages": [
          "eng-Latn"
        ],
        "main_score": 0.33777219975379535,
        "manhattan_pearson": 0.3398948932852263,
        "manhattan_spearman": 0.3243523049905129,
        "pearson": 0.332465929501049,
        "spearman": 0.33777219975379535
      }
    ]
  },
  "task_name": "SICK-R"
}