{
  "dataset_revision": "ae752c7c21bf194d8b67fd573edf7ae58183cbe3",
  "evaluation_time": 6.90352988243103,
  "kg_co2_emissions": null,
  "mteb_version": "1.14.20",
  "scores": {
    "test": [
      {
        "cosine_pearson": 0.39498952846563234,
        "cosine_spearman": 0.4194778453818937,
        "euclidean_pearson": 0.3667138646570276,
        "euclidean_spearman": 0.34285905687074386,
        "hf_subset": "default",
        "languages": [
          "eng-Latn"
        ],
        "main_score": 0.4194778453818937,
        "manhattan_pearson": 0.36638152800405654,
        "manhattan_spearman": 0.34231717868184647,
        "pearson": 0.39498952846563234,
        "spearman": 0.4194778453818937
      }
    ]
  },
  "task_name": "STS15"
}