{
  "dataset_revision": "6031580fec1f6af667f0bd2da0a551cf4f0b2375",
  "evaluation_time": 7.086077928543091,
  "kg_co2_emissions": null,
  "mteb_version": "1.14.20",
  "scores": {
    "test": [
      {
        "cosine_pearson": 0.18765747410884442,
        "cosine_spearman": 0.23161005639819465,
        "euclidean_pearson": 0.2182769493332685,
        "euclidean_spearman": 0.22156061922209747,
        "hf_subset": "default",
        "languages": [
          "eng-Latn"
        ],
        "main_score": 0.23161005639819465,
        "manhattan_pearson": 0.21787450474048795,
        "manhattan_spearman": 0.22123876663155478,
        "pearson": 0.18765747410884442,
        "spearman": 0.23161005639819465
      }
    ]
  },
  "task_name": "STS14"
}