{
  "dataset_revision": "4d8694f8f0e0100860b497b999b3dbed754a0513",
  "evaluation_time": 4.04772162437439,
  "kg_co2_emissions": null,
  "mteb_version": "1.14.20",
  "scores": {
    "test": [
      {
        "cosine_pearson": 0.3354477671040767,
        "cosine_spearman": 0.3527918269768966,
        "euclidean_pearson": 0.32334727450819334,
        "euclidean_spearman": 0.3170961079836513,
        "hf_subset": "default",
        "languages": [
          "eng-Latn"
        ],
        "main_score": 0.3527918269768966,
        "manhattan_pearson": 0.323846704427552,
        "manhattan_spearman": 0.3179448546621443,
        "pearson": 0.3354477671040767,
        "spearman": 0.3527918269768966
      }
    ]
  },
  "task_name": "STS16"
}