{
  "dataset_revision": "b0fddb56ed78048fa8b90373c8a3cfc37b684831",
  "evaluation_time": 3.3200156688690186,
  "kg_co2_emissions": null,
  "mteb_version": "1.14.20",
  "scores": {
    "test": [
      {
        "cosine_pearson": 0.15532195930890288,
        "cosine_spearman": 0.17820971413667427,
        "euclidean_pearson": 0.19237261710590134,
        "euclidean_spearman": 0.19081650862070731,
        "hf_subset": "default",
        "languages": [
          "eng-Latn"
        ],
        "main_score": 0.17820971413667427,
        "manhattan_pearson": 0.19170470327933817,
        "manhattan_spearman": 0.19043553056941218,
        "pearson": 0.15532195930890288,
        "spearman": 0.17820971413667427
      }
    ]
  },
  "task_name": "STSBenchmark"
}