{
  "dataset_revision": "2000358ca161889fa9c082cb41daa8dcfb161a54",
  "evaluation_time": 8.663580417633057,
  "kg_co2_emissions": null,
  "mteb_version": "1.14.20",
  "scores": {
    "test": [
      {
        "hf_subset": "default",
        "languages": [
          "eng-Latn"
        ],
        "main_score": 0.4281709308582451,
        "map": 0.4281709308582451,
        "mrr": 0.5422811414501165,
        "nAUC_map_diff1": 0.13531354328502604,
        "nAUC_map_max": 0.18127854170420818,
        "nAUC_map_std": 0.05334858598695446,
        "nAUC_mrr_diff1": 0.16185647204085965,
        "nAUC_mrr_max": 0.23788406650403174,
        "nAUC_mrr_std": 0.08192218200837188
      }
    ]
  },
  "task_name": "AskUbuntuDupQuestions"
}