{
  "dataset_revision": "59042f120c80e8afa9cdbb224f67076cec0fc9a7",
  "evaluation_time": 132.78152346611023,
  "kg_co2_emissions": null,
  "mteb_version": "1.14.20",
  "scores": {
    "test": [
      {
        "hf_subset": "default",
        "languages": [
          "eng-Latn"
        ],
        "main_score": 0.25283161546961974,
        "map": 0.25283161546961974,
        "mrr": 0.25609467489383747,
        "nAUC_map_diff1": 0.20005134141841097,
        "nAUC_map_max": -0.2134507697036841,
        "nAUC_map_std": -0.16063604515259766,
        "nAUC_mrr_diff1": 0.18018779633084062,
        "nAUC_mrr_max": -0.14330914781481593,
        "nAUC_mrr_std": -0.13727435166826976
      }
    ]
  },
  "task_name": "MindSmallReranking"
}