{
  "dataset_revision": "20a6d6f312dd54037fe07a32d58e5e168867909d",
  "evaluation_time": 15.438571691513062,
  "kg_co2_emissions": null,
  "mteb_version": "1.14.20",
  "scores": {
    "test": [
      {
        "cosine_pearson": 0.2666453146062073,
        "cosine_spearman": 0.2839149984557624,
        "euclidean_pearson": 0.2870229723417374,
        "euclidean_spearman": 0.2803816480923051,
        "hf_subset": "default",
        "languages": [
          "eng-Latn"
        ],
        "main_score": 0.2839149984557624,
        "manhattan_pearson": 0.28830597571232747,
        "manhattan_spearman": 0.2814754084753967,
        "pearson": 0.2666453146062073,
        "spearman": 0.2839149984557624
      }
    ]
  },
  "task_name": "SICK-R"
}