{
  "dataset_revision": "d66bd1f72af766a5cc4b0ca5e00c162f89e8cc46",
  "evaluation_time": 14.737834215164185,
  "kg_co2_emissions": null,
  "mteb_version": "1.14.20",
  "scores": {
    "test": [
      {
        "cosine_accuracy": 0.9901188118811881,
        "cosine_accuracy_threshold": 0.9909406304359436,
        "cosine_ap": 0.01734336860130794,
        "cosine_f1": 0.03226954561632459,
        "cosine_f1_threshold": 0.8138918876647949,
        "cosine_precision": 0.018306636155606407,
        "cosine_recall": 0.136,
        "dot_accuracy": 0.9900891089108911,
        "dot_accuracy_threshold": 700.9864501953125,
        "dot_ap": 0.013421581015152098,
        "dot_f1": 0.03027375201288245,
        "dot_f1_threshold": 548.8314819335938,
        "dot_precision": 0.022327790973871733,
        "dot_recall": 0.047,
        "euclidean_accuracy": 0.9901188118811881,
        "euclidean_accuracy_threshold": 3.29162335395813,
        "euclidean_ap": 0.017591291297438236,
        "euclidean_f1": 0.03286888174347981,
        "euclidean_f1_threshold": 14.952527046203613,
        "euclidean_precision": 0.018656211977828848,
        "euclidean_recall": 0.138,
        "hf_subset": "default",
        "languages": [
          "eng-Latn"
        ],
        "main_score": 0.017669583204181202,
        "manhattan_accuracy": 0.9901188118811881,
        "manhattan_accuracy_threshold": 83.98711395263672,
        "manhattan_ap": 0.017669583204181202,
        "manhattan_f1": 0.033751318410875426,
        "manhattan_f1_threshold": 382.901123046875,
        "manhattan_precision": 0.019115890083632018,
        "manhattan_recall": 0.144,
        "max_accuracy": 0.9901188118811881,
        "max_ap": 0.017669583204181202,
        "max_f1": 0.033751318410875426,
        "max_precision": 0.022327790973871733,
        "max_recall": 0.144,
        "similarity_accuracy": 0.9901188118811881,
        "similarity_accuracy_threshold": 0.9909406304359436,
        "similarity_ap": 0.01734336860130794,
        "similarity_f1": 0.03226954561632459,
        "similarity_f1_threshold": 0.8138918876647949,
        "similarity_precision": 0.018306636155606407,
        "similarity_recall": 0.136
      }
    ]
  },
  "task_name": "SprintDuplicateQuestions"
}