{
  "dataset_revision": "6031580fec1f6af667f0bd2da0a551cf4f0b2375",
  "evaluation_time": 12.75568437576294,
  "kg_co2_emissions": null,
  "mteb_version": "1.14.20",
  "scores": {
    "test": [
      {
        "cosine_pearson": 0.10730939577667584,
        "cosine_spearman": 0.1388308184176876,
        "euclidean_pearson": 0.13046531383386348,
        "euclidean_spearman": 0.1408950107742879,
        "hf_subset": "default",
        "languages": [
          "eng-Latn"
        ],
        "main_score": 0.1388308184176876,
        "manhattan_pearson": 0.12969098080426206,
        "manhattan_spearman": 0.14023717727901747,
        "pearson": 0.10730939577667584,
        "spearman": 0.1388308184176876
      }
    ]
  },
  "task_name": "STS14"
}