{
  "dataset_revision": "2000358ca161889fa9c082cb41daa8dcfb161a54",
  "evaluation_time": 6.659964561462402,
  "kg_co2_emissions": null,
  "mteb_version": "1.14.19",
  "scores": {
    "test": [
      {
        "hf_subset": "default",
        "languages": [
          "eng-Latn"
        ],
        "main_score": 0.4696783876854639,
        "map": 0.4696783876854639,
        "mrr": 0.6020423866684255,
        "nAUC_map_diff1": 0.1650194433415203,
        "nAUC_map_max": 0.15659832448747607,
        "nAUC_map_std": 0.042652405562411816,
        "nAUC_mrr_diff1": 0.23228826030933397,
        "nAUC_mrr_max": 0.2363325630218019,
        "nAUC_mrr_std": 0.025390321592611745
      }
    ]
  },
  "task_name": "AskUbuntuDupQuestions"
}