{
  "dataset_revision": "d3c5e1fc0b855ab6097bf1cda04dd73947d7caab",
  "evaluation_time": 40.70780062675476,
  "kg_co2_emissions": null,
  "mteb_version": "1.14.19",
  "scores": {
    "test": [
      {
        "hf_subset": "default",
        "languages": [
          "eng-Latn"
        ],
        "main_score": 0.5639552565000013,
        "map": 0.5639552565000013,
        "mrr": 0.8149764179175945,
        "nAUC_map_diff1": 0.2045364289521957,
        "nAUC_map_max": 0.4878119983992284,
        "nAUC_map_std": 0.42162543828415905,
        "nAUC_mrr_diff1": 0.47234865189598507,
        "nAUC_mrr_max": 0.5886751132784169,
        "nAUC_mrr_std": 0.4141174054181349
      }
    ]
  },
  "task_name": "SciDocsRR"
}