{
  "dataset_revision": "ae752c7c21bf194d8b67fd573edf7ae58183cbe3",
  "evaluation_time": 6.266605854034424,
  "kg_co2_emissions": null,
  "mteb_version": "1.14.19",
  "scores": {
    "test": [
      {
        "cosine_pearson": 0.5964101057764452,
        "cosine_spearman": 0.6134604759299928,
        "euclidean_pearson": 0.5371948379555438,
        "euclidean_spearman": 0.5484134437200529,
        "hf_subset": "default",
        "languages": [
          "eng-Latn"
        ],
        "main_score": 0.6134604759299928,
        "manhattan_pearson": 0.536596278720959,
        "manhattan_spearman": 0.5464728278406761,
        "pearson": 0.5964101057764452,
        "spearman": 0.6134604759299928
      }
    ]
  },
  "task_name": "STS15"
}