{
  "dataset_revision": "7e90230a92c190f1bf69ae9002b8cea547a64cca",
  "evaluation_time": 4.415340900421143,
  "kg_co2_emissions": null,
  "mteb_version": "1.14.19",
  "scores": {
    "test": [
      {
        "cosine_pearson": 0.532893979441768,
        "cosine_spearman": 0.5303150762934492,
        "euclidean_pearson": 0.5124211147673572,
        "euclidean_spearman": 0.5029035809432608,
        "hf_subset": "default",
        "languages": [
          "eng-Latn"
        ],
        "main_score": 0.5303150762934492,
        "manhattan_pearson": 0.4999325699589253,
        "manhattan_spearman": 0.4885450111774469,
        "pearson": 0.532893979441768,
        "spearman": 0.5303150762934492
      }
    ]
  },
  "task_name": "STS13"
}