{
  "dataset_revision": "b0fddb56ed78048fa8b90373c8a3cfc37b684831",
  "evaluation_time": 4.0317299365997314,
  "kg_co2_emissions": null,
  "mteb_version": "1.14.19",
  "scores": {
    "test": [
      {
        "cosine_pearson": 0.46225876054509063,
        "cosine_spearman": 0.47531045619929935,
        "euclidean_pearson": 0.425768877589427,
        "euclidean_spearman": 0.42685376086617305,
        "hf_subset": "default",
        "languages": [
          "eng-Latn"
        ],
        "main_score": 0.47531045619929935,
        "manhattan_pearson": 0.4199549728058438,
        "manhattan_spearman": 0.4156762766201839,
        "pearson": 0.46225876054509063,
        "spearman": 0.47531045619929935
      }
    ]
  },
  "task_name": "STSBenchmark"
}