{
  "dataset_revision": "2000358ca161889fa9c082cb41daa8dcfb161a54",
  "evaluation_time": 3.207336187362671,
  "kg_co2_emissions": null,
  "mteb_version": "1.14.20",
  "scores": {
    "test": [
      {
        "hf_subset": "default",
        "languages": [
          "eng-Latn"
        ],
        "main_score": 0.4801683141383415,
        "map": 0.4801683141383415,
        "mrr": 0.5866519368596931,
        "nAUC_map_diff1": 0.18063112569577272,
        "nAUC_map_max": 0.21578597704332794,
        "nAUC_map_std": 0.21000668338794146,
        "nAUC_mrr_diff1": 0.25838559448704873,
        "nAUC_mrr_max": 0.2881868988967972,
        "nAUC_mrr_std": 0.2555249182027791
      }
    ]
  },
  "task_name": "AskUbuntuDupQuestions"
}