{
  "dataset_revision": "59042f120c80e8afa9cdbb224f67076cec0fc9a7",
  "evaluation_time": 108.21181511878967,
  "kg_co2_emissions": null,
  "mteb_version": "1.14.20",
  "scores": {
    "test": [
      {
        "hf_subset": "default",
        "languages": [
          "eng-Latn"
        ],
        "main_score": 0.25783297756752677,
        "map": 0.25783297756752677,
        "mrr": 0.26011654711223353,
        "nAUC_map_diff1": 0.07431415987034216,
        "nAUC_map_max": -0.26132499377256885,
        "nAUC_map_std": -0.1268935116312381,
        "nAUC_mrr_diff1": 0.07729547391035879,
        "nAUC_mrr_max": -0.20367849502932545,
        "nAUC_mrr_std": -0.09557864678830465
      }
    ]
  },
  "task_name": "MindSmallReranking"
}