{
  "dataset_revision": "e185fbe320c72810689fc5848eb6114e1ef5ec69",
  "evaluation_time": 16.866394758224487,
  "kg_co2_emissions": null,
  "mteb_version": "1.14.20",
  "scores": {
    "test": [
      {
        "hf_subset": "default",
        "languages": [
          "eng-Latn"
        ],
        "main_score": 0.3406725364864405,
        "map": 0.3406725364864405,
        "mrr": 0.33709561476105593,
        "nAUC_map_diff1": 0.3151058771368623,
        "nAUC_map_max": 0.2512002152448962,
        "nAUC_map_std": 0.14506858284446647,
        "nAUC_mrr_diff1": 0.3099171932844771,
        "nAUC_mrr_max": 0.2611628852598151,
        "nAUC_mrr_std": 0.15831120205551377
      }
    ]
  },
  "task_name": "StackOverflowDupQuestions"
}