{
  "dataset_revision": "7e90230a92c190f1bf69ae9002b8cea547a64cca",
  "evaluation_time": 3.0582056045532227,
  "kg_co2_emissions": null,
  "mteb_version": "1.14.20",
  "scores": {
    "test": [
      {
        "cosine_pearson": 0.4898918716482591,
        "cosine_spearman": 0.487893916449985,
        "euclidean_pearson": 0.5146415439593102,
        "euclidean_spearman": 0.5061171540678988,
        "hf_subset": "default",
        "languages": [
          "eng-Latn"
        ],
        "main_score": 0.487893916449985,
        "manhattan_pearson": 0.514174802165383,
        "manhattan_spearman": 0.5064622161703983,
        "pearson": 0.4898918716482591,
        "spearman": 0.487893916449985
      }
    ]
  },
  "task_name": "STS13"
}