{
  "dataset_revision": "a0d554a64d88156834ff5ae9920b964011b16384",
  "evaluation_time": 3.7449307441711426,
  "kg_co2_emissions": null,
  "mteb_version": "1.14.20",
  "scores": {
    "test": [
      {
        "cosine_pearson": 0.367705733449396,
        "cosine_spearman": 0.3962776089929994,
        "euclidean_pearson": 0.3578218614133618,
        "euclidean_spearman": 0.3417506112744025,
        "hf_subset": "default",
        "languages": [
          "eng-Latn"
        ],
        "main_score": 0.3962776089929994,
        "manhattan_pearson": 0.35857472913501387,
        "manhattan_spearman": 0.34225481415987397,
        "pearson": 0.367705733449396,
        "spearman": 0.3962776089929994
      }
    ]
  },
  "task_name": "STS12"
}