{
  "dataset_revision": "b0fddb56ed78048fa8b90373c8a3cfc37b684831",
  "evaluation_time": 2.948834180831909,
  "kg_co2_emissions": null,
  "mteb_version": "1.14.20",
  "scores": {
    "test": [
      {
        "cosine_pearson": 0.45094011392558986,
        "cosine_spearman": 0.45348591421827666,
        "euclidean_pearson": 0.4390358458275503,
        "euclidean_spearman": 0.4347587265622555,
        "hf_subset": "default",
        "languages": [
          "eng-Latn"
        ],
        "main_score": 0.45348591421827666,
        "manhattan_pearson": 0.44093030712320813,
        "manhattan_spearman": 0.4364817042357146,
        "pearson": 0.45094011392558986,
        "spearman": 0.45348591421827666
      }
    ]
  },
  "task_name": "STSBenchmark"
}