{
  "dataset_revision": "2000358ca161889fa9c082cb41daa8dcfb161a54",
  "evaluation_time": 45.21178221702576,
  "kg_co2_emissions": null,
  "mteb_version": "1.14.19",
  "scores": {
    "test": [
      {
        "hf_subset": "default",
        "languages": [
          "eng-Latn"
        ],
        "main_score": 0.5043132819646694,
        "map": 0.5043132819646694,
        "mrr": 0.6508760937431297,
        "nAUC_map_diff1": 0.11672108884318956,
        "nAUC_map_max": 0.1515729785643411,
        "nAUC_map_std": 0.10342785667048623,
        "nAUC_mrr_diff1": 0.1327510578557645,
        "nAUC_mrr_max": 0.1510920318396151,
        "nAUC_mrr_std": 0.07809860091833541
      }
    ]
  },
  "task_name": "AskUbuntuDupQuestions"
}