{
  "dataset_revision": "d3c5e1fc0b855ab6097bf1cda04dd73947d7caab",
  "evaluation_time": 116.25417017936707,
  "kg_co2_emissions": null,
  "mteb_version": "1.14.20",
  "scores": {
    "test": [
      {
        "hf_subset": "default",
        "languages": [
          "eng-Latn"
        ],
        "main_score": 0.3531717097883055,
        "map": 0.3531717097883055,
        "mrr": 0.5396203923164709,
        "nAUC_map_diff1": 0.17016824618865525,
        "nAUC_map_max": 0.2974200596103693,
        "nAUC_map_std": 0.1296859231305388,
        "nAUC_mrr_diff1": 0.2239568591036772,
        "nAUC_mrr_max": 0.31179396817691557,
        "nAUC_mrr_std": 0.12370895647613775
      }
    ]
  },
  "task_name": "SciDocsRR"
}