{
  "dataset_revision": "20a6d6f312dd54037fe07a32d58e5e168867909d",
  "evaluation_time": 16.561829328536987,
  "kg_co2_emissions": null,
  "mteb_version": "1.14.20",
  "scores": {
    "test": [
      {
        "cosine_pearson": 0.29901250990866174,
        "cosine_spearman": 0.31131902111612714,
        "euclidean_pearson": 0.3208179370640846,
        "euclidean_spearman": 0.31079969556792664,
        "hf_subset": "default",
        "languages": [
          "eng-Latn"
        ],
        "main_score": 0.31131902111612714,
        "manhattan_pearson": 0.3202723643312756,
        "manhattan_spearman": 0.31070115889731303,
        "pearson": 0.29901250990866174,
        "spearman": 0.31131902111612714
      }
    ]
  },
  "task_name": "SICK-R"
}