{
  "dataset_revision": "e185fbe320c72810689fc5848eb6114e1ef5ec69",
  "evaluation_time": 79.33250737190247,
  "kg_co2_emissions": null,
  "mteb_version": "1.14.20",
  "scores": {
    "test": [
      {
        "hf_subset": "default",
        "languages": [
          "eng-Latn"
        ],
        "main_score": 0.2583641991699972,
        "map": 0.2583641991699972,
        "mrr": 0.2463481983702572,
        "nAUC_map_diff1": 0.19078965446317497,
        "nAUC_map_max": 0.1888560545862432,
        "nAUC_map_std": 0.09274678872267353,
        "nAUC_mrr_diff1": 0.17403126670376148,
        "nAUC_mrr_max": 0.1878528913325907,
        "nAUC_mrr_std": 0.10036219447236461
      }
    ]
  },
  "task_name": "StackOverflowDupQuestions"
}