{
  "dataset_revision": "ae752c7c21bf194d8b67fd573edf7ae58183cbe3",
  "evaluation_time": 11.537750005722046,
  "kg_co2_emissions": null,
  "mteb_version": "1.14.20",
  "scores": {
    "test": [
      {
        "cosine_pearson": 0.32231443629262857,
        "cosine_spearman": 0.3318502287443448,
        "euclidean_pearson": 0.33507701834657494,
        "euclidean_spearman": 0.3244267448325488,
        "hf_subset": "default",
        "languages": [
          "eng-Latn"
        ],
        "main_score": 0.3318502287443448,
        "manhattan_pearson": 0.33576415917594815,
        "manhattan_spearman": 0.32490383028114334,
        "pearson": 0.32231443629262857,
        "spearman": 0.3318502287443448
      }
    ]
  },
  "task_name": "STS15"
}