{
  "dataset_revision": "7e90230a92c190f1bf69ae9002b8cea547a64cca",
  "evaluation_time": 8.838799953460693,
  "kg_co2_emissions": null,
  "mteb_version": "1.14.20",
  "scores": {
    "test": [
      {
        "cosine_pearson": 0.2032024646400887,
        "cosine_spearman": 0.19156767262535185,
        "euclidean_pearson": 0.22229385960725975,
        "euclidean_spearman": 0.21507703866049518,
        "hf_subset": "default",
        "languages": [
          "eng-Latn"
        ],
        "main_score": 0.19156767262535185,
        "manhattan_pearson": 0.22167234949642856,
        "manhattan_spearman": 0.21446482137477002,
        "pearson": 0.2032024646400887,
        "spearman": 0.19156767262535185
      }
    ]
  },
  "task_name": "STS13"
}