{
  "dataset_revision": "b0fddb56ed78048fa8b90373c8a3cfc37b684831",
  "evaluation_time": 6.209815263748169,
  "kg_co2_emissions": null,
  "mteb_version": "1.14.20",
  "scores": {
    "test": [
      {
        "cosine_pearson": 0.12735157262890884,
        "cosine_spearman": 0.13532471456743436,
        "euclidean_pearson": 0.1470820327919297,
        "euclidean_spearman": 0.1434257381690755,
        "hf_subset": "default",
        "languages": [
          "eng-Latn"
        ],
        "main_score": 0.13532471456743436,
        "manhattan_pearson": 0.146797069505095,
        "manhattan_spearman": 0.142939011529207,
        "pearson": 0.12735157262890884,
        "spearman": 0.13532471456743436
      }
    ]
  },
  "task_name": "STSBenchmark"
}