{
  "dataset_revision": "2000358ca161889fa9c082cb41daa8dcfb161a54",
  "evaluation_time": 7.990200042724609,
  "kg_co2_emissions": null,
  "mteb_version": "1.14.20",
  "scores": {
    "test": [
      {
        "hf_subset": "default",
        "languages": [
          "eng-Latn"
        ],
        "main_score": 0.4242368076693408,
        "map": 0.4242368076693408,
        "mrr": 0.5376533438860309,
        "nAUC_map_diff1": 0.1315684697708537,
        "nAUC_map_max": 0.16750376760045615,
        "nAUC_map_std": 0.11300070172254711,
        "nAUC_mrr_diff1": 0.153263430300713,
        "nAUC_mrr_max": 0.20623573832893535,
        "nAUC_mrr_std": 0.11356926492560532
      }
    ]
  },
  "task_name": "AskUbuntuDupQuestions"
}