{
  "dataset_revision": "2000358ca161889fa9c082cb41daa8dcfb161a54",
  "evaluation_time": 8.243988037109375,
  "kg_co2_emissions": null,
  "mteb_version": "1.14.20",
  "scores": {
    "test": [
      {
        "hf_subset": "default",
        "languages": [
          "eng-Latn"
        ],
        "main_score": 0.43225184043720843,
        "map": 0.43225184043720843,
        "mrr": 0.5414457195620631,
        "nAUC_map_diff1": 0.1054241831506592,
        "nAUC_map_max": 0.12368009952398266,
        "nAUC_map_std": -0.02247291892095674,
        "nAUC_mrr_diff1": 0.15363621869655436,
        "nAUC_mrr_max": 0.1672595255759839,
        "nAUC_mrr_std": -0.015824118835518985
      }
    ]
  },
  "task_name": "AskUbuntuDupQuestions"
}