{
  "dataset_revision": "d3fb88f8f02e40887cd149695127462bbcf29b4a",
  "evaluation_time": 1.9859213829040527,
  "kg_co2_emissions": null,
  "mteb_version": "1.14.20",
  "scores": {
    "test": [
      {
        "cosine_pearson": 0.3772930951797393,
        "cosine_spearman": 0.4298953376255737,
        "euclidean_pearson": 0.36083396565806153,
        "euclidean_spearman": 0.3759362768064671,
        "hf_subset": "default",
        "languages": [
          "eng-Latn"
        ],
        "main_score": 0.4298953376255737,
        "manhattan_pearson": 0.36270846089084374,
        "manhattan_spearman": 0.3899305715795814,
        "pearson": 0.3772930951797393,
        "spearman": 0.4298953376255737
      }
    ]
  },
  "task_name": "BIOSSES"
}