{
  "dataset_revision": "e185fbe320c72810689fc5848eb6114e1ef5ec69",
  "evaluation_time": 62.22547888755798,
  "kg_co2_emissions": null,
  "mteb_version": "1.14.20",
  "scores": {
    "test": [
      {
        "hf_subset": "default",
        "languages": [
          "eng-Latn"
        ],
        "main_score": 0.2581994526440048,
        "map": 0.2581994526440048,
        "mrr": 0.24563478800611152,
        "nAUC_map_diff1": 0.19429448758417284,
        "nAUC_map_max": 0.20258177896681165,
        "nAUC_map_std": 0.10759930040803488,
        "nAUC_mrr_diff1": 0.18037313591900148,
        "nAUC_mrr_max": 0.20161384966921342,
        "nAUC_mrr_std": 0.11349705430442206
      }
    ]
  },
  "task_name": "StackOverflowDupQuestions"
}