{
  "dataset_revision": "ae752c7c21bf194d8b67fd573edf7ae58183cbe3",
  "evaluation_time": 12.331691980361938,
  "kg_co2_emissions": null,
  "mteb_version": "1.14.20",
  "scores": {
    "test": [
      {
        "cosine_pearson": 0.32186350336947145,
        "cosine_spearman": 0.33307255845618894,
        "euclidean_pearson": 0.3373624829505132,
        "euclidean_spearman": 0.327781550405861,
        "hf_subset": "default",
        "languages": [
          "eng-Latn"
        ],
        "main_score": 0.33307255845618894,
        "manhattan_pearson": 0.33636789600768213,
        "manhattan_spearman": 0.3269328088147124,
        "pearson": 0.32186350336947145,
        "spearman": 0.33307255845618894
      }
    ]
  },
  "task_name": "STS15"
}