{
  "dataset_revision": "a0d554a64d88156834ff5ae9920b964011b16384",
  "evaluation_time": 11.47929573059082,
  "kg_co2_emissions": null,
  "mteb_version": "1.14.20",
  "scores": {
    "test": [
      {
        "cosine_pearson": 0.07479414327689225,
        "cosine_spearman": 0.15517357096699297,
        "euclidean_pearson": 0.13300117405306502,
        "euclidean_spearman": 0.17585300151259717,
        "hf_subset": "default",
        "languages": [
          "eng-Latn"
        ],
        "main_score": 0.15517357096699297,
        "manhattan_pearson": 0.1329911885655258,
        "manhattan_spearman": 0.17571996408792945,
        "pearson": 0.07479414327689225,
        "spearman": 0.15517357096699297
      }
    ]
  },
  "task_name": "STS12"
}