{
  "dataset_revision": "2000358ca161889fa9c082cb41daa8dcfb161a54",
  "evaluation_time": 8.403032064437866,
  "kg_co2_emissions": null,
  "mteb_version": "1.14.19",
  "scores": {
    "test": [
      {
        "hf_subset": "default",
        "languages": [
          "eng-Latn"
        ],
        "main_score": 0.45762144738861954,
        "map": 0.45762144738861954,
        "mrr": 0.5847634436969616,
        "nAUC_map_diff1": 0.10134251197642033,
        "nAUC_map_max": 0.14581185977451294,
        "nAUC_map_std": -0.052347107720348104,
        "nAUC_mrr_diff1": 0.15119760993753462,
        "nAUC_mrr_max": 0.20098551441217546,
        "nAUC_mrr_std": -0.07489637019308251
      }
    ]
  },
  "task_name": "AskUbuntuDupQuestions"
}