{
  "dataset_revision": "d3fb88f8f02e40887cd149695127462bbcf29b4a",
  "evaluation_time": 1.664290428161621,
  "kg_co2_emissions": null,
  "mteb_version": "1.14.19",
  "scores": {
    "test": [
      {
        "cosine_pearson": 0.423646715835048,
        "cosine_spearman": 0.5597537182236156,
        "euclidean_pearson": 0.4934565249927733,
        "euclidean_spearman": 0.5530848915710811,
        "hf_subset": "default",
        "languages": [
          "eng-Latn"
        ],
        "main_score": 0.5597537182236156,
        "manhattan_pearson": 0.6497578809459117,
        "manhattan_spearman": 0.6558703661379669,
        "pearson": 0.423646715835048,
        "spearman": 0.5597537182236156
      }
    ]
  },
  "task_name": "BIOSSES"
}