{
  "dataset_revision": "59042f120c80e8afa9cdbb224f67076cec0fc9a7",
  "evaluation_time": 120.60883975028992,
  "kg_co2_emissions": null,
  "mteb_version": "1.14.19",
  "scores": {
    "test": [
      {
        "hf_subset": "default",
        "languages": [
          "eng-Latn"
        ],
        "main_score": 0.29115726454804136,
        "map": 0.29115726454804136,
        "mrr": 0.30008551509545334,
        "nAUC_map_diff1": 0.21631768709201987,
        "nAUC_map_max": -0.20316028895570784,
        "nAUC_map_std": 0.1231674433396245,
        "nAUC_mrr_diff1": 0.19055268914687878,
        "nAUC_mrr_max": -0.1483640542269793,
        "nAUC_mrr_std": 0.10732355240220111
      }
    ]
  },
  "task_name": "MindSmallReranking"
}