{
  "dataset_revision": "d66bd1f72af766a5cc4b0ca5e00c162f89e8cc46",
  "evaluation_time": 27.694385290145874,
  "kg_co2_emissions": null,
  "mteb_version": "1.14.19",
  "scores": {
    "test": [
      {
        "cosine_accuracy": 0.9909405940594059,
        "cosine_accuracy_threshold": 0.9623791575431824,
        "cosine_ap": 0.2664467650205085,
        "cosine_f1": 0.3203026481715006,
        "cosine_f1_threshold": 0.949989914894104,
        "cosine_precision": 0.4334470989761092,
        "cosine_recall": 0.254,
        "dot_accuracy": 0.9901089108910891,
        "dot_accuracy_threshold": 4237.85498046875,
        "dot_ap": 0.0168331055348653,
        "dot_f1": 0.03856583308225369,
        "dot_f1_threshold": 3415.14306640625,
        "dot_precision": 0.027598102630444158,
        "dot_recall": 0.064,
        "euclidean_accuracy": 0.9915346534653465,
        "euclidean_accuracy_threshold": 16.510278701782227,
        "euclidean_ap": 0.33407588700948393,
        "euclidean_f1": 0.37329876863253403,
        "euclidean_f1_threshold": 18.147724151611328,
        "euclidean_precision": 0.5303867403314917,
        "euclidean_recall": 0.288,
        "hf_subset": "default",
        "languages": [
          "eng-Latn"
        ],
        "main_score": 0.5117560395810103,
        "manhattan_accuracy": 0.9925049504950495,
        "manhattan_accuracy_threshold": 510.60760498046875,
        "manhattan_ap": 0.5117560395810103,
        "manhattan_f1": 0.511441647597254,
        "manhattan_f1_threshold": 557.559814453125,
        "manhattan_precision": 0.5975935828877005,
        "manhattan_recall": 0.447,
        "max_accuracy": 0.9925049504950495,
        "max_ap": 0.5117560395810103,
        "max_f1": 0.511441647597254,
        "max_precision": 0.5975935828877005,
        "max_recall": 0.447,
        "similarity_accuracy": 0.9909405940594059,
        "similarity_accuracy_threshold": 0.9623791575431824,
        "similarity_ap": 0.2664467650205085,
        "similarity_f1": 0.3203026481715006,
        "similarity_f1_threshold": 0.949989914894104,
        "similarity_precision": 0.4334470989761092,
        "similarity_recall": 0.254
      }
    ],
    "validation": [
      {
        "cosine_accuracy": 0.9906138613861386,
        "cosine_accuracy_threshold": 0.9617012739181519,
        "cosine_ap": 0.1675708991198941,
        "cosine_f1": 0.23789086450030655,
        "cosine_f1_threshold": 0.9486799240112305,
        "cosine_precision": 0.3074484944532488,
        "cosine_recall": 0.194,
        "dot_accuracy": 0.9900990099009901,
        "dot_accuracy_threshold": 4281.1123046875,
        "dot_ap": 0.017715844939060137,
        "dot_f1": 0.04974666052510363,
        "dot_f1_threshold": 3544.94775390625,
        "dot_precision": 0.04611443210930828,
        "dot_recall": 0.054,
        "euclidean_accuracy": 0.9909108910891089,
        "euclidean_accuracy_threshold": 16.386493682861328,
        "euclidean_ap": 0.21300005257539528,
        "euclidean_f1": 0.2731018246027075,
        "euclidean_f1_threshold": 18.915142059326172,
        "euclidean_precision": 0.3319027181688126,
        "euclidean_recall": 0.232,
        "hf_subset": "default",
        "languages": [
          "eng-Latn"
        ],
        "main_score": 0.4114638809844992,
        "manhattan_accuracy": 0.9919009900990099,
        "manhattan_accuracy_threshold": 521.18359375,
        "manhattan_ap": 0.4114638809844992,
        "manhattan_f1": 0.43522654754307594,
        "manhattan_f1_threshold": 551.4912109375,
        "manhattan_precision": 0.6014109347442681,
        "manhattan_recall": 0.341,
        "max_accuracy": 0.9919009900990099,
        "max_ap": 0.4114638809844992,
        "max_f1": 0.43522654754307594,
        "max_precision": 0.6014109347442681,
        "max_recall": 0.341,
        "similarity_accuracy": 0.9906138613861386,
        "similarity_accuracy_threshold": 0.9617012739181519,
        "similarity_ap": 0.1675708991198941,
        "similarity_f1": 0.23789086450030655,
        "similarity_f1_threshold": 0.9486799240112305,
        "similarity_precision": 0.3074484944532488,
        "similarity_recall": 0.194
      }
    ]
  },
  "task_name": "SprintDuplicateQuestions"
}