{
  "dataset_revision": "e185fbe320c72810689fc5848eb6114e1ef5ec69",
  "evaluation_time": 46.21614623069763,
  "kg_co2_emissions": null,
  "mteb_version": "1.14.19",
  "scores": {
    "test": [
      {
        "hf_subset": "default",
        "languages": [
          "eng-Latn"
        ],
        "main_score": 0.372043513687622,
        "map": 0.372043513687622,
        "mrr": 0.37109434682964093,
        "nAUC_map_diff1": 0.29621505645226165,
        "nAUC_map_max": 0.20754165093671198,
        "nAUC_map_std": 0.03427378694264216,
        "nAUC_mrr_diff1": 0.29459663722679635,
        "nAUC_mrr_max": 0.21205817805428234,
        "nAUC_mrr_std": 0.037943539848622185
      }
    ]
  },
  "task_name": "StackOverflowDupQuestions"
}