{
  "dataset_revision": "a0d554a64d88156834ff5ae9920b964011b16384",
  "evaluation_time": 8.090433359146118,
  "kg_co2_emissions": null,
  "mteb_version": "1.14.19",
  "scores": {
    "test": [
      {
        "cosine_pearson": 0.4045281954223836,
        "cosine_spearman": 0.44504392371797236,
        "euclidean_pearson": 0.3980762295031493,
        "euclidean_spearman": 0.4022128026798975,
        "hf_subset": "default",
        "languages": [
          "eng-Latn"
        ],
        "main_score": 0.44504392371797236,
        "manhattan_pearson": 0.4332068586868106,
        "manhattan_spearman": 0.4158078706835868,
        "pearson": 0.4045281954223836,
        "spearman": 0.44504392371797236
      }
    ]
  },
  "task_name": "STS12"
}