{
  "dataset_revision": "6031580fec1f6af667f0bd2da0a551cf4f0b2375",
  "evaluation_time": 13.315493106842041,
  "kg_co2_emissions": null,
  "mteb_version": "1.14.19",
  "scores": {
    "test": [
      {
        "cosine_pearson": 0.43641219249534663,
        "cosine_spearman": 0.43359795594078204,
        "euclidean_pearson": 0.46470913406301473,
        "euclidean_spearman": 0.44937169233819085,
        "hf_subset": "default",
        "languages": [
          "eng-Latn"
        ],
        "main_score": 0.43359795594078204,
        "manhattan_pearson": 0.49446384084103717,
        "manhattan_spearman": 0.4753174620222277,
        "pearson": 0.43641219249534663,
        "spearman": 0.43359795594078204
      }
    ]
  },
  "task_name": "STS14"
}