{
  "dataset_revision": "7e90230a92c190f1bf69ae9002b8cea547a64cca",
  "evaluation_time": 4.871551275253296,
  "kg_co2_emissions": null,
  "mteb_version": "1.14.19",
  "scores": {
    "test": [
      {
        "cosine_pearson": 0.5078267793804384,
        "cosine_spearman": 0.5120921377072578,
        "euclidean_pearson": 0.5338282219005536,
        "euclidean_spearman": 0.5321681700240948,
        "hf_subset": "default",
        "languages": [
          "eng-Latn"
        ],
        "main_score": 0.5120921377072578,
        "manhattan_pearson": 0.5386081312738749,
        "manhattan_spearman": 0.5377348394571089,
        "pearson": 0.5078267793804384,
        "spearman": 0.5120921377072578
      }
    ]
  },
  "task_name": "STS13"
}