{
  "dataset_revision": "b0fddb56ed78048fa8b90373c8a3cfc37b684831",
  "evaluation_time": 4.297427654266357,
  "kg_co2_emissions": null,
  "mteb_version": "1.14.19",
  "scores": {
    "test": [
      {
        "cosine_pearson": 0.48068075316623843,
        "cosine_spearman": 0.48857006047988955,
        "euclidean_pearson": 0.4742739267158365,
        "euclidean_spearman": 0.47524680637948086,
        "hf_subset": "default",
        "languages": [
          "eng-Latn"
        ],
        "main_score": 0.48857006047988955,
        "manhattan_pearson": 0.49289188802557626,
        "manhattan_spearman": 0.4841201973854857,
        "pearson": 0.48068075316623843,
        "spearman": 0.48857006047988955
      }
    ]
  },
  "task_name": "STSBenchmark"
}