{
  "dataset_revision": "2000358ca161889fa9c082cb41daa8dcfb161a54",
  "evaluation_time": 34.7236647605896,
  "kg_co2_emissions": null,
  "mteb_version": "1.14.19",
  "scores": {
    "test": [
      {
        "hf_subset": "default",
        "languages": [
          "eng-Latn"
        ],
        "main_score": 0.508160950465544,
        "map": 0.508160950465544,
        "mrr": 0.6479521171349426,
        "nAUC_map_diff1": 0.14672660765726278,
        "nAUC_map_max": 0.15060122428737807,
        "nAUC_map_std": 0.06626551872063444,
        "nAUC_mrr_diff1": 0.21789120942236154,
        "nAUC_mrr_max": 0.18907321957802056,
        "nAUC_mrr_std": 0.08802762530579533
      }
    ]
  },
  "task_name": "AskUbuntuDupQuestions"
}