{
  "dataset_revision": "d3fb88f8f02e40887cd149695127462bbcf29b4a",
  "evaluation_time": 6.255526781082153,
  "kg_co2_emissions": null,
  "mteb_version": "1.14.19",
  "scores": {
    "test": [
      {
        "cosine_pearson": 0.7947702314033819,
        "cosine_spearman": 0.7808671901790122,
        "euclidean_pearson": 0.7507551934813758,
        "euclidean_spearman": 0.7407156728898143,
        "hf_subset": "default",
        "languages": [
          "eng-Latn"
        ],
        "main_score": 0.7808671901790122,
        "manhattan_pearson": 0.7555730841557301,
        "manhattan_spearman": 0.7462579678494636,
        "pearson": 0.7947702314033819,
        "spearman": 0.7808671901790122
      }
    ]
  },
  "task_name": "BIOSSES"
}