{
  "dataset_revision": "59042f120c80e8afa9cdbb224f67076cec0fc9a7",
  "evaluation_time": 116.67592787742615,
  "kg_co2_emissions": null,
  "mteb_version": "1.14.20",
  "scores": {
    "test": [
      {
        "hf_subset": "default",
        "languages": [
          "eng-Latn"
        ],
        "main_score": 0.2553294115549576,
        "map": 0.2553294115549576,
        "mrr": 0.25973253191810247,
        "nAUC_map_diff1": 0.12100036367364192,
        "nAUC_map_max": -0.21435780869407015,
        "nAUC_map_std": -0.08466423295862714,
        "nAUC_mrr_diff1": 0.11296700560945436,
        "nAUC_mrr_max": -0.14359382871706658,
        "nAUC_mrr_std": -0.04511691290147953
      }
    ]
  },
  "task_name": "MindSmallReranking"
}