{
  "dataset_revision": "ae752c7c21bf194d8b67fd573edf7ae58183cbe3",
  "evaluation_time": 10.163795709609985,
  "kg_co2_emissions": null,
  "mteb_version": "1.14.20",
  "scores": {
    "test": [
      {
        "cosine_pearson": 0.3317524945706785,
        "cosine_spearman": 0.3569797544907007,
        "euclidean_pearson": 0.3251796395277578,
        "euclidean_spearman": 0.309392083425487,
        "hf_subset": "default",
        "languages": [
          "eng-Latn"
        ],
        "main_score": 0.3569797544907007,
        "manhattan_pearson": 0.3262709297422051,
        "manhattan_spearman": 0.3109599016435585,
        "pearson": 0.3317524945706785,
        "spearman": 0.3569797544907007
      }
    ]
  },
  "task_name": "STS15"
}