{
  "dataset_revision": "2000358ca161889fa9c082cb41daa8dcfb161a54",
  "evaluation_time": 16.725666999816895,
  "kg_co2_emissions": null,
  "mteb_version": "1.14.19",
  "scores": {
    "test": [
      {
        "hf_subset": "default",
        "languages": [
          "eng-Latn"
        ],
        "main_score": 0.4574449968467928,
        "map": 0.4574449968467928,
        "mrr": 0.5851723607263773,
        "nAUC_map_diff1": 0.021348390595232986,
        "nAUC_map_max": 0.16104089358936927,
        "nAUC_map_std": -0.04870738688034533,
        "nAUC_mrr_diff1": 0.024810233072796412,
        "nAUC_mrr_max": 0.24182242286432232,
        "nAUC_mrr_std": -0.026443402585970003
      }
    ]
  },
  "task_name": "AskUbuntuDupQuestions"
}