{
  "dataset_revision": "d3c5e1fc0b855ab6097bf1cda04dd73947d7caab",
  "evaluation_time": 149.40473675727844,
  "kg_co2_emissions": null,
  "mteb_version": "1.14.19",
  "scores": {
    "test": [
      {
        "hf_subset": "default",
        "languages": [
          "eng-Latn"
        ],
        "main_score": 0.5013974211085066,
        "map": 0.5013974211085066,
        "mrr": 0.767234771401438,
        "nAUC_map_diff1": 0.04655899116121978,
        "nAUC_map_max": 0.34379937172437197,
        "nAUC_map_std": 0.07331624913821796,
        "nAUC_mrr_diff1": 0.2371480185447889,
        "nAUC_mrr_max": 0.4855182387836162,
        "nAUC_mrr_std": 0.0635587651070653
      }
    ]
  },
  "task_name": "SciDocsRR"
}