{
  "dataset_revision": "20a6d6f312dd54037fe07a32d58e5e168867909d",
  "evaluation_time": 30.48073124885559,
  "kg_co2_emissions": null,
  "mteb_version": "1.14.19",
  "scores": {
    "test": [
      {
        "cosine_pearson": 0.3305049755374799,
        "cosine_spearman": 0.39511428796039144,
        "euclidean_pearson": 0.34174995991868,
        "euclidean_spearman": 0.3598332793504589,
        "hf_subset": "default",
        "languages": [
          "eng-Latn"
        ],
        "main_score": 0.39511428796039144,
        "manhattan_pearson": 0.45063123878157824,
        "manhattan_spearman": 0.4235914320228255,
        "pearson": 0.3305049755374799,
        "spearman": 0.39511428796039144
      }
    ]
  },
  "task_name": "SICK-R"
}