{
  "dataset_revision": "d66bd1f72af766a5cc4b0ca5e00c162f89e8cc46",
  "evaluation_time": 37.841827630996704,
  "kg_co2_emissions": null,
  "mteb_version": "1.14.19",
  "scores": {
    "test": [
      {
        "cosine_accuracy": 0.9904059405940594,
        "cosine_accuracy_threshold": 0.9945842027664185,
        "cosine_ap": 0.13157384182509216,
        "cosine_f1": 0.211139896373057,
        "cosine_f1_threshold": 0.991366982460022,
        "cosine_precision": 0.29963235294117646,
        "cosine_recall": 0.163,
        "dot_accuracy": 0.9900891089108911,
        "dot_accuracy_threshold": 27644.9140625,
        "dot_ap": 0.01044073811950193,
        "dot_f1": 0.022510307938040937,
        "dot_f1_threshold": 20090.4296875,
        "dot_precision": 0.01168936383627175,
        "dot_recall": 0.303,
        "euclidean_accuracy": 0.9904356435643564,
        "euclidean_accuracy_threshold": 15.575897216796875,
        "euclidean_ap": 0.11876105071584094,
        "euclidean_f1": 0.19024625784645102,
        "euclidean_f1_threshold": 20.830814361572266,
        "euclidean_precision": 0.1839402427637722,
        "euclidean_recall": 0.197,
        "hf_subset": "default",
        "languages": [
          "eng-Latn"
        ],
        "main_score": 0.38466984532720816,
        "manhattan_accuracy": 0.9917029702970297,
        "manhattan_accuracy_threshold": 542.9171142578125,
        "manhattan_ap": 0.38466984532720816,
        "manhattan_f1": 0.422360248447205,
        "manhattan_f1_threshold": 593.41796875,
        "manhattan_precision": 0.48508430609597925,
        "manhattan_recall": 0.374,
        "max_accuracy": 0.9917029702970297,
        "max_ap": 0.38466984532720816,
        "max_f1": 0.422360248447205,
        "max_precision": 0.48508430609597925,
        "max_recall": 0.374,
        "similarity_accuracy": 0.9904059405940594,
        "similarity_accuracy_threshold": 0.9945842027664185,
        "similarity_ap": 0.13157384182509216,
        "similarity_f1": 0.211139896373057,
        "similarity_f1_threshold": 0.991366982460022,
        "similarity_precision": 0.29963235294117646,
        "similarity_recall": 0.163
      }
    ],
    "validation": [
      {
        "cosine_accuracy": 0.9904257425742574,
        "cosine_accuracy_threshold": 0.9943251013755798,
        "cosine_ap": 0.09512198501155578,
        "cosine_f1": 0.14793741109530584,
        "cosine_f1_threshold": 0.9919346570968628,
        "cosine_precision": 0.2561576354679803,
        "cosine_recall": 0.104,
        "dot_accuracy": 0.9901089108910891,
        "dot_accuracy_threshold": 27785.9140625,
        "dot_ap": 0.012496343888476712,
        "dot_f1": 0.02168323620157696,
        "dot_f1_threshold": 20551.2421875,
        "dot_precision": 0.011327005730659026,
        "dot_recall": 0.253,
        "euclidean_accuracy": 0.9903663366336634,
        "euclidean_accuracy_threshold": 15.77441692352295,
        "euclidean_ap": 0.09131390794152855,
        "euclidean_f1": 0.14475627769571642,
        "euclidean_f1_threshold": 18.977087020874023,
        "euclidean_precision": 0.2768361581920904,
        "euclidean_recall": 0.098,
        "hf_subset": "default",
        "languages": [
          "eng-Latn"
        ],
        "main_score": 0.27455109469554534,
        "manhattan_accuracy": 0.9909306930693069,
        "manhattan_accuracy_threshold": 539.4981689453125,
        "manhattan_ap": 0.27455109469554534,
        "manhattan_f1": 0.3322185061315496,
        "manhattan_f1_threshold": 598.6641845703125,
        "manhattan_precision": 0.37531486146095716,
        "manhattan_recall": 0.298,
        "max_accuracy": 0.9909306930693069,
        "max_ap": 0.27455109469554534,
        "max_f1": 0.3322185061315496,
        "max_precision": 0.37531486146095716,
        "max_recall": 0.298,
        "similarity_accuracy": 0.9904257425742574,
        "similarity_accuracy_threshold": 0.9943251013755798,
        "similarity_ap": 0.09512198501155578,
        "similarity_f1": 0.14793741109530584,
        "similarity_f1_threshold": 0.9919346570968628,
        "similarity_precision": 0.2561576354679803,
        "similarity_recall": 0.104
      }
    ]
  },
  "task_name": "SprintDuplicateQuestions"
}