{
  "dataset_revision": "e185fbe320c72810689fc5848eb6114e1ef5ec69",
  "evaluation_time": 93.22996282577515,
  "kg_co2_emissions": null,
  "mteb_version": "1.14.19",
  "scores": {
    "test": [
      {
        "hf_subset": "default",
        "languages": [
          "eng-Latn"
        ],
        "main_score": 0.3034286717822641,
        "map": 0.3034286717822641,
        "mrr": 0.29555428231898817,
        "nAUC_map_diff1": 0.1927329168189686,
        "nAUC_map_max": 0.22955456497041932,
        "nAUC_map_std": 0.0289484092439497,
        "nAUC_mrr_diff1": 0.1851831048057976,
        "nAUC_mrr_max": 0.22312708902052555,
        "nAUC_mrr_std": 0.030675821508423868
      }
    ]
  },
  "task_name": "StackOverflowDupQuestions"
}