{
  "dataset_revision": "4d8694f8f0e0100860b497b999b3dbed754a0513",
  "evaluation_time": 9.111441850662231,
  "kg_co2_emissions": null,
  "mteb_version": "1.14.19",
  "scores": {
    "test": [
      {
        "cosine_pearson": 0.36247783189347504,
        "cosine_spearman": 0.4371033424949873,
        "euclidean_pearson": 0.42598921919581667,
        "euclidean_spearman": 0.44833408897199134,
        "hf_subset": "default",
        "languages": [
          "eng-Latn"
        ],
        "main_score": 0.4371033424949873,
        "manhattan_pearson": 0.5235192866188346,
        "manhattan_spearman": 0.518087555900699,
        "pearson": 0.36247783189347504,
        "spearman": 0.4371033424949873
      }
    ]
  },
  "task_name": "STS16"
}