{
  "dataset_revision": "a0d554a64d88156834ff5ae9920b964011b16384",
  "evaluation_time": 16.851614713668823,
  "kg_co2_emissions": null,
  "mteb_version": "1.14.19",
  "scores": {
    "test": [
      {
        "cosine_pearson": 0.38894995113623115,
        "cosine_spearman": 0.49419272608710013,
        "euclidean_pearson": 0.3687049960526013,
        "euclidean_spearman": 0.4119583050382395,
        "hf_subset": "default",
        "languages": [
          "eng-Latn"
        ],
        "main_score": 0.49419272608710013,
        "manhattan_pearson": 0.5064581090838769,
        "manhattan_spearman": 0.493493840243471,
        "pearson": 0.38894995113623115,
        "spearman": 0.49419272608710013
      }
    ]
  },
  "task_name": "STS12"
}