{
  "dataset_revision": "7e90230a92c190f1bf69ae9002b8cea547a64cca",
  "evaluation_time": 9.568489074707031,
  "kg_co2_emissions": null,
  "mteb_version": "1.14.19",
  "scores": {
    "test": [
      {
        "cosine_pearson": 0.3650787499151646,
        "cosine_spearman": 0.3835270425683003,
        "euclidean_pearson": 0.42144411761758804,
        "euclidean_spearman": 0.426105901847139,
        "hf_subset": "default",
        "languages": [
          "eng-Latn"
        ],
        "main_score": 0.3835270425683003,
        "manhattan_pearson": 0.5219169672085282,
        "manhattan_spearman": 0.5213425772724244,
        "pearson": 0.3650787499151646,
        "spearman": 0.3835270425683003
      }
    ]
  },
  "task_name": "STS13"
}