{
  "dataset_revision": "b0fddb56ed78048fa8b90373c8a3cfc37b684831",
  "evaluation_time": 8.13147783279419,
  "kg_co2_emissions": null,
  "mteb_version": "1.14.19",
  "scores": {
    "test": [
      {
        "cosine_pearson": 0.24825783107055294,
        "cosine_spearman": 0.31552863347055515,
        "euclidean_pearson": 0.26566612443301063,
        "euclidean_spearman": 0.2980772717732272,
        "hf_subset": "default",
        "languages": [
          "eng-Latn"
        ],
        "main_score": 0.31552863347055515,
        "manhattan_pearson": 0.42382025857480643,
        "manhattan_spearman": 0.4056748227850707,
        "pearson": 0.24825783107055294,
        "spearman": 0.31552863347055515
      }
    ]
  },
  "task_name": "STSBenchmark"
}