{
  "dataset_revision": "d3fb88f8f02e40887cd149695127462bbcf29b4a",
  "evaluation_time": 1.8686516284942627,
  "kg_co2_emissions": null,
  "mteb_version": "1.14.20",
  "scores": {
    "test": [
      {
        "cosine_pearson": -0.00010124289104969783,
        "cosine_spearman": 0.025687332291243762,
        "euclidean_pearson": -0.0079536075199952,
        "euclidean_spearman": 0.009066471645947904,
        "hf_subset": "default",
        "languages": [
          "eng-Latn"
        ],
        "main_score": 0.025687332291243762,
        "manhattan_pearson": -0.0024109472459101396,
        "manhattan_spearman": 0.01600036457916122,
        "pearson": -0.00010124289104969783,
        "spearman": 0.025687332291243762
      }
    ]
  },
  "task_name": "BIOSSES"
}