{
  "dataset_revision": "20a6d6f312dd54037fe07a32d58e5e168867909d",
  "evaluation_time": 14.54453158378601,
  "kg_co2_emissions": null,
  "mteb_version": "1.14.20",
  "scores": {
    "test": [
      {
        "cosine_pearson": 0.26324337254635155,
        "cosine_spearman": 0.279361098729197,
        "euclidean_pearson": 0.28738325676818144,
        "euclidean_spearman": 0.27849599327380276,
        "hf_subset": "default",
        "languages": [
          "eng-Latn"
        ],
        "main_score": 0.279361098729197,
        "manhattan_pearson": 0.2873728319468095,
        "manhattan_spearman": 0.2782215018796618,
        "pearson": 0.26324337254635155,
        "spearman": 0.279361098729197
      }
    ]
  },
  "task_name": "SICK-R"
}