{
  "dataset_revision": "4d8694f8f0e0100860b497b999b3dbed754a0513",
  "evaluation_time": 7.286930561065674,
  "kg_co2_emissions": null,
  "mteb_version": "1.14.20",
  "scores": {
    "test": [
      {
        "cosine_pearson": 0.2528652086907805,
        "cosine_spearman": 0.2855476725532493,
        "euclidean_pearson": 0.27001961446388734,
        "euclidean_spearman": 0.2736741972653478,
        "hf_subset": "default",
        "languages": [
          "eng-Latn"
        ],
        "main_score": 0.2855476725532493,
        "manhattan_pearson": 0.26992279294917104,
        "manhattan_spearman": 0.2733615472057546,
        "pearson": 0.2528652086907805,
        "spearman": 0.2855476725532493
      }
    ]
  },
  "task_name": "STS16"
}