{
  "dataset_revision": "2000358ca161889fa9c082cb41daa8dcfb161a54",
  "evaluation_time": 8.050891160964966,
  "kg_co2_emissions": null,
  "mteb_version": "1.14.20",
  "scores": {
    "test": [
      {
        "hf_subset": "default",
        "languages": [
          "eng-Latn"
        ],
        "main_score": 0.42404940398604657,
        "map": 0.42404940398604657,
        "mrr": 0.5389328584619444,
        "nAUC_map_diff1": 0.1108245533888011,
        "nAUC_map_max": 0.2260412481011956,
        "nAUC_map_std": 0.121677218114198,
        "nAUC_mrr_diff1": 0.11255725136598986,
        "nAUC_mrr_max": 0.2609194132920052,
        "nAUC_mrr_std": 0.11527857975551234
      }
    ]
  },
  "task_name": "AskUbuntuDupQuestions"
}