{
  "dataset_revision": "d3fb88f8f02e40887cd149695127462bbcf29b4a",
  "evaluation_time": 1.941340446472168,
  "kg_co2_emissions": null,
  "mteb_version": "1.14.20",
  "scores": {
    "test": [
      {
        "cosine_pearson": 0.0017428628160487383,
        "cosine_spearman": 0.020620951790086165,
        "euclidean_pearson": -0.008499110055005369,
        "euclidean_spearman": 0.0008313442439473826,
        "hf_subset": "default",
        "languages": [
          "eng-Latn"
        ],
        "main_score": 0.020620951790086165,
        "manhattan_pearson": -0.005709314782695958,
        "manhattan_spearman": 0.0007711019074294563,
        "pearson": 0.0017428628160487383,
        "spearman": 0.020620951790086165
      }
    ]
  },
  "task_name": "BIOSSES"
}