{
  "dataset_revision": "59042f120c80e8afa9cdbb224f67076cec0fc9a7",
  "evaluation_time": 124.52706241607666,
  "kg_co2_emissions": null,
  "mteb_version": "1.14.20",
  "scores": {
    "test": [
      {
        "hf_subset": "default",
        "languages": [
          "eng-Latn"
        ],
        "main_score": 0.2468603034450694,
        "map": 0.2468603034450694,
        "mrr": 0.2507188593482258,
        "nAUC_map_diff1": 0.19496931888044164,
        "nAUC_map_max": -0.20775831482911844,
        "nAUC_map_std": -0.14781913229784083,
        "nAUC_mrr_diff1": 0.17448245494283757,
        "nAUC_mrr_max": -0.13507944964321197,
        "nAUC_mrr_std": -0.11986900031869462
      }
    ]
  },
  "task_name": "MindSmallReranking"
}