{
  "dataset_revision": "6031580fec1f6af667f0bd2da0a551cf4f0b2375",
  "evaluation_time": 11.789278507232666,
  "kg_co2_emissions": null,
  "mteb_version": "1.14.20",
  "scores": {
    "test": [
      {
        "cosine_pearson": 0.13857509580056776,
        "cosine_spearman": 0.16888980144404905,
        "euclidean_pearson": 0.1527078517998488,
        "euclidean_spearman": 0.16464244281460985,
        "hf_subset": "default",
        "languages": [
          "eng-Latn"
        ],
        "main_score": 0.16888980144404905,
        "manhattan_pearson": 0.15198880434030473,
        "manhattan_spearman": 0.16403367312769715,
        "pearson": 0.13857509580056776,
        "spearman": 0.16888980144404905
      }
    ]
  },
  "task_name": "STS14"
}