{
  "dataset_revision": "a0d554a64d88156834ff5ae9920b964011b16384",
  "evaluation_time": 9.628074407577515,
  "kg_co2_emissions": null,
  "mteb_version": "1.14.20",
  "scores": {
    "test": [
      {
        "cosine_pearson": 0.07348045109114469,
        "cosine_spearman": 0.16732397393778264,
        "euclidean_pearson": 0.13753018757291724,
        "euclidean_spearman": 0.17669795678580344,
        "hf_subset": "default",
        "languages": [
          "eng-Latn"
        ],
        "main_score": 0.16732397393778264,
        "manhattan_pearson": 0.13776424389999997,
        "manhattan_spearman": 0.176946986145622,
        "pearson": 0.07348045109114469,
        "spearman": 0.16732397393778264
      }
    ]
  },
  "task_name": "STS12"
}