{
  "dataset_revision": "2000358ca161889fa9c082cb41daa8dcfb161a54",
  "evaluation_time": 8.101011991500854,
  "kg_co2_emissions": null,
  "mteb_version": "1.14.20",
  "scores": {
    "test": [
      {
        "hf_subset": "default",
        "languages": [
          "eng-Latn"
        ],
        "main_score": 0.4328206890810621,
        "map": 0.4328206890810621,
        "mrr": 0.544019038825133,
        "nAUC_map_diff1": 0.1320947207321023,
        "nAUC_map_max": 0.18257382601655134,
        "nAUC_map_std": 0.09538318984327684,
        "nAUC_mrr_diff1": 0.1699462402998921,
        "nAUC_mrr_max": 0.23561685757541875,
        "nAUC_mrr_std": 0.10090928555469762
      }
    ]
  },
  "task_name": "AskUbuntuDupQuestions"
}