{
  "dataset_revision": "d3c5e1fc0b855ab6097bf1cda04dd73947d7caab",
  "evaluation_time": 55.391061544418335,
  "kg_co2_emissions": null,
  "mteb_version": "1.14.20",
  "scores": {
    "test": [
      {
        "hf_subset": "default",
        "languages": [
          "eng-Latn"
        ],
        "main_score": 0.33975051351511004,
        "map": 0.33975051351511004,
        "mrr": 0.5348064154436702,
        "nAUC_map_diff1": 0.208814449740809,
        "nAUC_map_max": 0.352928326274041,
        "nAUC_map_std": 0.23254931877335921,
        "nAUC_mrr_diff1": 0.3010430295089224,
        "nAUC_mrr_max": 0.3655912588008028,
        "nAUC_mrr_std": 0.19939584569672367
      }
    ]
  },
  "task_name": "SciDocsRR"
}