{
  "dataset_revision": "e185fbe320c72810689fc5848eb6114e1ef5ec69",
  "evaluation_time": 40.07115435600281,
  "kg_co2_emissions": null,
  "mteb_version": "1.14.20",
  "scores": {
    "test": [
      {
        "hf_subset": "default",
        "languages": [
          "eng-Latn"
        ],
        "main_score": 0.25283511243024076,
        "map": 0.25283511243024076,
        "mrr": 0.2389976445123504,
        "nAUC_map_diff1": 0.18850434893927676,
        "nAUC_map_max": 0.229296118283519,
        "nAUC_map_std": 0.08092616399087325,
        "nAUC_mrr_diff1": 0.18260147042719096,
        "nAUC_mrr_max": 0.227546037362748,
        "nAUC_mrr_std": 0.08347276652927808
      }
    ]
  },
  "task_name": "StackOverflowDupQuestions"
}