{
  "dataset_revision": "7e90230a92c190f1bf69ae9002b8cea547a64cca",
  "evaluation_time": 5.07839035987854,
  "kg_co2_emissions": null,
  "mteb_version": "1.14.20",
  "scores": {
    "test": [
      {
        "cosine_pearson": 0.19421172278043136,
        "cosine_spearman": 0.20202627868944656,
        "euclidean_pearson": 0.21071153655429448,
        "euclidean_spearman": 0.21245099494371458,
        "hf_subset": "default",
        "languages": [
          "eng-Latn"
        ],
        "main_score": 0.20202627868944656,
        "manhattan_pearson": 0.21057702731303762,
        "manhattan_spearman": 0.2126405047941561,
        "pearson": 0.19421172278043136,
        "spearman": 0.20202627868944656
      }
    ]
  },
  "task_name": "STS13"
}