{
  "dataset_revision": "6031580fec1f6af667f0bd2da0a551cf4f0b2375",
  "evaluation_time": 10.097782135009766,
  "kg_co2_emissions": null,
  "mteb_version": "1.14.20",
  "scores": {
    "test": [
      {
        "cosine_pearson": 0.13673391561409742,
        "cosine_spearman": 0.15889031962534458,
        "euclidean_pearson": 0.1643584589794219,
        "euclidean_spearman": 0.1714857297762561,
        "hf_subset": "default",
        "languages": [
          "eng-Latn"
        ],
        "main_score": 0.15889031962534458,
        "manhattan_pearson": 0.1640589083402388,
        "manhattan_spearman": 0.17124924973092395,
        "pearson": 0.13673391561409742,
        "spearman": 0.15889031962534458
      }
    ]
  },
  "task_name": "STS14"
}