{
  "dataset_revision": "d3c5e1fc0b855ab6097bf1cda04dd73947d7caab",
  "evaluation_time": 109.8368182182312,
  "kg_co2_emissions": null,
  "mteb_version": "1.14.20",
  "scores": {
    "test": [
      {
        "hf_subset": "default",
        "languages": [
          "eng-Latn"
        ],
        "main_score": 0.3533337707316187,
        "map": 0.3533337707316187,
        "mrr": 0.5413638104814575,
        "nAUC_map_diff1": 0.17441520725576645,
        "nAUC_map_max": 0.29756551793599145,
        "nAUC_map_std": 0.13435862234371954,
        "nAUC_mrr_diff1": 0.22644752804634008,
        "nAUC_mrr_max": 0.3095116831013058,
        "nAUC_mrr_std": 0.12812721172440453
      }
    ]
  },
  "task_name": "SciDocsRR"
}