{
  "dataset_revision": "e185fbe320c72810689fc5848eb6114e1ef5ec69",
  "evaluation_time": 75.63619685173035,
  "kg_co2_emissions": null,
  "mteb_version": "1.14.20",
  "scores": {
    "test": [
      {
        "hf_subset": "default",
        "languages": [
          "eng-Latn"
        ],
        "main_score": 0.25814088115744555,
        "map": 0.25814088115744555,
        "mrr": 0.24623692279942277,
        "nAUC_map_diff1": 0.191013556797577,
        "nAUC_map_max": 0.18974918203553096,
        "nAUC_map_std": 0.09500305044723757,
        "nAUC_mrr_diff1": 0.17521407029145153,
        "nAUC_mrr_max": 0.18822824255282866,
        "nAUC_mrr_std": 0.1008036055293888
      }
    ]
  },
  "task_name": "StackOverflowDupQuestions"
}