{
  "dataset_revision": "6031580fec1f6af667f0bd2da0a551cf4f0b2375",
  "evaluation_time": 12.527676105499268,
  "kg_co2_emissions": null,
  "mteb_version": "1.14.20",
  "scores": {
    "test": [
      {
        "cosine_pearson": 0.16383636076970937,
        "cosine_spearman": 0.16830444939710548,
        "euclidean_pearson": 0.1867006970901655,
        "euclidean_spearman": 0.18335130622127027,
        "hf_subset": "default",
        "languages": [
          "eng-Latn"
        ],
        "main_score": 0.16830444939710548,
        "manhattan_pearson": 0.18706102437401556,
        "manhattan_spearman": 0.18361062519801427,
        "pearson": 0.16383636076970937,
        "spearman": 0.16830444939710548
      }
    ]
  },
  "task_name": "STS14"
}