{
  "dataset_revision": "2000358ca161889fa9c082cb41daa8dcfb161a54",
  "evaluation_time": 9.565523862838745,
  "kg_co2_emissions": null,
  "mteb_version": "1.14.19",
  "scores": {
    "test": [
      {
        "hf_subset": "default",
        "languages": [
          "eng-Latn"
        ],
        "main_score": 0.46729629340166706,
        "map": 0.46729629340166706,
        "mrr": 0.598397309062129,
        "nAUC_map_diff1": 0.14148294783816315,
        "nAUC_map_max": 0.132786734000351,
        "nAUC_map_std": -0.0393704278885826,
        "nAUC_mrr_diff1": 0.21264935617514924,
        "nAUC_mrr_max": 0.1734222604938253,
        "nAUC_mrr_std": -0.04310320280257272
      }
    ]
  },
  "task_name": "AskUbuntuDupQuestions"
}