{
  "dataset_revision": "d3fb88f8f02e40887cd149695127462bbcf29b4a",
  "evaluation_time": 1.9389829635620117,
  "kg_co2_emissions": null,
  "mteb_version": "1.14.19",
  "scores": {
    "test": [
      {
        "cosine_pearson": 0.44389999172117633,
        "cosine_spearman": 0.5548258950964492,
        "euclidean_pearson": 0.5186376074754976,
        "euclidean_spearman": 0.550386034895078,
        "hf_subset": "default",
        "languages": [
          "eng-Latn"
        ],
        "main_score": 0.5548258950964492,
        "manhattan_pearson": 0.6527566843886169,
        "manhattan_spearman": 0.6524546256574005,
        "pearson": 0.44389999172117633,
        "spearman": 0.5548258950964492
      }
    ]
  },
  "task_name": "BIOSSES"
}