{
  "dataset_revision": "20a6d6f312dd54037fe07a32d58e5e168867909d",
  "evaluation_time": 17.20987057685852,
  "kg_co2_emissions": null,
  "mteb_version": "1.14.19",
  "scores": {
    "test": [
      {
        "cosine_pearson": 0.6064971423255867,
        "cosine_spearman": 0.5518672695649556,
        "euclidean_pearson": 0.5720019946509614,
        "euclidean_spearman": 0.5544603960589427,
        "hf_subset": "default",
        "languages": [
          "eng-Latn"
        ],
        "main_score": 0.5518672695649556,
        "manhattan_pearson": 0.5659084997902727,
        "manhattan_spearman": 0.5508982726330542,
        "pearson": 0.6064971423255867,
        "spearman": 0.5518672695649556
      }
    ]
  },
  "task_name": "SICK-R"
}