{
  "dataset_revision": "d66bd1f72af766a5cc4b0ca5e00c162f89e8cc46",
  "evaluation_time": 29.30917739868164,
  "kg_co2_emissions": null,
  "mteb_version": "1.14.19",
  "scores": {
    "test": [
      {
        "cosine_accuracy": 0.9907524752475247,
        "cosine_accuracy_threshold": 0.9518786668777466,
        "cosine_ap": 0.23062886337335525,
        "cosine_f1": 0.30287859824780977,
        "cosine_f1_threshold": 0.9376693367958069,
        "cosine_precision": 0.40468227424749165,
        "cosine_recall": 0.242,
        "dot_accuracy": 0.9901089108910891,
        "dot_accuracy_threshold": 4441.34765625,
        "dot_ap": 0.016907066507693656,
        "dot_f1": 0.037199124726477024,
        "dot_f1_threshold": 3316.68896484375,
        "dot_precision": 0.025602409638554216,
        "dot_recall": 0.068,
        "euclidean_accuracy": 0.9913564356435643,
        "euclidean_accuracy_threshold": 18.64596176147461,
        "euclidean_ap": 0.2981331043384605,
        "euclidean_f1": 0.34793982995421846,
        "euclidean_f1_threshold": 20.047122955322266,
        "euclidean_precision": 0.502835538752363,
        "euclidean_recall": 0.266,
        "hf_subset": "default",
        "languages": [
          "eng-Latn"
        ],
        "main_score": 0.47273591062271475,
        "manhattan_accuracy": 0.9922970297029703,
        "manhattan_accuracy_threshold": 552.4688720703125,
        "manhattan_ap": 0.47273591062271475,
        "manhattan_f1": 0.48736664795058954,
        "manhattan_f1_threshold": 600.791259765625,
        "manhattan_precision": 0.5556978233034571,
        "manhattan_recall": 0.434,
        "max_accuracy": 0.9922970297029703,
        "max_ap": 0.47273591062271475,
        "max_f1": 0.48736664795058954,
        "max_precision": 0.5556978233034571,
        "max_recall": 0.434,
        "similarity_accuracy": 0.9907524752475247,
        "similarity_accuracy_threshold": 0.9518786668777466,
        "similarity_ap": 0.23062886337335525,
        "similarity_f1": 0.30287859824780977,
        "similarity_f1_threshold": 0.9376693367958069,
        "similarity_precision": 0.40468227424749165,
        "similarity_recall": 0.242
      }
    ],
    "validation": [
      {
        "cosine_accuracy": 0.9905841584158416,
        "cosine_accuracy_threshold": 0.95504230260849,
        "cosine_ap": 0.14369150387696483,
        "cosine_f1": 0.21242236024844724,
        "cosine_f1_threshold": 0.9360660314559937,
        "cosine_precision": 0.28032786885245903,
        "cosine_recall": 0.171,
        "dot_accuracy": 0.9901089108910891,
        "dot_accuracy_threshold": 4330.07568359375,
        "dot_ap": 0.018061652493263494,
        "dot_f1": 0.045989904655075714,
        "dot_f1_threshold": 3553.160888671875,
        "dot_precision": 0.05236270753512133,
        "dot_recall": 0.041,
        "euclidean_accuracy": 0.9907524752475247,
        "euclidean_accuracy_threshold": 18.142457962036133,
        "euclidean_ap": 0.18417319845303903,
        "euclidean_f1": 0.25473546701502287,
        "euclidean_f1_threshold": 20.5543212890625,
        "euclidean_precision": 0.3672316384180791,
        "euclidean_recall": 0.195,
        "hf_subset": "default",
        "languages": [
          "eng-Latn"
        ],
        "main_score": 0.3751772232215007,
        "manhattan_accuracy": 0.9915544554455445,
        "manhattan_accuracy_threshold": 556.4195556640625,
        "manhattan_ap": 0.3751772232215007,
        "manhattan_f1": 0.4177215189873417,
        "manhattan_f1_threshold": 608.998779296875,
        "manhattan_precision": 0.491869918699187,
        "manhattan_recall": 0.363,
        "max_accuracy": 0.9915544554455445,
        "max_ap": 0.3751772232215007,
        "max_f1": 0.4177215189873417,
        "max_precision": 0.491869918699187,
        "max_recall": 0.363,
        "similarity_accuracy": 0.9905841584158416,
        "similarity_accuracy_threshold": 0.95504230260849,
        "similarity_ap": 0.14369150387696483,
        "similarity_f1": 0.21242236024844724,
        "similarity_f1_threshold": 0.9360660314559937,
        "similarity_precision": 0.28032786885245903,
        "similarity_recall": 0.171
      }
    ]
  },
  "task_name": "SprintDuplicateQuestions"
}