{
  "dataset_revision": "e185fbe320c72810689fc5848eb6114e1ef5ec69",
  "evaluation_time": 51.54211711883545,
  "kg_co2_emissions": null,
  "mteb_version": "1.14.19",
  "scores": {
    "test": [
      {
        "hf_subset": "default",
        "languages": [
          "eng-Latn"
        ],
        "main_score": 0.3707321894868953,
        "map": 0.3707321894868953,
        "mrr": 0.3704904878618114,
        "nAUC_map_diff1": 0.28690383454802604,
        "nAUC_map_max": 0.21563384630427637,
        "nAUC_map_std": 0.04972655931257277,
        "nAUC_mrr_diff1": 0.28292449855650137,
        "nAUC_mrr_max": 0.2202445093991546,
        "nAUC_mrr_std": 0.05181055433910999
      }
    ]
  },
  "task_name": "StackOverflowDupQuestions"
}