{
  "dataset_revision": "d3fb88f8f02e40887cd149695127462bbcf29b4a",
  "evaluation_time": 1.6166985034942627,
  "kg_co2_emissions": null,
  "mteb_version": "1.14.20",
  "scores": {
    "test": [
      {
        "cosine_pearson": 0.30565464971991,
        "cosine_spearman": 0.32827856438713565,
        "euclidean_pearson": 0.22635339869830126,
        "euclidean_spearman": 0.24658393183517582,
        "hf_subset": "default",
        "languages": [
          "eng-Latn"
        ],
        "main_score": 0.32827856438713565,
        "manhattan_pearson": 0.2285848860063574,
        "manhattan_spearman": 0.2530720314781565,
        "pearson": 0.30565464971991,
        "spearman": 0.32827856438713565
      }
    ]
  },
  "task_name": "BIOSSES"
}