{
  "dataset_revision": "59042f120c80e8afa9cdbb224f67076cec0fc9a7",
  "evaluation_time": 109.78857016563416,
  "kg_co2_emissions": null,
  "mteb_version": "1.14.20",
  "scores": {
    "test": [
      {
        "hf_subset": "default",
        "languages": [
          "eng-Latn"
        ],
        "main_score": 0.2624881856709474,
        "map": 0.2624881856709474,
        "mrr": 0.2671745156848345,
        "nAUC_map_diff1": 0.05423902304860423,
        "nAUC_map_max": -0.22568526689911173,
        "nAUC_map_std": -0.11442791649841781,
        "nAUC_mrr_diff1": 0.06705822580205496,
        "nAUC_mrr_max": -0.15877863825336022,
        "nAUC_mrr_std": -0.07081468458722401
      }
    ]
  },
  "task_name": "MindSmallReranking"
}