{
  "dataset_revision": "e185fbe320c72810689fc5848eb6114e1ef5ec69",
  "evaluation_time": 19.72246265411377,
  "kg_co2_emissions": null,
  "mteb_version": "1.14.20",
  "scores": {
    "test": [
      {
        "hf_subset": "default",
        "languages": [
          "eng-Latn"
        ],
        "main_score": 0.29524189032359516,
        "map": 0.29524189032359516,
        "mrr": 0.28808555619217385,
        "nAUC_map_diff1": 0.2694386942266053,
        "nAUC_map_max": 0.21543516809970012,
        "nAUC_map_std": 0.07378130220604746,
        "nAUC_mrr_diff1": 0.25448577195476,
        "nAUC_mrr_max": 0.21536879989905391,
        "nAUC_mrr_std": 0.07779894382982894
      }
    ]
  },
  "task_name": "StackOverflowDupQuestions"
}