{
  "dataset_revision": "4d8694f8f0e0100860b497b999b3dbed754a0513",
  "evaluation_time": 2.9161078929901123,
  "kg_co2_emissions": null,
  "mteb_version": "1.14.20",
  "scores": {
    "test": [
      {
        "cosine_pearson": 0.4178187379793974,
        "cosine_spearman": 0.4219634627521288,
        "euclidean_pearson": 0.38214115312196123,
        "euclidean_spearman": 0.3715030776911647,
        "hf_subset": "default",
        "languages": [
          "eng-Latn"
        ],
        "main_score": 0.4219634627521288,
        "manhattan_pearson": 0.3812911691013276,
        "manhattan_spearman": 0.37088651915016596,
        "pearson": 0.4178187379793974,
        "spearman": 0.4219634627521288
      }
    ]
  },
  "task_name": "STS16"
}