{
  "dataset_revision": "a0d554a64d88156834ff5ae9920b964011b16384",
  "evaluation_time": 6.182191610336304,
  "kg_co2_emissions": null,
  "mteb_version": "1.14.20",
  "scores": {
    "test": [
      {
        "cosine_pearson": 0.1912200270023191,
        "cosine_spearman": 0.25158312632026675,
        "euclidean_pearson": 0.26960833082822266,
        "euclidean_spearman": 0.28077014983611487,
        "hf_subset": "default",
        "languages": [
          "eng-Latn"
        ],
        "main_score": 0.25158312632026675,
        "manhattan_pearson": 0.2686122395676643,
        "manhattan_spearman": 0.27978980670986753,
        "pearson": 0.1912200270023191,
        "spearman": 0.25158312632026675
      }
    ]
  },
  "task_name": "STS12"
}