{
  "dataset_revision": "b0fddb56ed78048fa8b90373c8a3cfc37b684831",
  "evaluation_time": 2.919342041015625,
  "kg_co2_emissions": null,
  "mteb_version": "1.14.20",
  "scores": {
    "test": [
      {
        "cosine_pearson": 0.27414927183985066,
        "cosine_spearman": 0.2638304365113778,
        "euclidean_pearson": 0.3068968186787854,
        "euclidean_spearman": 0.2985725152931823,
        "hf_subset": "default",
        "languages": [
          "eng-Latn"
        ],
        "main_score": 0.2638304365113778,
        "manhattan_pearson": 0.30708504179873986,
        "manhattan_spearman": 0.29844561194732017,
        "pearson": 0.27414927183985066,
        "spearman": 0.2638304365113778
      }
    ]
  },
  "task_name": "STSBenchmark"
}