{
  "dataset_revision": "d3fb88f8f02e40887cd149695127462bbcf29b4a",
  "evaluation_time": 1.8613622188568115,
  "kg_co2_emissions": null,
  "mteb_version": "1.14.20",
  "scores": {
    "test": [
      {
        "cosine_pearson": -0.039234025572192285,
        "cosine_spearman": 0.005825433941283471,
        "euclidean_pearson": -0.017498229783730068,
        "euclidean_spearman": 0.02183182275409648,
        "hf_subset": "default",
        "languages": [
          "eng-Latn"
        ],
        "main_score": 0.005825433941283471,
        "manhattan_pearson": -0.019411369145938873,
        "manhattan_spearman": 0.02006672229412124,
        "pearson": -0.039234025572192285,
        "spearman": 0.005825433941283471
      }
    ]
  },
  "task_name": "BIOSSES"
}