{
  "dataset_revision": "d3c5e1fc0b855ab6097bf1cda04dd73947d7caab",
  "evaluation_time": 72.82119059562683,
  "kg_co2_emissions": null,
  "mteb_version": "1.14.20",
  "scores": {
    "test": [
      {
        "hf_subset": "default",
        "languages": [
          "eng-Latn"
        ],
        "main_score": 0.32536858042226674,
        "map": 0.32536858042226674,
        "mrr": 0.5114431955118229,
        "nAUC_map_diff1": 0.21026116915938597,
        "nAUC_map_max": 0.33268850537791866,
        "nAUC_map_std": 0.22191586186090773,
        "nAUC_mrr_diff1": 0.30890814960657087,
        "nAUC_mrr_max": 0.36070379429049854,
        "nAUC_mrr_std": 0.19901523425721773
      }
    ]
  },
  "task_name": "SciDocsRR"
}