{
  "dataset_revision": "20a6d6f312dd54037fe07a32d58e5e168867909d",
  "evaluation_time": 13.542073965072632,
  "kg_co2_emissions": null,
  "mteb_version": "1.14.20",
  "scores": {
    "test": [
      {
        "cosine_pearson": 0.273070766596838,
        "cosine_spearman": 0.29351920349826505,
        "euclidean_pearson": 0.29210711094640907,
        "euclidean_spearman": 0.2871125807185662,
        "hf_subset": "default",
        "languages": [
          "eng-Latn"
        ],
        "main_score": 0.29351920349826505,
        "manhattan_pearson": 0.2914054458475252,
        "manhattan_spearman": 0.28662894269711725,
        "pearson": 0.273070766596838,
        "spearman": 0.29351920349826505
      }
    ]
  },
  "task_name": "SICK-R"
}