{
  "dataset_revision": "2000358ca161889fa9c082cb41daa8dcfb161a54",
  "evaluation_time": 10.1418776512146,
  "kg_co2_emissions": null,
  "mteb_version": "1.14.19",
  "scores": {
    "test": [
      {
        "hf_subset": "default",
        "languages": [
          "eng-Latn"
        ],
        "main_score": 0.477109669011417,
        "map": 0.477109669011417,
        "mrr": 0.6079299125005496,
        "nAUC_map_diff1": 0.1371347728469744,
        "nAUC_map_max": 0.19602306012067383,
        "nAUC_map_std": -0.009459238211873385,
        "nAUC_mrr_diff1": 0.23648899511108748,
        "nAUC_mrr_max": 0.2508537807422694,
        "nAUC_mrr_std": -0.05087375350120524
      }
    ]
  },
  "task_name": "AskUbuntuDupQuestions"
}