{
  "dataset_revision": "d3c5e1fc0b855ab6097bf1cda04dd73947d7caab",
  "evaluation_time": 88.22706389427185,
  "kg_co2_emissions": null,
  "mteb_version": "1.14.19",
  "scores": {
    "test": [
      {
        "hf_subset": "default",
        "languages": [
          "eng-Latn"
        ],
        "main_score": 0.6826323861087594,
        "map": 0.6826323861087594,
        "mrr": 0.8761304236794433,
        "nAUC_map_diff1": 0.0869712315388712,
        "nAUC_map_max": 0.4463027688561238,
        "nAUC_map_std": 0.41614167136591795,
        "nAUC_mrr_diff1": 0.3569232865195164,
        "nAUC_mrr_max": 0.5700632258984997,
        "nAUC_mrr_std": 0.3672371999608371
      }
    ]
  },
  "task_name": "SciDocsRR"
}