{
  "dataset_revision": "d66bd1f72af766a5cc4b0ca5e00c162f89e8cc46",
  "evaluation_time": 30.69831681251526,
  "kg_co2_emissions": null,
  "mteb_version": "1.14.19",
  "scores": {
    "test": [
      {
        "cosine_accuracy": 0.9914653465346535,
        "cosine_accuracy_threshold": 0.9510586261749268,
        "cosine_ap": 0.36066685626968525,
        "cosine_f1": 0.41191845269210664,
        "cosine_f1_threshold": 0.9385818839073181,
        "cosine_precision": 0.4315443592552026,
        "cosine_recall": 0.394,
        "dot_accuracy": 0.9901386138613861,
        "dot_accuracy_threshold": 3414.580078125,
        "dot_ap": 0.050483416340649345,
        "dot_f1": 0.10021978021978023,
        "dot_f1_threshold": 3131.849853515625,
        "dot_precision": 0.08941176470588236,
        "dot_recall": 0.114,
        "euclidean_accuracy": 0.9912673267326733,
        "euclidean_accuracy_threshold": 17.059118270874023,
        "euclidean_ap": 0.32559581757392614,
        "euclidean_f1": 0.37689287717330344,
        "euclidean_f1_threshold": 18.972936630249023,
        "euclidean_precision": 0.42911877394636017,
        "euclidean_recall": 0.336,
        "hf_subset": "default",
        "languages": [
          "eng-Latn"
        ],
        "main_score": 0.3852002220986684,
        "manhattan_accuracy": 0.9915247524752475,
        "manhattan_accuracy_threshold": 509.209228515625,
        "manhattan_ap": 0.3852002220986684,
        "manhattan_f1": 0.42379182156133827,
        "manhattan_f1_threshold": 568.462646484375,
        "manhattan_precision": 0.45186862967157415,
        "manhattan_recall": 0.399,
        "max_accuracy": 0.9915247524752475,
        "max_ap": 0.3852002220986684,
        "max_f1": 0.42379182156133827,
        "max_precision": 0.45186862967157415,
        "max_recall": 0.399,
        "similarity_accuracy": 0.9914653465346535,
        "similarity_accuracy_threshold": 0.9510586261749268,
        "similarity_ap": 0.36066685626968525,
        "similarity_f1": 0.41191845269210664,
        "similarity_f1_threshold": 0.9385818839073181,
        "similarity_precision": 0.4315443592552026,
        "similarity_recall": 0.394
      }
    ],
    "validation": [
      {
        "cosine_accuracy": 0.9907128712871287,
        "cosine_accuracy_threshold": 0.9511168599128723,
        "cosine_ap": 0.24016781474071403,
        "cosine_f1": 0.30929024812463934,
        "cosine_f1_threshold": 0.9384355545043945,
        "cosine_precision": 0.3656207366984993,
        "cosine_recall": 0.268,
        "dot_accuracy": 0.9901287128712871,
        "dot_accuracy_threshold": 3750.901123046875,
        "dot_ap": 0.033437278366823406,
        "dot_f1": 0.07702435813034891,
        "dot_f1_threshold": 3073.7431640625,
        "dot_precision": 0.05740922473012758,
        "dot_recall": 0.117,
        "euclidean_accuracy": 0.9906138613861386,
        "euclidean_accuracy_threshold": 16.790103912353516,
        "euclidean_ap": 0.21548252007269358,
        "euclidean_f1": 0.28768577494692144,
        "euclidean_f1_threshold": 19.388816833496094,
        "euclidean_precision": 0.3065610859728507,
        "euclidean_recall": 0.271,
        "hf_subset": "default",
        "languages": [
          "eng-Latn"
        ],
        "main_score": 0.27619402909346147,
        "manhattan_accuracy": 0.9907821782178218,
        "manhattan_accuracy_threshold": 502.33868408203125,
        "manhattan_ap": 0.27619402909346147,
        "manhattan_f1": 0.3389074693422519,
        "manhattan_f1_threshold": 572.7159423828125,
        "manhattan_precision": 0.38287153652392947,
        "manhattan_recall": 0.304,
        "max_accuracy": 0.9907821782178218,
        "max_ap": 0.27619402909346147,
        "max_f1": 0.3389074693422519,
        "max_precision": 0.38287153652392947,
        "max_recall": 0.304,
        "similarity_accuracy": 0.9907128712871287,
        "similarity_accuracy_threshold": 0.9511168599128723,
        "similarity_ap": 0.24016781474071403,
        "similarity_f1": 0.30929024812463934,
        "similarity_f1_threshold": 0.9384355545043945,
        "similarity_precision": 0.3656207366984993,
        "similarity_recall": 0.268
      }
    ]
  },
  "task_name": "SprintDuplicateQuestions"
}