{
  "dataset_revision": "ae752c7c21bf194d8b67fd573edf7ae58183cbe3",
  "evaluation_time": 10.64925479888916,
  "kg_co2_emissions": null,
  "mteb_version": "1.14.19",
  "scores": {
    "test": [
      {
        "cosine_pearson": 0.5526829432510078,
        "cosine_spearman": 0.5820452279438993,
        "euclidean_pearson": 0.6027183110892961,
        "euclidean_spearman": 0.6169663822662642,
        "hf_subset": "default",
        "languages": [
          "eng-Latn"
        ],
        "main_score": 0.5820452279438993,
        "manhattan_pearson": 0.6094698373363381,
        "manhattan_spearman": 0.628985667629322,
        "pearson": 0.5526829432510078,
        "spearman": 0.5820452279438993
      }
    ]
  },
  "task_name": "STS15"
}