{
  "dataset_revision": "6031580fec1f6af667f0bd2da0a551cf4f0b2375",
  "evaluation_time": 16.10284662246704,
  "kg_co2_emissions": null,
  "mteb_version": "1.14.19",
  "scores": {
    "test": [
      {
        "cosine_pearson": 0.47976812880866343,
        "cosine_spearman": 0.4424045911299622,
        "euclidean_pearson": 0.4737886847625321,
        "euclidean_spearman": 0.4490784186118936,
        "hf_subset": "default",
        "languages": [
          "eng-Latn"
        ],
        "main_score": 0.4424045911299622,
        "manhattan_pearson": 0.4845170575619586,
        "manhattan_spearman": 0.4658736184443619,
        "pearson": 0.47976812880866343,
        "spearman": 0.4424045911299622
      }
    ]
  },
  "task_name": "STS14"
}