{
  "dataset_revision": "d3fb88f8f02e40887cd149695127462bbcf29b4a",
  "evaluation_time": 2.4092345237731934,
  "kg_co2_emissions": null,
  "mteb_version": "1.14.20",
  "scores": {
    "test": [
      {
        "cosine_pearson": 0.02044677602329372,
        "cosine_spearman": 0.056175978802966244,
        "euclidean_pearson": 0.01789407443186548,
        "euclidean_spearman": 0.048868583383341796,
        "hf_subset": "default",
        "languages": [
          "eng-Latn"
        ],
        "main_score": 0.056175978802966244,
        "manhattan_pearson": 0.02282086337685098,
        "manhattan_spearman": 0.052410832770595855,
        "pearson": 0.02044677602329372,
        "spearman": 0.056175978802966244
      }
    ]
  },
  "task_name": "BIOSSES"
}