{
  "dataset_revision": "59042f120c80e8afa9cdbb224f67076cec0fc9a7",
  "evaluation_time": 121.37021470069885,
  "kg_co2_emissions": null,
  "mteb_version": "1.14.20",
  "scores": {
    "test": [
      {
        "hf_subset": "default",
        "languages": [
          "eng-Latn"
        ],
        "main_score": 0.24855519655227545,
        "map": 0.24855519655227545,
        "mrr": 0.2528766904432979,
        "nAUC_map_diff1": 0.17007220210355586,
        "nAUC_map_max": -0.1992584868027231,
        "nAUC_map_std": -0.08959401300985444,
        "nAUC_mrr_diff1": 0.15389781564967708,
        "nAUC_mrr_max": -0.12727111103648794,
        "nAUC_mrr_std": -0.05245248362975585
      }
    ]
  },
  "task_name": "MindSmallReranking"
}