{
  "dataset_revision": "d3c5e1fc0b855ab6097bf1cda04dd73947d7caab",
  "evaluation_time": 64.83447289466858,
  "kg_co2_emissions": null,
  "mteb_version": "1.14.20",
  "scores": {
    "test": [
      {
        "hf_subset": "default",
        "languages": [
          "eng-Latn"
        ],
        "main_score": 0.3217810999503977,
        "map": 0.3217810999503977,
        "mrr": 0.5032535093809604,
        "nAUC_map_diff1": 0.21740131878866825,
        "nAUC_map_max": 0.3716929467340415,
        "nAUC_map_std": 0.22566047812129408,
        "nAUC_mrr_diff1": 0.3174741288087015,
        "nAUC_mrr_max": 0.39735966072283707,
        "nAUC_mrr_std": 0.21861928270229558
      }
    ]
  },
  "task_name": "SciDocsRR"
}