{
  "dataset_revision": "4d8694f8f0e0100860b497b999b3dbed754a0513",
  "evaluation_time": 5.0900352001190186,
  "kg_co2_emissions": null,
  "mteb_version": "1.14.20",
  "scores": {
    "test": [
      {
        "cosine_pearson": 0.2734572137402069,
        "cosine_spearman": 0.29534011336603017,
        "euclidean_pearson": 0.28155900978324333,
        "euclidean_spearman": 0.28149209418579596,
        "hf_subset": "default",
        "languages": [
          "eng-Latn"
        ],
        "main_score": 0.29534011336603017,
        "manhattan_pearson": 0.28114218604118607,
        "manhattan_spearman": 0.28106070678809136,
        "pearson": 0.2734572137402069,
        "spearman": 0.29534011336603017
      }
    ]
  },
  "task_name": "STS16"
}