{
  "dataset_revision": "ae752c7c21bf194d8b67fd573edf7ae58183cbe3",
  "evaluation_time": 8.827288627624512,
  "kg_co2_emissions": null,
  "mteb_version": "1.14.20",
  "scores": {
    "test": [
      {
        "cosine_pearson": 0.33074147850872176,
        "cosine_spearman": 0.343814919994995,
        "euclidean_pearson": 0.3357250624592808,
        "euclidean_spearman": 0.3172163518223715,
        "hf_subset": "default",
        "languages": [
          "eng-Latn"
        ],
        "main_score": 0.343814919994995,
        "manhattan_pearson": 0.33673407170924774,
        "manhattan_spearman": 0.3182941813716781,
        "pearson": 0.33074147850872176,
        "spearman": 0.343814919994995
      }
    ]
  },
  "task_name": "STS15"
}