{
  "dataset_revision": "59042f120c80e8afa9cdbb224f67076cec0fc9a7",
  "evaluation_time": 119.60408973693848,
  "kg_co2_emissions": null,
  "mteb_version": "1.14.19",
  "scores": {
    "test": [
      {
        "hf_subset": "default",
        "languages": [
          "eng-Latn"
        ],
        "main_score": 0.2901431976670789,
        "map": 0.2901431976670789,
        "mrr": 0.2990799141839487,
        "nAUC_map_diff1": 0.21297985301933423,
        "nAUC_map_max": -0.20956723421975937,
        "nAUC_map_std": 0.10796403785180135,
        "nAUC_mrr_diff1": 0.18733681316162745,
        "nAUC_mrr_max": -0.15488816158482904,
        "nAUC_mrr_std": 0.09416381668638077
      }
    ]
  },
  "task_name": "MindSmallReranking"
}