{
  "dataset_revision": "d3c5e1fc0b855ab6097bf1cda04dd73947d7caab",
  "evaluation_time": 77.07951641082764,
  "kg_co2_emissions": null,
  "mteb_version": "1.14.19",
  "scores": {
    "test": [
      {
        "hf_subset": "default",
        "languages": [
          "eng-Latn"
        ],
        "main_score": 0.6354476940957571,
        "map": 0.6354476940957571,
        "mrr": 0.8575049677990855,
        "nAUC_map_diff1": 0.13688431379045757,
        "nAUC_map_max": 0.4354967478653953,
        "nAUC_map_std": 0.28846696552296514,
        "nAUC_mrr_diff1": 0.38815675929047583,
        "nAUC_mrr_max": 0.5454279618683814,
        "nAUC_mrr_std": 0.2552215421899828
      }
    ]
  },
  "task_name": "SciDocsRR"
}