{
  "dataset_revision": "20a6d6f312dd54037fe07a32d58e5e168867909d",
  "evaluation_time": 16.604095458984375,
  "kg_co2_emissions": null,
  "mteb_version": "1.14.19",
  "scores": {
    "test": [
      {
        "cosine_pearson": 0.5976006884256622,
        "cosine_spearman": 0.5429779980132183,
        "euclidean_pearson": 0.5630045175003499,
        "euclidean_spearman": 0.5439876217008998,
        "hf_subset": "default",
        "languages": [
          "eng-Latn"
        ],
        "main_score": 0.5429779980132183,
        "manhattan_pearson": 0.5542725019746908,
        "manhattan_spearman": 0.53557427046131,
        "pearson": 0.5976006884256622,
        "spearman": 0.5429779980132183
      }
    ]
  },
  "task_name": "SICK-R"
}