{
  "dataset_revision": "e185fbe320c72810689fc5848eb6114e1ef5ec69",
  "evaluation_time": 49.120134115219116,
  "kg_co2_emissions": null,
  "mteb_version": "1.14.19",
  "scores": {
    "test": [
      {
        "hf_subset": "default",
        "languages": [
          "eng-Latn"
        ],
        "main_score": 0.3669994647180297,
        "map": 0.3669994647180297,
        "mrr": 0.36582672841864017,
        "nAUC_map_diff1": 0.29273918282570954,
        "nAUC_map_max": 0.21560490314145214,
        "nAUC_map_std": 0.03668496937900661,
        "nAUC_mrr_diff1": 0.2915161739583436,
        "nAUC_mrr_max": 0.21993772491721236,
        "nAUC_mrr_std": 0.03903750816073924
      }
    ]
  },
  "task_name": "StackOverflowDupQuestions"
}