{
  "dataset_revision": "20a6d6f312dd54037fe07a32d58e5e168867909d",
  "evaluation_time": 11.792550563812256,
  "kg_co2_emissions": null,
  "mteb_version": "1.14.20",
  "scores": {
    "test": [
      {
        "cosine_pearson": 0.3504327370380904,
        "cosine_spearman": 0.35216854302130046,
        "euclidean_pearson": 0.3624670931780304,
        "euclidean_spearman": 0.3479669400911978,
        "hf_subset": "default",
        "languages": [
          "eng-Latn"
        ],
        "main_score": 0.35216854302130046,
        "manhattan_pearson": 0.3618438749733961,
        "manhattan_spearman": 0.3470093771900112,
        "pearson": 0.3504327370380904,
        "spearman": 0.35216854302130046
      }
    ]
  },
  "task_name": "SICK-R"
}