{
  "dataset_revision": "e185fbe320c72810689fc5848eb6114e1ef5ec69",
  "evaluation_time": 25.38905429840088,
  "kg_co2_emissions": null,
  "mteb_version": "1.14.20",
  "scores": {
    "test": [
      {
        "hf_subset": "default",
        "languages": [
          "eng-Latn"
        ],
        "main_score": 0.27225065020730604,
        "map": 0.27225065020730604,
        "mrr": 0.2613766339869281,
        "nAUC_map_diff1": 0.21792308871718163,
        "nAUC_map_max": 0.2178808100012887,
        "nAUC_map_std": 0.08412802348448484,
        "nAUC_mrr_diff1": 0.20946855808634945,
        "nAUC_mrr_max": 0.218489216985763,
        "nAUC_mrr_std": 0.08996581573834746
      }
    ]
  },
  "task_name": "StackOverflowDupQuestions"
}