{
  "dataset_revision": "6031580fec1f6af667f0bd2da0a551cf4f0b2375",
  "evaluation_time": 7.6951799392700195,
  "kg_co2_emissions": null,
  "mteb_version": "1.14.20",
  "scores": {
    "test": [
      {
        "cosine_pearson": 0.20918724380332332,
        "cosine_spearman": 0.2127130600167197,
        "euclidean_pearson": 0.2351232478313375,
        "euclidean_spearman": 0.22820138706573953,
        "hf_subset": "default",
        "languages": [
          "eng-Latn"
        ],
        "main_score": 0.2127130600167197,
        "manhattan_pearson": 0.2350955065099287,
        "manhattan_spearman": 0.22813861456182805,
        "pearson": 0.20918724380332332,
        "spearman": 0.2127130600167197
      }
    ]
  },
  "task_name": "STS14"
}