{
  "dataset_revision": "a0d554a64d88156834ff5ae9920b964011b16384",
  "evaluation_time": 6.154341459274292,
  "kg_co2_emissions": null,
  "mteb_version": "1.14.20",
  "scores": {
    "test": [
      {
        "cosine_pearson": 0.09715680680604848,
        "cosine_spearman": 0.18298020512880567,
        "euclidean_pearson": 0.16330501806732511,
        "euclidean_spearman": 0.19629155355738478,
        "hf_subset": "default",
        "languages": [
          "eng-Latn"
        ],
        "main_score": 0.18298020512880567,
        "manhattan_pearson": 0.1626382592555133,
        "manhattan_spearman": 0.19609896298118687,
        "pearson": 0.09715680680604848,
        "spearman": 0.18298020512880567
      }
    ]
  },
  "task_name": "STS12"
}