{
  "dataset_revision": "2000358ca161889fa9c082cb41daa8dcfb161a54",
  "evaluation_time": 7.021535634994507,
  "kg_co2_emissions": null,
  "mteb_version": "1.14.20",
  "scores": {
    "test": [
      {
        "hf_subset": "default",
        "languages": [
          "eng-Latn"
        ],
        "main_score": 0.43953761696426713,
        "map": 0.43953761696426713,
        "mrr": 0.5601195972387109,
        "nAUC_map_diff1": 0.14436137443732058,
        "nAUC_map_max": 0.19086561515962636,
        "nAUC_map_std": 0.09459226145501319,
        "nAUC_mrr_diff1": 0.13351462631839112,
        "nAUC_mrr_max": 0.22428378808319988,
        "nAUC_mrr_std": 0.11557854736130894
      }
    ]
  },
  "task_name": "AskUbuntuDupQuestions"
}