{
  "dataset_revision": "59042f120c80e8afa9cdbb224f67076cec0fc9a7",
  "evaluation_time": 116.07560181617737,
  "kg_co2_emissions": null,
  "mteb_version": "1.14.20",
  "scores": {
    "test": [
      {
        "hf_subset": "default",
        "languages": [
          "eng-Latn"
        ],
        "main_score": 0.24922609998712034,
        "map": 0.24922609998712034,
        "mrr": 0.25376324597334493,
        "nAUC_map_diff1": 0.16724750807099084,
        "nAUC_map_max": -0.1987842629741955,
        "nAUC_map_std": -0.07914701081893963,
        "nAUC_mrr_diff1": 0.15222454288978868,
        "nAUC_mrr_max": -0.126779322876402,
        "nAUC_mrr_std": -0.041689478350178055
      }
    ]
  },
  "task_name": "MindSmallReranking"
}