{
  "dataset_revision": "d3c5e1fc0b855ab6097bf1cda04dd73947d7caab",
  "evaluation_time": 60.46402907371521,
  "kg_co2_emissions": null,
  "mteb_version": "1.14.20",
  "scores": {
    "test": [
      {
        "hf_subset": "default",
        "languages": [
          "eng-Latn"
        ],
        "main_score": 0.324511794504135,
        "map": 0.324511794504135,
        "mrr": 0.5090642382309049,
        "nAUC_map_diff1": 0.213037975891238,
        "nAUC_map_max": 0.371637545841578,
        "nAUC_map_std": 0.23315274275282283,
        "nAUC_mrr_diff1": 0.3085885120890012,
        "nAUC_mrr_max": 0.3977531723898034,
        "nAUC_mrr_std": 0.22748356710729445
      }
    ]
  },
  "task_name": "SciDocsRR"
}