{
  "dataset_revision": "20a6d6f312dd54037fe07a32d58e5e168867909d",
  "evaluation_time": 11.73268437385559,
  "kg_co2_emissions": null,
  "mteb_version": "1.14.20",
  "scores": {
    "test": [
      {
        "cosine_pearson": 0.2823370385028555,
        "cosine_spearman": 0.2965198306805221,
        "euclidean_pearson": 0.3014432578985517,
        "euclidean_spearman": 0.29236472518733864,
        "hf_subset": "default",
        "languages": [
          "eng-Latn"
        ],
        "main_score": 0.2965198306805221,
        "manhattan_pearson": 0.302087855620468,
        "manhattan_spearman": 0.29305738003356196,
        "pearson": 0.2823370385028555,
        "spearman": 0.2965198306805221
      }
    ]
  },
  "task_name": "SICK-R"
}