{
  "dataset_revision": "7e90230a92c190f1bf69ae9002b8cea547a64cca",
  "evaluation_time": 4.867752313613892,
  "kg_co2_emissions": null,
  "mteb_version": "1.14.20",
  "scores": {
    "test": [
      {
        "cosine_pearson": 0.20359537467181776,
        "cosine_spearman": 0.23400110924158013,
        "euclidean_pearson": 0.22464333301922157,
        "euclidean_spearman": 0.23028249669690418,
        "hf_subset": "default",
        "languages": [
          "eng-Latn"
        ],
        "main_score": 0.23400110924158013,
        "manhattan_pearson": 0.2242252623969683,
        "manhattan_spearman": 0.23006003820526022,
        "pearson": 0.20359537467181776,
        "spearman": 0.23400110924158013
      }
    ]
  },
  "task_name": "STS13"
}