{
  "dataset_revision": "a0d554a64d88156834ff5ae9920b964011b16384",
  "evaluation_time": 7.053531169891357,
  "kg_co2_emissions": null,
  "mteb_version": "1.14.20",
  "scores": {
    "test": [
      {
        "cosine_pearson": 0.08600240421147956,
        "cosine_spearman": 0.17879535093656349,
        "euclidean_pearson": 0.15274983845597545,
        "euclidean_spearman": 0.18515808243633156,
        "hf_subset": "default",
        "languages": [
          "eng-Latn"
        ],
        "main_score": 0.17879535093656349,
        "manhattan_pearson": 0.15285960799607456,
        "manhattan_spearman": 0.18523527558699032,
        "pearson": 0.08600240421147956,
        "spearman": 0.17879535093656349
      }
    ]
  },
  "task_name": "STS12"
}