{
  "dataset_revision": "2000358ca161889fa9c082cb41daa8dcfb161a54",
  "evaluation_time": 6.062605381011963,
  "kg_co2_emissions": null,
  "mteb_version": "1.14.20",
  "scores": {
    "test": [
      {
        "hf_subset": "default",
        "languages": [
          "eng-Latn"
        ],
        "main_score": 0.4474017078638369,
        "map": 0.4474017078638369,
        "mrr": 0.5650749681220595,
        "nAUC_map_diff1": 0.12587964885973574,
        "nAUC_map_max": 0.1719741583817506,
        "nAUC_map_std": 0.08607541860320855,
        "nAUC_mrr_diff1": 0.12748331222652826,
        "nAUC_mrr_max": 0.20308689281113457,
        "nAUC_mrr_std": 0.11277354275748214
      }
    ]
  },
  "task_name": "AskUbuntuDupQuestions"
}