{
  "dataset_revision": "59042f120c80e8afa9cdbb224f67076cec0fc9a7",
  "evaluation_time": 116.16187381744385,
  "kg_co2_emissions": null,
  "mteb_version": "1.14.20",
  "scores": {
    "test": [
      {
        "hf_subset": "default",
        "languages": [
          "eng-Latn"
        ],
        "main_score": 0.2526046928305423,
        "map": 0.2526046928305423,
        "mrr": 0.2570682670805313,
        "nAUC_map_diff1": 0.12788458690605034,
        "nAUC_map_max": -0.20085028977940522,
        "nAUC_map_std": -0.075789640177131,
        "nAUC_mrr_diff1": 0.124285298000268,
        "nAUC_mrr_max": -0.1302019545849165,
        "nAUC_mrr_std": -0.0346143936637433
      }
    ]
  },
  "task_name": "MindSmallReranking"
}