{
  "dataset_revision": "20a6d6f312dd54037fe07a32d58e5e168867909d",
  "evaluation_time": 12.743075609207153,
  "kg_co2_emissions": null,
  "mteb_version": "1.14.20",
  "scores": {
    "test": [
      {
        "cosine_pearson": 0.3140598662195653,
        "cosine_spearman": 0.32206448195945075,
        "euclidean_pearson": 0.32725107186153934,
        "euclidean_spearman": 0.31301602212832486,
        "hf_subset": "default",
        "languages": [
          "eng-Latn"
        ],
        "main_score": 0.32206448195945075,
        "manhattan_pearson": 0.3277180023825248,
        "manhattan_spearman": 0.31365796846127797,
        "pearson": 0.3140598662195653,
        "spearman": 0.32206448195945075
      }
    ]
  },
  "task_name": "SICK-R"
}