{
  "dataset_revision": "e185fbe320c72810689fc5848eb6114e1ef5ec69",
  "evaluation_time": 31.392282247543335,
  "kg_co2_emissions": null,
  "mteb_version": "1.14.20",
  "scores": {
    "test": [
      {
        "hf_subset": "default",
        "languages": [
          "eng-Latn"
        ],
        "main_score": 0.2711191095806119,
        "map": 0.2711191095806119,
        "mrr": 0.25889806680247857,
        "nAUC_map_diff1": 0.20101589951764212,
        "nAUC_map_max": 0.21665937331915516,
        "nAUC_map_std": 0.05351613549089908,
        "nAUC_mrr_diff1": 0.19063353517582882,
        "nAUC_mrr_max": 0.21540463114499375,
        "nAUC_mrr_std": 0.05638636019998925
      }
    ]
  },
  "task_name": "StackOverflowDupQuestions"
}