{
  "dataset_revision": "ae752c7c21bf194d8b67fd573edf7ae58183cbe3",
  "evaluation_time": 6.457524538040161,
  "kg_co2_emissions": null,
  "mteb_version": "1.14.20",
  "scores": {
    "test": [
      {
        "cosine_pearson": 0.3767696284840651,
        "cosine_spearman": 0.3888751569220112,
        "euclidean_pearson": 0.36301821450539706,
        "euclidean_spearman": 0.339251301882405,
        "hf_subset": "default",
        "languages": [
          "eng-Latn"
        ],
        "main_score": 0.3888751569220112,
        "manhattan_pearson": 0.3626642939547067,
        "manhattan_spearman": 0.338689233863069,
        "pearson": 0.3767696284840651,
        "spearman": 0.3888751569220112
      }
    ]
  },
  "task_name": "STS15"
}