{
  "dataset_revision": "4d8694f8f0e0100860b497b999b3dbed754a0513",
  "evaluation_time": 3.718407392501831,
  "kg_co2_emissions": null,
  "mteb_version": "1.14.20",
  "scores": {
    "test": [
      {
        "cosine_pearson": 0.31749681247064265,
        "cosine_spearman": 0.3349900352227483,
        "euclidean_pearson": 0.3139849931812292,
        "euclidean_spearman": 0.3082555047897343,
        "hf_subset": "default",
        "languages": [
          "eng-Latn"
        ],
        "main_score": 0.3349900352227483,
        "manhattan_pearson": 0.3137949591190379,
        "manhattan_spearman": 0.3086224491421425,
        "pearson": 0.31749681247064265,
        "spearman": 0.3349900352227483
      }
    ]
  },
  "task_name": "STS16"
}