{
  "dataset_revision": "7e90230a92c190f1bf69ae9002b8cea547a64cca",
  "evaluation_time": 4.389397621154785,
  "kg_co2_emissions": null,
  "mteb_version": "1.14.20",
  "scores": {
    "test": [
      {
        "cosine_pearson": 0.23276648267173788,
        "cosine_spearman": 0.2656608208114296,
        "euclidean_pearson": 0.25434227787005037,
        "euclidean_spearman": 0.2591462359723654,
        "hf_subset": "default",
        "languages": [
          "eng-Latn"
        ],
        "main_score": 0.2656608208114296,
        "manhattan_pearson": 0.2544267228715884,
        "manhattan_spearman": 0.25902953308102933,
        "pearson": 0.23276648267173788,
        "spearman": 0.2656608208114296
      }
    ]
  },
  "task_name": "STS13"
}