{
  "dataset_revision": "2000358ca161889fa9c082cb41daa8dcfb161a54",
  "evaluation_time": 9.68393874168396,
  "kg_co2_emissions": null,
  "mteb_version": "1.14.20",
  "scores": {
    "test": [
      {
        "hf_subset": "default",
        "languages": [
          "eng-Latn"
        ],
        "main_score": 0.4172313253853592,
        "map": 0.4172313253853592,
        "mrr": 0.526713714109836,
        "nAUC_map_diff1": 0.08824953365789842,
        "nAUC_map_max": 0.2282015509912818,
        "nAUC_map_std": 0.07535975000110794,
        "nAUC_mrr_diff1": 0.10493511014232478,
        "nAUC_mrr_max": 0.26949014898439666,
        "nAUC_mrr_std": 0.07338684990459321
      }
    ]
  },
  "task_name": "AskUbuntuDupQuestions"
}