{
  "dataset_revision": "59042f120c80e8afa9cdbb224f67076cec0fc9a7",
  "evaluation_time": 129.67145609855652,
  "kg_co2_emissions": null,
  "mteb_version": "1.14.20",
  "scores": {
    "test": [
      {
        "hf_subset": "default",
        "languages": [
          "eng-Latn"
        ],
        "main_score": 0.2462308138747702,
        "map": 0.2462308138747702,
        "mrr": 0.2497322164179138,
        "nAUC_map_diff1": 0.2081037424543649,
        "nAUC_map_max": -0.20871940057207428,
        "nAUC_map_std": -0.19911448714443652,
        "nAUC_mrr_diff1": 0.18560014794817367,
        "nAUC_mrr_max": -0.13629479309599785,
        "nAUC_mrr_std": -0.17655930383037716
      }
    ]
  },
  "task_name": "MindSmallReranking"
}