{
  "dataset_revision": "e185fbe320c72810689fc5848eb6114e1ef5ec69",
  "evaluation_time": 79.61670780181885,
  "kg_co2_emissions": null,
  "mteb_version": "1.14.20",
  "scores": {
    "test": [
      {
        "hf_subset": "default",
        "languages": [
          "eng-Latn"
        ],
        "main_score": 0.23971000330612102,
        "map": 0.23971000330612102,
        "mrr": 0.2243424263644852,
        "nAUC_map_diff1": 0.12539494256086517,
        "nAUC_map_max": 0.21493158084464067,
        "nAUC_map_std": 0.06624090165288203,
        "nAUC_mrr_diff1": 0.12139984556207947,
        "nAUC_mrr_max": 0.21752290296665772,
        "nAUC_mrr_std": 0.06757354859434136
      }
    ]
  },
  "task_name": "StackOverflowDupQuestions"
}