{
  "dataset_revision": "7e90230a92c190f1bf69ae9002b8cea547a64cca",
  "evaluation_time": 9.273811101913452,
  "kg_co2_emissions": null,
  "mteb_version": "1.14.20",
  "scores": {
    "test": [
      {
        "cosine_pearson": 0.1575979684930198,
        "cosine_spearman": 0.20142684510637845,
        "euclidean_pearson": 0.191207443514708,
        "euclidean_spearman": 0.19865836560236483,
        "hf_subset": "default",
        "languages": [
          "eng-Latn"
        ],
        "main_score": 0.20142684510637845,
        "manhattan_pearson": 0.1918242740129917,
        "manhattan_spearman": 0.19907567590928557,
        "pearson": 0.1575979684930198,
        "spearman": 0.20142684510637845
      }
    ]
  },
  "task_name": "STS13"
}