{
  "dataset_revision": "d3fb88f8f02e40887cd149695127462bbcf29b4a",
  "evaluation_time": 2.8224422931671143,
  "kg_co2_emissions": null,
  "mteb_version": "1.14.19",
  "scores": {
    "test": [
      {
        "cosine_pearson": 0.6162180015501356,
        "cosine_spearman": 0.641400156906361,
        "euclidean_pearson": 0.5950305461211499,
        "euclidean_spearman": 0.5964774465649434,
        "hf_subset": "default",
        "languages": [
          "eng-Latn"
        ],
        "main_score": 0.641400156906361,
        "manhattan_pearson": 0.6232452463724443,
        "manhattan_spearman": 0.6045077500227829,
        "pearson": 0.6162180015501356,
        "spearman": 0.641400156906361
      }
    ]
  },
  "task_name": "BIOSSES"
}