{
  "dataset_revision": "59042f120c80e8afa9cdbb224f67076cec0fc9a7",
  "evaluation_time": 184.05674290657043,
  "kg_co2_emissions": null,
  "mteb_version": "1.14.19",
  "scores": {
    "test": [
      {
        "hf_subset": "default",
        "languages": [
          "eng-Latn"
        ],
        "main_score": 0.2798542885201379,
        "map": 0.2798542885201379,
        "mrr": 0.2858222550252915,
        "nAUC_map_diff1": 0.23351056577405693,
        "nAUC_map_max": -0.2375417467254354,
        "nAUC_map_std": -0.057620867604135394,
        "nAUC_mrr_diff1": 0.2100806434787204,
        "nAUC_mrr_max": -0.17902571414353075,
        "nAUC_mrr_std": -0.04587506950501605
      }
    ]
  },
  "task_name": "MindSmallReranking"
}