{
  "dataset_revision": "d3c5e1fc0b855ab6097bf1cda04dd73947d7caab",
  "evaluation_time": 58.0113308429718,
  "kg_co2_emissions": null,
  "mteb_version": "1.14.19",
  "scores": {
    "test": [
      {
        "hf_subset": "default",
        "languages": [
          "eng-Latn"
        ],
        "main_score": 0.680361210328743,
        "map": 0.680361210328743,
        "mrr": 0.8819057395037787,
        "nAUC_map_diff1": 0.12280568468206525,
        "nAUC_map_max": 0.49221763668986157,
        "nAUC_map_std": 0.5144923074753369,
        "nAUC_mrr_diff1": 0.4176780775327662,
        "nAUC_mrr_max": 0.6341073366201713,
        "nAUC_mrr_std": 0.4738838930767714
      }
    ]
  },
  "task_name": "SciDocsRR"
}