{
  "dataset_revision": "20a6d6f312dd54037fe07a32d58e5e168867909d",
  "evaluation_time": 16.30079936981201,
  "kg_co2_emissions": null,
  "mteb_version": "1.14.19",
  "scores": {
    "test": [
      {
        "cosine_pearson": 0.6259955846459352,
        "cosine_spearman": 0.5727110685198241,
        "euclidean_pearson": 0.5798750079664049,
        "euclidean_spearman": 0.5542848476803124,
        "hf_subset": "default",
        "languages": [
          "eng-Latn"
        ],
        "main_score": 0.5727110685198241,
        "manhattan_pearson": 0.5795036871844337,
        "manhattan_spearman": 0.5558889852991483,
        "pearson": 0.6259955846459352,
        "spearman": 0.5727110685198241
      }
    ]
  },
  "task_name": "SICK-R"
}