{
  "dataset_revision": "d66bd1f72af766a5cc4b0ca5e00c162f89e8cc46",
  "evaluation_time": 26.318905353546143,
  "kg_co2_emissions": null,
  "mteb_version": "1.14.19",
  "scores": {
    "test": [
      {
        "cosine_accuracy": 0.993049504950495,
        "cosine_accuracy_threshold": 0.915061354637146,
        "cosine_ap": 0.581683840445004,
        "cosine_f1": 0.5715859030837005,
        "cosine_f1_threshold": 0.9014629125595093,
        "cosine_precision": 0.6360294117647058,
        "cosine_recall": 0.519,
        "dot_accuracy": 0.9901089108910891,
        "dot_accuracy_threshold": 2444.220703125,
        "dot_ap": 0.06294019464466533,
        "dot_f1": 0.1333907056798623,
        "dot_f1_threshold": 1737.5106201171875,
        "dot_precision": 0.11706948640483383,
        "dot_recall": 0.155,
        "euclidean_accuracy": 0.9922475247524752,
        "euclidean_accuracy_threshold": 16.358505249023438,
        "euclidean_ap": 0.4730809865321205,
        "euclidean_f1": 0.48431480462300497,
        "euclidean_f1_threshold": 17.87212371826172,
        "euclidean_precision": 0.5385556915544676,
        "euclidean_recall": 0.44,
        "hf_subset": "default",
        "languages": [
          "eng-Latn"
        ],
        "main_score": 0.581683840445004,
        "manhattan_accuracy": 0.9928217821782178,
        "manhattan_accuracy_threshold": 537.4755859375,
        "manhattan_ap": 0.5422246083130587,
        "manhattan_f1": 0.5431675242995997,
        "manhattan_f1_threshold": 569.1116333007812,
        "manhattan_precision": 0.6341789052069426,
        "manhattan_recall": 0.475,
        "max_accuracy": 0.993049504950495,
        "max_ap": 0.581683840445004,
        "max_f1": 0.5715859030837005,
        "max_precision": 0.6360294117647058,
        "max_recall": 0.519,
        "similarity_accuracy": 0.993049504950495,
        "similarity_accuracy_threshold": 0.915061354637146,
        "similarity_ap": 0.581683840445004,
        "similarity_f1": 0.5715859030837005,
        "similarity_f1_threshold": 0.9014629125595093,
        "similarity_precision": 0.6360294117647058,
        "similarity_recall": 0.519
      }
    ],
    "validation": [
      {
        "cosine_accuracy": 0.9922871287128713,
        "cosine_accuracy_threshold": 0.9089600443840027,
        "cosine_ap": 0.4914745837648755,
        "cosine_f1": 0.5138670852956567,
        "cosine_f1_threshold": 0.894184947013855,
        "cosine_precision": 0.5389681668496158,
        "cosine_recall": 0.491,
        "dot_accuracy": 0.9901287128712871,
        "dot_accuracy_threshold": 2371.14453125,
        "dot_ap": 0.04896590606814953,
        "dot_f1": 0.09753331443152821,
        "dot_f1_threshold": 1700.7125244140625,
        "dot_precision": 0.06806489908982984,
        "dot_recall": 0.172,
        "euclidean_accuracy": 0.9914950495049505,
        "euclidean_accuracy_threshold": 16.49856185913086,
        "euclidean_ap": 0.36040120379910157,
        "euclidean_f1": 0.40941176470588236,
        "euclidean_f1_threshold": 18.06220245361328,
        "euclidean_precision": 0.49714285714285716,
        "euclidean_recall": 0.348,
        "hf_subset": "default",
        "languages": [
          "eng-Latn"
        ],
        "main_score": 0.4914745837648755,
        "manhattan_accuracy": 0.992049504950495,
        "manhattan_accuracy_threshold": 528.9317626953125,
        "manhattan_ap": 0.44842954103719,
        "manhattan_f1": 0.4788430637386181,
        "manhattan_f1_threshold": 591.9740600585938,
        "manhattan_precision": 0.5155709342560554,
        "manhattan_recall": 0.447,
        "max_accuracy": 0.9922871287128713,
        "max_ap": 0.4914745837648755,
        "max_f1": 0.5138670852956567,
        "max_precision": 0.5389681668496158,
        "max_recall": 0.491,
        "similarity_accuracy": 0.9922871287128713,
        "similarity_accuracy_threshold": 0.9089600443840027,
        "similarity_ap": 0.4914745837648755,
        "similarity_f1": 0.5138670852956567,
        "similarity_f1_threshold": 0.894184947013855,
        "similarity_precision": 0.5389681668496158,
        "similarity_recall": 0.491
      }
    ]
  },
  "task_name": "SprintDuplicateQuestions"
}