{
  "dataset_revision": "a0d554a64d88156834ff5ae9920b964011b16384",
  "evaluation_time": 7.691265821456909,
  "kg_co2_emissions": null,
  "mteb_version": "1.14.19",
  "scores": {
    "test": [
      {
        "cosine_pearson": 0.44930866665277114,
        "cosine_spearman": 0.4377932383519463,
        "euclidean_pearson": 0.4284791199747745,
        "euclidean_spearman": 0.4128166242686452,
        "hf_subset": "default",
        "languages": [
          "eng-Latn"
        ],
        "main_score": 0.4377932383519463,
        "manhattan_pearson": 0.438541815710455,
        "manhattan_spearman": 0.4093219784759181,
        "pearson": 0.44930866665277114,
        "spearman": 0.4377932383519463
      }
    ]
  },
  "task_name": "STS12"
}