{
  "dataset_revision": "d3c5e1fc0b855ab6097bf1cda04dd73947d7caab",
  "evaluation_time": 113.61774802207947,
  "kg_co2_emissions": null,
  "mteb_version": "1.14.20",
  "scores": {
    "test": [
      {
        "hf_subset": "default",
        "languages": [
          "eng-Latn"
        ],
        "main_score": 0.315975511520888,
        "map": 0.315975511520888,
        "mrr": 0.48950896597955423,
        "nAUC_map_diff1": 0.17322887364395548,
        "nAUC_map_max": 0.3124408430257488,
        "nAUC_map_std": 0.11541422562651765,
        "nAUC_mrr_diff1": 0.25371532310537726,
        "nAUC_mrr_max": 0.3319309688185082,
        "nAUC_mrr_std": 0.06908220378221462
      }
    ]
  },
  "task_name": "SciDocsRR"
}