{
  "dataset_revision": "a0d554a64d88156834ff5ae9920b964011b16384",
  "evaluation_time": 12.757696866989136,
  "kg_co2_emissions": null,
  "mteb_version": "1.14.20",
  "scores": {
    "test": [
      {
        "cosine_pearson": 0.05499061739192327,
        "cosine_spearman": 0.14442999488658656,
        "euclidean_pearson": 0.10024751192910712,
        "euclidean_spearman": 0.15059453896823713,
        "hf_subset": "default",
        "languages": [
          "eng-Latn"
        ],
        "main_score": 0.14442999488658656,
        "manhattan_pearson": 0.10056678277248213,
        "manhattan_spearman": 0.15075181609375107,
        "pearson": 0.05499061739192327,
        "spearman": 0.14442999488658656
      }
    ]
  },
  "task_name": "STS12"
}