{
  "dataset_revision": "2000358ca161889fa9c082cb41daa8dcfb161a54",
  "evaluation_time": 8.297693729400635,
  "kg_co2_emissions": null,
  "mteb_version": "1.14.20",
  "scores": {
    "test": [
      {
        "hf_subset": "default",
        "languages": [
          "eng-Latn"
        ],
        "main_score": 0.4245571263305155,
        "map": 0.4245571263305155,
        "mrr": 0.5411775051664247,
        "nAUC_map_diff1": 0.14799585074468471,
        "nAUC_map_max": 0.17122615429875226,
        "nAUC_map_std": 0.11018421109569079,
        "nAUC_mrr_diff1": 0.1621442419495159,
        "nAUC_mrr_max": 0.19469834230294258,
        "nAUC_mrr_std": 0.10680089510688924
      }
    ]
  },
  "task_name": "AskUbuntuDupQuestions"
}