{
  "dataset_revision": "59042f120c80e8afa9cdbb224f67076cec0fc9a7",
  "evaluation_time": 124.25781464576721,
  "kg_co2_emissions": null,
  "mteb_version": "1.14.20",
  "scores": {
    "test": [
      {
        "hf_subset": "default",
        "languages": [
          "eng-Latn"
        ],
        "main_score": 0.24841623169593197,
        "map": 0.24841623169593197,
        "mrr": 0.2494971072436606,
        "nAUC_map_diff1": 0.2556694516859401,
        "nAUC_map_max": -0.24436402343077598,
        "nAUC_map_std": -0.15433651907080664,
        "nAUC_mrr_diff1": 0.2321908175880386,
        "nAUC_mrr_max": -0.17787313715051278,
        "nAUC_mrr_std": -0.13212292752937388
      }
    ]
  },
  "task_name": "MindSmallReranking"
}