{
  "dataset_revision": "d3c5e1fc0b855ab6097bf1cda04dd73947d7caab",
  "evaluation_time": 92.1110634803772,
  "kg_co2_emissions": null,
  "mteb_version": "1.14.20",
  "scores": {
    "test": [
      {
        "hf_subset": "default",
        "languages": [
          "eng-Latn"
        ],
        "main_score": 0.3323403978849645,
        "map": 0.3323403978849645,
        "mrr": 0.5154324977854389,
        "nAUC_map_diff1": 0.20335463990452188,
        "nAUC_map_max": 0.3196460487260776,
        "nAUC_map_std": 0.15233269085084852,
        "nAUC_mrr_diff1": 0.2881756998637967,
        "nAUC_mrr_max": 0.3288936127715926,
        "nAUC_mrr_std": 0.1212892538956553
      }
    ]
  },
  "task_name": "SciDocsRR"
}