{
  "dataset_revision": "20a6d6f312dd54037fe07a32d58e5e168867909d",
  "evaluation_time": 14.780961751937866,
  "kg_co2_emissions": null,
  "mteb_version": "1.14.20",
  "scores": {
    "test": [
      {
        "cosine_pearson": 0.2991395962901772,
        "cosine_spearman": 0.3069537156578647,
        "euclidean_pearson": 0.30824970244254696,
        "euclidean_spearman": 0.29990992496304475,
        "hf_subset": "default",
        "languages": [
          "eng-Latn"
        ],
        "main_score": 0.3069537156578647,
        "manhattan_pearson": 0.30771768602580424,
        "manhattan_spearman": 0.2992464926992229,
        "pearson": 0.2991395962901772,
        "spearman": 0.3069537156578647
      }
    ]
  },
  "task_name": "SICK-R"
}