{
  "dataset_revision": "d3c5e1fc0b855ab6097bf1cda04dd73947d7caab",
  "evaluation_time": 27.931025505065918,
  "kg_co2_emissions": null,
  "mteb_version": "1.14.20",
  "scores": {
    "test": [
      {
        "hf_subset": "default",
        "languages": [
          "eng-Latn"
        ],
        "main_score": 0.41687777582831503,
        "map": 0.41687777582831503,
        "mrr": 0.6584342853950697,
        "nAUC_map_diff1": 0.23749064588612304,
        "nAUC_map_max": 0.3851350220189572,
        "nAUC_map_std": 0.32621923904861744,
        "nAUC_mrr_diff1": 0.3986451680394515,
        "nAUC_mrr_max": 0.40309180385390764,
        "nAUC_mrr_std": 0.28427441607827564
      }
    ]
  },
  "task_name": "SciDocsRR"
}