{
  "dataset_revision": "20a6d6f312dd54037fe07a32d58e5e168867909d",
  "evaluation_time": 9.597602128982544,
  "kg_co2_emissions": null,
  "mteb_version": "1.14.20",
  "scores": {
    "test": [
      {
        "cosine_pearson": 0.46057700704576526,
        "cosine_spearman": 0.4373511045022174,
        "euclidean_pearson": 0.4379373251866268,
        "euclidean_spearman": 0.41527032694938026,
        "hf_subset": "default",
        "languages": [
          "eng-Latn"
        ],
        "main_score": 0.4373511045022174,
        "manhattan_pearson": 0.4368936100834819,
        "manhattan_spearman": 0.4141269568774078,
        "pearson": 0.46057700704576526,
        "spearman": 0.4373511045022174
      }
    ]
  },
  "task_name": "SICK-R"
}