{
  "dataset_revision": "7e90230a92c190f1bf69ae9002b8cea547a64cca",
  "evaluation_time": 5.331265926361084,
  "kg_co2_emissions": null,
  "mteb_version": "1.14.20",
  "scores": {
    "test": [
      {
        "cosine_pearson": 0.3469228333796708,
        "cosine_spearman": 0.34792764723419417,
        "euclidean_pearson": 0.3726819290264695,
        "euclidean_spearman": 0.3506123543841187,
        "hf_subset": "default",
        "languages": [
          "eng-Latn"
        ],
        "main_score": 0.34792764723419417,
        "manhattan_pearson": 0.37323722341400317,
        "manhattan_spearman": 0.3510174860077175,
        "pearson": 0.3469228333796708,
        "spearman": 0.34792764723419417
      }
    ]
  },
  "task_name": "STS13"
}