{
  "dataset_revision": "59042f120c80e8afa9cdbb224f67076cec0fc9a7",
  "evaluation_time": 127.48688530921936,
  "kg_co2_emissions": null,
  "mteb_version": "1.14.20",
  "scores": {
    "test": [
      {
        "hf_subset": "default",
        "languages": [
          "eng-Latn"
        ],
        "main_score": 0.2489058469938645,
        "map": 0.2489058469938645,
        "mrr": 0.2502249393277474,
        "nAUC_map_diff1": 0.2476835643861164,
        "nAUC_map_max": -0.2418190650488875,
        "nAUC_map_std": -0.1526019436341508,
        "nAUC_mrr_diff1": 0.22485762492662856,
        "nAUC_mrr_max": -0.17462642708245266,
        "nAUC_mrr_std": -0.12913851612727184
      }
    ]
  },
  "task_name": "MindSmallReranking"
}