{
  "dataset_revision": "d3c5e1fc0b855ab6097bf1cda04dd73947d7caab",
  "evaluation_time": 87.5553228855133,
  "kg_co2_emissions": null,
  "mteb_version": "1.14.20",
  "scores": {
    "test": [
      {
        "hf_subset": "default",
        "languages": [
          "eng-Latn"
        ],
        "main_score": 0.3334772591037913,
        "map": 0.3334772591037913,
        "mrr": 0.5184670449376331,
        "nAUC_map_diff1": 0.20337311962437504,
        "nAUC_map_max": 0.3268662059568444,
        "nAUC_map_std": 0.16452246621107788,
        "nAUC_mrr_diff1": 0.28734777005415585,
        "nAUC_mrr_max": 0.34021435178564924,
        "nAUC_mrr_std": 0.13858781323373243
      }
    ]
  },
  "task_name": "SciDocsRR"
}