{
  "dataset_revision": "20a6d6f312dd54037fe07a32d58e5e168867909d",
  "evaluation_time": 14.472576141357422,
  "kg_co2_emissions": null,
  "mteb_version": "1.14.20",
  "scores": {
    "test": [
      {
        "cosine_pearson": 0.29777732296104203,
        "cosine_spearman": 0.3066087337962954,
        "euclidean_pearson": 0.3077172762821883,
        "euclidean_spearman": 0.2996943918035931,
        "hf_subset": "default",
        "languages": [
          "eng-Latn"
        ],
        "main_score": 0.3066087337962954,
        "manhattan_pearson": 0.3065397869450016,
        "manhattan_spearman": 0.2984562697550131,
        "pearson": 0.29777732296104203,
        "spearman": 0.3066087337962954
      }
    ]
  },
  "task_name": "SICK-R"
}