{
  "dataset_revision": "b0fddb56ed78048fa8b90373c8a3cfc37b684831",
  "evaluation_time": 5.481411695480347,
  "kg_co2_emissions": null,
  "mteb_version": "1.14.20",
  "scores": {
    "test": [
      {
        "cosine_pearson": 0.0934799974339211,
        "cosine_spearman": 0.11835961400885557,
        "euclidean_pearson": 0.11588479543788953,
        "euclidean_spearman": 0.11866106071003643,
        "hf_subset": "default",
        "languages": [
          "eng-Latn"
        ],
        "main_score": 0.11835961400885557,
        "manhattan_pearson": 0.11539085391074702,
        "manhattan_spearman": 0.11857916305085014,
        "pearson": 0.0934799974339211,
        "spearman": 0.11835961400885557
      }
    ]
  },
  "task_name": "STSBenchmark"
}