{
  "dataset_revision": "70970daeab8776df92f5ea462b6173c0b46fd2d1",
  "evaluation_time": 11.03631067276001,
  "kg_co2_emissions": null,
  "mteb_version": "1.14.20",
  "scores": {
    "test": [
      {
        "cosine_accuracy": 0.778208261310127,
        "cosine_accuracy_threshold": 0.9304582476615906,
        "cosine_ap": 0.3470188351903165,
        "cosine_f1": 0.4023273722940019,
        "cosine_f1_threshold": 0.4417293965816498,
        "cosine_precision": 0.2977079903760922,
        "cosine_recall": 0.6203166226912928,
        "dot_accuracy": 0.7758240448232699,
        "dot_accuracy_threshold": 550.1749267578125,
        "dot_ap": 0.33451751636708243,
        "dot_f1": 0.39578846614022495,
        "dot_f1_threshold": 180.91566467285156,
        "dot_precision": 0.28364010517891847,
        "dot_recall": 0.6546174142480211,
        "euclidean_accuracy": 0.7781486558979556,
        "euclidean_accuracy_threshold": 7.885136604309082,
        "euclidean_ap": 0.3365808306331556,
        "euclidean_f1": 0.39588437040666347,
        "euclidean_f1_threshold": 22.515060424804688,
        "euclidean_precision": 0.28666035950804164,
        "euclidean_recall": 0.6395778364116095,
        "hf_subset": "default",
        "languages": [
          "eng-Latn"
        ],
        "main_score": 0.3470188351903165,
        "manhattan_accuracy": 0.7780890504857841,
        "manhattan_accuracy_threshold": 200.8404541015625,
        "manhattan_ap": 0.33619169980029956,
        "manhattan_f1": 0.39484911954076485,
        "manhattan_f1_threshold": 584.6068115234375,
        "manhattan_precision": 0.2796396000439512,
        "manhattan_recall": 0.6715039577836411,
        "max_accuracy": 0.778208261310127,
        "max_ap": 0.3470188351903165,
        "max_f1": 0.4023273722940019,
        "max_precision": 0.2977079903760922,
        "max_recall": 0.6715039577836411,
        "similarity_accuracy": 0.778208261310127,
        "similarity_accuracy_threshold": 0.9304582476615906,
        "similarity_ap": 0.3470188351903165,
        "similarity_f1": 0.4023273722940019,
        "similarity_f1_threshold": 0.4417293965816498,
        "similarity_precision": 0.2977079903760922,
        "similarity_recall": 0.6203166226912928
      }
    ]
  },
  "task_name": "TwitterSemEval2015"
}