{
  "dataset_revision": "2000358ca161889fa9c082cb41daa8dcfb161a54",
  "evaluation_time": 5.089864015579224,
  "kg_co2_emissions": null,
  "mteb_version": "1.14.19",
  "scores": {
    "test": [
      {
        "hf_subset": "default",
        "languages": [
          "eng-Latn"
        ],
        "main_score": 0.46208182538015574,
        "map": 0.46208182538015574,
        "mrr": 0.5993470518401266,
        "nAUC_map_diff1": 0.11995192384382829,
        "nAUC_map_max": 0.14606594613051643,
        "nAUC_map_std": 0.06159895951230897,
        "nAUC_mrr_diff1": 0.17503268782261888,
        "nAUC_mrr_max": 0.18092309756367714,
        "nAUC_mrr_std": 0.0570810978157362
      }
    ]
  },
  "task_name": "AskUbuntuDupQuestions"
}