{
  "dataset_revision": "59042f120c80e8afa9cdbb224f67076cec0fc9a7",
  "evaluation_time": 119.66703391075134,
  "kg_co2_emissions": null,
  "mteb_version": "1.14.19",
  "scores": {
    "test": [
      {
        "hf_subset": "default",
        "languages": [
          "eng-Latn"
        ],
        "main_score": 0.24902168400645727,
        "map": 0.24902168400645727,
        "mrr": 0.2443383547090305,
        "nAUC_map_diff1": 0.15800199527651368,
        "nAUC_map_max": -0.39519106580438845,
        "nAUC_map_std": -0.2922171132292464,
        "nAUC_mrr_diff1": 0.1467744491770608,
        "nAUC_mrr_max": -0.354719180051173,
        "nAUC_mrr_std": -0.26611789367554517
      }
    ]
  },
  "task_name": "MindSmallReranking"
}