{
  "dataset_revision": "d3c5e1fc0b855ab6097bf1cda04dd73947d7caab",
  "evaluation_time": 29.526660680770874,
  "kg_co2_emissions": null,
  "mteb_version": "1.14.19",
  "scores": {
    "test": [
      {
        "hf_subset": "default",
        "languages": [
          "eng-Latn"
        ],
        "main_score": 0.5124252459989157,
        "map": 0.5124252459989157,
        "mrr": 0.7630666084097456,
        "nAUC_map_diff1": 0.22365685655518364,
        "nAUC_map_max": 0.4518162402142259,
        "nAUC_map_std": 0.2648553323170623,
        "nAUC_mrr_diff1": 0.4715683941361774,
        "nAUC_mrr_max": 0.5313283524214891,
        "nAUC_mrr_std": 0.24239681987037826
      }
    ]
  },
  "task_name": "SciDocsRR"
}