{
  "dataset_revision": "20a6d6f312dd54037fe07a32d58e5e168867909d",
  "evaluation_time": 9.14924955368042,
  "kg_co2_emissions": null,
  "mteb_version": "1.14.19",
  "scores": {
    "test": [
      {
        "cosine_pearson": 0.5956016823749093,
        "cosine_spearman": 0.5420491839463204,
        "euclidean_pearson": 0.5616804077442203,
        "euclidean_spearman": 0.5300251686327018,
        "hf_subset": "default",
        "languages": [
          "eng-Latn"
        ],
        "main_score": 0.5420491839463204,
        "manhattan_pearson": 0.5641864839481169,
        "manhattan_spearman": 0.5320827798567164,
        "pearson": 0.5956016823749093,
        "spearman": 0.5420491839463204
      }
    ]
  },
  "task_name": "SICK-R"
}