{
  "dataset_revision": "e185fbe320c72810689fc5848eb6114e1ef5ec69",
  "evaluation_time": 21.36634659767151,
  "kg_co2_emissions": null,
  "mteb_version": "1.14.19",
  "scores": {
    "test": [
      {
        "hf_subset": "default",
        "languages": [
          "eng-Latn"
        ],
        "main_score": 0.37474920482136026,
        "map": 0.37474920482136026,
        "mrr": 0.37407769926152284,
        "nAUC_map_diff1": 0.32262671295917444,
        "nAUC_map_max": 0.19780562687528752,
        "nAUC_map_std": 0.05294747311151521,
        "nAUC_mrr_diff1": 0.3194853483901398,
        "nAUC_mrr_max": 0.211921433253735,
        "nAUC_mrr_std": 0.06135223369730483
      }
    ]
  },
  "task_name": "StackOverflowDupQuestions"
}