{
  "dataset_revision": "ae752c7c21bf194d8b67fd573edf7ae58183cbe3",
  "evaluation_time": 4.660808801651001,
  "kg_co2_emissions": null,
  "mteb_version": "1.14.19",
  "scores": {
    "test": [
      {
        "cosine_pearson": 0.540911387411036,
        "cosine_spearman": 0.5750510427191013,
        "euclidean_pearson": 0.5358655271551321,
        "euclidean_spearman": 0.5511517674465851,
        "hf_subset": "default",
        "languages": [
          "eng-Latn"
        ],
        "main_score": 0.5750510427191013,
        "manhattan_pearson": 0.5404530539810941,
        "manhattan_spearman": 0.5542222454589485,
        "pearson": 0.540911387411036,
        "spearman": 0.5750510427191013
      }
    ]
  },
  "task_name": "STS15"
}