{
  "dataset_revision": "7e90230a92c190f1bf69ae9002b8cea547a64cca",
  "evaluation_time": 3.1781513690948486,
  "kg_co2_emissions": null,
  "mteb_version": "1.14.19",
  "scores": {
    "test": [
      {
        "cosine_pearson": 0.4938891285348143,
        "cosine_spearman": 0.4967528871910876,
        "euclidean_pearson": 0.5332017760327331,
        "euclidean_spearman": 0.5316327271330975,
        "hf_subset": "default",
        "languages": [
          "eng-Latn"
        ],
        "main_score": 0.4967528871910876,
        "manhattan_pearson": 0.5368561157504834,
        "manhattan_spearman": 0.5343588179269284,
        "pearson": 0.4938891285348143,
        "spearman": 0.4967528871910876
      }
    ]
  },
  "task_name": "STS13"
}