{
  "dataset_revision": "b0fddb56ed78048fa8b90373c8a3cfc37b684831",
  "evaluation_time": 3.018392562866211,
  "kg_co2_emissions": null,
  "mteb_version": "1.14.19",
  "scores": {
    "test": [
      {
        "cosine_pearson": 0.37522444830710533,
        "cosine_spearman": 0.40512695146778754,
        "euclidean_pearson": 0.4435926925572695,
        "euclidean_spearman": 0.4488967773175875,
        "hf_subset": "default",
        "languages": [
          "eng-Latn"
        ],
        "main_score": 0.40512695146778754,
        "manhattan_pearson": 0.4525232220848127,
        "manhattan_spearman": 0.4560638166832947,
        "pearson": 0.37522444830710533,
        "spearman": 0.40512695146778754
      }
    ]
  },
  "task_name": "STSBenchmark"
}