{
  "dataset_revision": "2000358ca161889fa9c082cb41daa8dcfb161a54",
  "evaluation_time": 11.416951417922974,
  "kg_co2_emissions": null,
  "mteb_version": "1.14.19",
  "scores": {
    "test": [
      {
        "hf_subset": "default",
        "languages": [
          "eng-Latn"
        ],
        "main_score": 0.4694258810959733,
        "map": 0.4694258810959733,
        "mrr": 0.599624060150376,
        "nAUC_map_diff1": 0.13263513917902234,
        "nAUC_map_max": 0.11918700059162367,
        "nAUC_map_std": -0.04713044060320706,
        "nAUC_mrr_diff1": 0.22012627983359534,
        "nAUC_mrr_max": 0.20190251156019348,
        "nAUC_mrr_std": -0.02010680469714366
      }
    ]
  },
  "task_name": "AskUbuntuDupQuestions"
}