{
  "dataset_revision": "d3fb88f8f02e40887cd149695127462bbcf29b4a",
  "evaluation_time": 1.99737548828125,
  "kg_co2_emissions": null,
  "mteb_version": "1.14.19",
  "scores": {
    "test": [
      {
        "cosine_pearson": 0.4585140600879812,
        "cosine_spearman": 0.5611453161971796,
        "euclidean_pearson": 0.5270854316214537,
        "euclidean_spearman": 0.5690611592156352,
        "hf_subset": "default",
        "languages": [
          "eng-Latn"
        ],
        "main_score": 0.5611453161971796,
        "manhattan_pearson": 0.6519477958166946,
        "manhattan_spearman": 0.6542920169211972,
        "pearson": 0.4585140600879812,
        "spearman": 0.5611453161971796
      }
    ]
  },
  "task_name": "BIOSSES"
}