{
  "dataset_revision": "59042f120c80e8afa9cdbb224f67076cec0fc9a7",
  "evaluation_time": 126.65305161476135,
  "kg_co2_emissions": null,
  "mteb_version": "1.14.19",
  "scores": {
    "test": [
      {
        "hf_subset": "default",
        "languages": [
          "eng-Latn"
        ],
        "main_score": 0.29135293584684546,
        "map": 0.29135293584684546,
        "mrr": 0.30093517836053574,
        "nAUC_map_diff1": 0.2333262096495499,
        "nAUC_map_max": -0.18413098198085795,
        "nAUC_map_std": 0.1091924725479235,
        "nAUC_mrr_diff1": 0.2042608749739194,
        "nAUC_mrr_max": -0.12618330188205157,
        "nAUC_mrr_std": 0.09254705937498839
      }
    ]
  },
  "task_name": "MindSmallReranking"
}