{
  "dataset_revision": "e185fbe320c72810689fc5848eb6114e1ef5ec69",
  "evaluation_time": 66.06803631782532,
  "kg_co2_emissions": null,
  "mteb_version": "1.14.19",
  "scores": {
    "test": [
      {
        "hf_subset": "default",
        "languages": [
          "eng-Latn"
        ],
        "main_score": 0.3655971469632388,
        "map": 0.3655971469632388,
        "mrr": 0.3655886597063068,
        "nAUC_map_diff1": 0.2815687292359155,
        "nAUC_map_max": 0.20999232756662542,
        "nAUC_map_std": 0.04949384559230264,
        "nAUC_mrr_diff1": 0.27778054868336327,
        "nAUC_mrr_max": 0.21390500731406606,
        "nAUC_mrr_std": 0.053412082474002504
      }
    ]
  },
  "task_name": "StackOverflowDupQuestions"
}