{
  "dataset_revision": "7e90230a92c190f1bf69ae9002b8cea547a64cca",
  "evaluation_time": 6.351311206817627,
  "kg_co2_emissions": null,
  "mteb_version": "1.14.19",
  "scores": {
    "test": [
      {
        "cosine_pearson": 0.4879903713651081,
        "cosine_spearman": 0.49807575086216227,
        "euclidean_pearson": 0.5200902263808334,
        "euclidean_spearman": 0.5207871321539558,
        "hf_subset": "default",
        "languages": [
          "eng-Latn"
        ],
        "main_score": 0.49807575086216227,
        "manhattan_pearson": 0.5116232653026728,
        "manhattan_spearman": 0.5114415217225232,
        "pearson": 0.4879903713651081,
        "spearman": 0.49807575086216227
      }
    ]
  },
  "task_name": "STS13"
}