{
  "dataset_revision": "2000358ca161889fa9c082cb41daa8dcfb161a54",
  "evaluation_time": 14.236891269683838,
  "kg_co2_emissions": null,
  "mteb_version": "1.14.19",
  "scores": {
    "test": [
      {
        "hf_subset": "default",
        "languages": [
          "eng-Latn"
        ],
        "main_score": 0.4728275528310614,
        "map": 0.4728275528310614,
        "mrr": 0.5882996966099459,
        "nAUC_map_diff1": 0.11686499045795783,
        "nAUC_map_max": 0.20259410703387482,
        "nAUC_map_std": -0.01571199040140627,
        "nAUC_mrr_diff1": 0.18145232454085705,
        "nAUC_mrr_max": 0.2605627353478369,
        "nAUC_mrr_std": -0.050390963428097374
      }
    ]
  },
  "task_name": "AskUbuntuDupQuestions"
}