{
  "dataset_revision": "20a6d6f312dd54037fe07a32d58e5e168867909d",
  "evaluation_time": 15.35084581375122,
  "kg_co2_emissions": null,
  "mteb_version": "1.14.20",
  "scores": {
    "test": [
      {
        "cosine_pearson": 0.255121478029791,
        "cosine_spearman": 0.27182563032775237,
        "euclidean_pearson": 0.28191948542507095,
        "euclidean_spearman": 0.2715583617501311,
        "hf_subset": "default",
        "languages": [
          "eng-Latn"
        ],
        "main_score": 0.27182563032775237,
        "manhattan_pearson": 0.2826922401482985,
        "manhattan_spearman": 0.2719381695178609,
        "pearson": 0.255121478029791,
        "spearman": 0.27182563032775237
      }
    ]
  },
  "task_name": "SICK-R"
}