{
  "dataset_revision": "6031580fec1f6af667f0bd2da0a551cf4f0b2375",
  "evaluation_time": 11.397072792053223,
  "kg_co2_emissions": null,
  "mteb_version": "1.14.20",
  "scores": {
    "test": [
      {
        "cosine_pearson": 0.13429029254782987,
        "cosine_spearman": 0.1635943775635227,
        "euclidean_pearson": 0.14959892155668106,
        "euclidean_spearman": 0.15986803941963504,
        "hf_subset": "default",
        "languages": [
          "eng-Latn"
        ],
        "main_score": 0.1635943775635227,
        "manhattan_pearson": 0.14917304511591414,
        "manhattan_spearman": 0.15938081113674898,
        "pearson": 0.13429029254782987,
        "spearman": 0.1635943775635227
      }
    ]
  },
  "task_name": "STS14"
}