{
  "dataset_revision": "d3fb88f8f02e40887cd149695127462bbcf29b4a",
  "evaluation_time": 2.9375619888305664,
  "kg_co2_emissions": null,
  "mteb_version": "1.14.20",
  "scores": {
    "test": [
      {
        "cosine_pearson": 0.026494463687623267,
        "cosine_spearman": 0.06515811117778905,
        "euclidean_pearson": 0.05016707368163126,
        "euclidean_spearman": 0.07679090635940063,
        "hf_subset": "default",
        "languages": [
          "eng-Latn"
        ],
        "main_score": 0.06515811117778905,
        "manhattan_pearson": 0.04626858672446682,
        "manhattan_spearman": 0.0798391685872077,
        "pearson": 0.026494463687623267,
        "spearman": 0.06515811117778905
      }
    ]
  },
  "task_name": "BIOSSES"
}