{
  "dataset_revision": "59042f120c80e8afa9cdbb224f67076cec0fc9a7",
  "evaluation_time": 129.9962317943573,
  "kg_co2_emissions": null,
  "mteb_version": "1.14.20",
  "scores": {
    "test": [
      {
        "hf_subset": "default",
        "languages": [
          "eng-Latn"
        ],
        "main_score": 0.2468943502157588,
        "map": 0.2468943502157588,
        "mrr": 0.24708299377905232,
        "nAUC_map_diff1": 0.26776258793363866,
        "nAUC_map_max": -0.256158700379745,
        "nAUC_map_std": -0.19410900504931966,
        "nAUC_mrr_diff1": 0.24241862342654735,
        "nAUC_mrr_max": -0.19165812840828889,
        "nAUC_mrr_std": -0.17457488918654168
      }
    ]
  },
  "task_name": "MindSmallReranking"
}