{
  "dataset_revision": "20a6d6f312dd54037fe07a32d58e5e168867909d",
  "evaluation_time": 15.897818326950073,
  "kg_co2_emissions": null,
  "mteb_version": "1.14.20",
  "scores": {
    "test": [
      {
        "cosine_pearson": 0.29309713138201526,
        "cosine_spearman": 0.30178731911466417,
        "euclidean_pearson": 0.30481603387754314,
        "euclidean_spearman": 0.2962686817345083,
        "hf_subset": "default",
        "languages": [
          "eng-Latn"
        ],
        "main_score": 0.30178731911466417,
        "manhattan_pearson": 0.3042118490460648,
        "manhattan_spearman": 0.2953610610792799,
        "pearson": 0.29309713138201526,
        "spearman": 0.30178731911466417
      }
    ]
  },
  "task_name": "SICK-R"
}