{
  "dataset_revision": "e185fbe320c72810689fc5848eb6114e1ef5ec69",
  "evaluation_time": 76.22052717208862,
  "kg_co2_emissions": null,
  "mteb_version": "1.14.20",
  "scores": {
    "test": [
      {
        "hf_subset": "default",
        "languages": [
          "eng-Latn"
        ],
        "main_score": 0.2462473846197806,
        "map": 0.2462473846197806,
        "mrr": 0.2308102028690264,
        "nAUC_map_diff1": 0.17521324538475513,
        "nAUC_map_max": 0.19463615240436352,
        "nAUC_map_std": 0.06907379739040276,
        "nAUC_mrr_diff1": 0.16931846879133805,
        "nAUC_mrr_max": 0.19843429596777792,
        "nAUC_mrr_std": 0.07487815938630818
      }
    ]
  },
  "task_name": "StackOverflowDupQuestions"
}