{
  "dataset_revision": "a0d554a64d88156834ff5ae9920b964011b16384",
  "evaluation_time": 12.964622020721436,
  "kg_co2_emissions": null,
  "mteb_version": "1.14.20",
  "scores": {
    "test": [
      {
        "cosine_pearson": 0.03137710651055695,
        "cosine_spearman": 0.12093783356524697,
        "euclidean_pearson": 0.10505515030490277,
        "euclidean_spearman": 0.15535811561219526,
        "hf_subset": "default",
        "languages": [
          "eng-Latn"
        ],
        "main_score": 0.12093783356524697,
        "manhattan_pearson": 0.10568141553254948,
        "manhattan_spearman": 0.15610712795246515,
        "pearson": 0.03137710651055695,
        "spearman": 0.12093783356524697
      }
    ]
  },
  "task_name": "STS12"
}