{
  "dataset_revision": "7e90230a92c190f1bf69ae9002b8cea547a64cca",
  "evaluation_time": 8.117742776870728,
  "kg_co2_emissions": null,
  "mteb_version": "1.14.20",
  "scores": {
    "test": [
      {
        "cosine_pearson": 0.17008274276696564,
        "cosine_spearman": 0.17312049234966412,
        "euclidean_pearson": 0.18965730137377557,
        "euclidean_spearman": 0.18381503121217171,
        "hf_subset": "default",
        "languages": [
          "eng-Latn"
        ],
        "main_score": 0.17312049234966412,
        "manhattan_pearson": 0.18952005165543864,
        "manhattan_spearman": 0.18365190020474081,
        "pearson": 0.17008274276696564,
        "spearman": 0.17312049234966412
      }
    ]
  },
  "task_name": "STS13"
}