{
  "dataset_revision": "d3fb88f8f02e40887cd149695127462bbcf29b4a",
  "evaluation_time": 2.718853235244751,
  "kg_co2_emissions": null,
  "mteb_version": "1.14.19",
  "scores": {
    "test": [
      {
        "cosine_pearson": 0.5454396084708593,
        "cosine_spearman": 0.6030920551146116,
        "euclidean_pearson": 0.5829957948210988,
        "euclidean_spearman": 0.6104837898053613,
        "hf_subset": "default",
        "languages": [
          "eng-Latn"
        ],
        "main_score": 0.6030920551146116,
        "manhattan_pearson": 0.6749640868744049,
        "manhattan_spearman": 0.6640091058015388,
        "pearson": 0.5454396084708593,
        "spearman": 0.6030920551146116
      }
    ]
  },
  "task_name": "BIOSSES"
}