{
  "dataset_revision": "59042f120c80e8afa9cdbb224f67076cec0fc9a7",
  "evaluation_time": 124.5314428806305,
  "kg_co2_emissions": null,
  "mteb_version": "1.14.20",
  "scores": {
    "test": [
      {
        "hf_subset": "default",
        "languages": [
          "eng-Latn"
        ],
        "main_score": 0.24709720844621808,
        "map": 0.24709720844621808,
        "mrr": 0.2508524826284701,
        "nAUC_map_diff1": 0.1930839087671338,
        "nAUC_map_max": -0.2087839491206714,
        "nAUC_map_std": -0.13539505001872112,
        "nAUC_mrr_diff1": 0.1725384001333485,
        "nAUC_mrr_max": -0.13631789890833262,
        "nAUC_mrr_std": -0.10584556880907356
      }
    ]
  },
  "task_name": "MindSmallReranking"
}