{
  "dataset_revision": "d3c5e1fc0b855ab6097bf1cda04dd73947d7caab",
  "evaluation_time": 83.14984655380249,
  "kg_co2_emissions": null,
  "mteb_version": "1.14.20",
  "scores": {
    "test": [
      {
        "hf_subset": "default",
        "languages": [
          "eng-Latn"
        ],
        "main_score": 0.3127375047378227,
        "map": 0.3127375047378227,
        "mrr": 0.48948422673912867,
        "nAUC_map_diff1": 0.1940916681030444,
        "nAUC_map_max": 0.3613665397495303,
        "nAUC_map_std": 0.1698675462011364,
        "nAUC_mrr_diff1": 0.2987883978317552,
        "nAUC_mrr_max": 0.39074608726548304,
        "nAUC_mrr_std": 0.1543745294486054
      }
    ]
  },
  "task_name": "SciDocsRR"
}