{
  "dataset_revision": "20a6d6f312dd54037fe07a32d58e5e168867909d",
  "evaluation_time": 14.999450445175171,
  "kg_co2_emissions": null,
  "mteb_version": "1.14.20",
  "scores": {
    "test": [
      {
        "cosine_pearson": 0.2605947678075402,
        "cosine_spearman": 0.27664624091285767,
        "euclidean_pearson": 0.28562146072186534,
        "euclidean_spearman": 0.27624526306165353,
        "hf_subset": "default",
        "languages": [
          "eng-Latn"
        ],
        "main_score": 0.27664624091285767,
        "manhattan_pearson": 0.28619636233537354,
        "manhattan_spearman": 0.27619751852347046,
        "pearson": 0.2605947678075402,
        "spearman": 0.27664624091285767
      }
    ]
  },
  "task_name": "SICK-R"
}