{
  "dataset_revision": "6031580fec1f6af667f0bd2da0a551cf4f0b2375",
  "evaluation_time": 13.253494024276733,
  "kg_co2_emissions": null,
  "mteb_version": "1.14.20",
  "scores": {
    "test": [
      {
        "cosine_pearson": 0.14090021090394816,
        "cosine_spearman": 0.17191971369208656,
        "euclidean_pearson": 0.15474128429200124,
        "euclidean_spearman": 0.16767929062673959,
        "hf_subset": "default",
        "languages": [
          "eng-Latn"
        ],
        "main_score": 0.17191971369208656,
        "manhattan_pearson": 0.15406482727537427,
        "manhattan_spearman": 0.16702272281493621,
        "pearson": 0.14090021090394816,
        "spearman": 0.17191971369208656
      }
    ]
  },
  "task_name": "STS14"
}