{
  "dataset_revision": "a0d554a64d88156834ff5ae9920b964011b16384",
  "evaluation_time": 10.238327026367188,
  "kg_co2_emissions": null,
  "mteb_version": "1.14.20",
  "scores": {
    "test": [
      {
        "cosine_pearson": 0.07176859975794614,
        "cosine_spearman": 0.16648710247072573,
        "euclidean_pearson": 0.1374231208068776,
        "euclidean_spearman": 0.17615141946570026,
        "hf_subset": "default",
        "languages": [
          "eng-Latn"
        ],
        "main_score": 0.16648710247072573,
        "manhattan_pearson": 0.1373744134049643,
        "manhattan_spearman": 0.17621658620873448,
        "pearson": 0.07176859975794614,
        "spearman": 0.16648710247072573
      }
    ]
  },
  "task_name": "STS12"
}