{
  "dataset_revision": "2000358ca161889fa9c082cb41daa8dcfb161a54",
  "evaluation_time": 15.079872369766235,
  "kg_co2_emissions": null,
  "mteb_version": "1.14.19",
  "scores": {
    "test": [
      {
        "hf_subset": "default",
        "languages": [
          "eng-Latn"
        ],
        "main_score": 0.4807141584893898,
        "map": 0.4807141584893898,
        "mrr": 0.6097051840126633,
        "nAUC_map_diff1": 0.086314608482496,
        "nAUC_map_max": 0.14475555535723975,
        "nAUC_map_std": -0.04061023305414268,
        "nAUC_mrr_diff1": 0.13541496679227832,
        "nAUC_mrr_max": 0.19446689236388112,
        "nAUC_mrr_std": -0.06735601935923236
      }
    ]
  },
  "task_name": "AskUbuntuDupQuestions"
}