{
  "dataset_revision": "59042f120c80e8afa9cdbb224f67076cec0fc9a7",
  "evaluation_time": 159.12491512298584,
  "kg_co2_emissions": null,
  "mteb_version": "1.14.19",
  "scores": {
    "test": [
      {
        "hf_subset": "default",
        "languages": [
          "eng-Latn"
        ],
        "main_score": 0.30247826028885816,
        "map": 0.30247826028885816,
        "mrr": 0.31283361347960015,
        "nAUC_map_diff1": 0.23867178684533905,
        "nAUC_map_max": -0.18768072007084075,
        "nAUC_map_std": -0.010498332808388458,
        "nAUC_mrr_diff1": 0.20987954113177323,
        "nAUC_mrr_max": -0.1314187958685098,
        "nAUC_mrr_std": -0.013497476845977257
      }
    ]
  },
  "task_name": "MindSmallReranking"
}