{
  "dataset_revision": "d3c5e1fc0b855ab6097bf1cda04dd73947d7caab",
  "evaluation_time": 132.713369846344,
  "kg_co2_emissions": null,
  "mteb_version": "1.14.19",
  "scores": {
    "test": [
      {
        "hf_subset": "default",
        "languages": [
          "eng-Latn"
        ],
        "main_score": 0.5996445951954377,
        "map": 0.5996445951954377,
        "mrr": 0.8259880732919949,
        "nAUC_map_diff1": 0.10899914103428884,
        "nAUC_map_max": 0.43054074350325494,
        "nAUC_map_std": 0.38142337862650955,
        "nAUC_mrr_diff1": 0.3424474345315962,
        "nAUC_mrr_max": 0.5545720771329711,
        "nAUC_mrr_std": 0.32509857260605507
      }
    ]
  },
  "task_name": "SciDocsRR"
}