{
  "dataset_revision": "20a6d6f312dd54037fe07a32d58e5e168867909d",
  "evaluation_time": 27.850178480148315,
  "kg_co2_emissions": null,
  "mteb_version": "1.14.19",
  "scores": {
    "test": [
      {
        "cosine_pearson": 0.516210232100703,
        "cosine_spearman": 0.47846725167555654,
        "euclidean_pearson": 0.5039287097074359,
        "euclidean_spearman": 0.4859379768282724,
        "hf_subset": "default",
        "languages": [
          "eng-Latn"
        ],
        "main_score": 0.47846725167555654,
        "manhattan_pearson": 0.5221737408275299,
        "manhattan_spearman": 0.5025913356520343,
        "pearson": 0.516210232100703,
        "spearman": 0.47846725167555654
      }
    ]
  },
  "task_name": "SICK-R"
}