{
  "dataset_revision": "ae752c7c21bf194d8b67fd573edf7ae58183cbe3",
  "evaluation_time": 22.079787492752075,
  "kg_co2_emissions": null,
  "mteb_version": "1.14.19",
  "scores": {
    "test": [
      {
        "cosine_pearson": 0.4987936942958776,
        "cosine_spearman": 0.5322572281716961,
        "euclidean_pearson": 0.568609513031841,
        "euclidean_spearman": 0.582863192806071,
        "hf_subset": "default",
        "languages": [
          "eng-Latn"
        ],
        "main_score": 0.5322572281716961,
        "manhattan_pearson": 0.593517467320276,
        "manhattan_spearman": 0.6111812029734843,
        "pearson": 0.4987936942958776,
        "spearman": 0.5322572281716961
      }
    ]
  },
  "task_name": "STS15"
}