{
  "dataset_revision": "a0d554a64d88156834ff5ae9920b964011b16384",
  "evaluation_time": 15.08739161491394,
  "kg_co2_emissions": null,
  "mteb_version": "1.14.19",
  "scores": {
    "test": [
      {
        "cosine_pearson": 0.3991073417346119,
        "cosine_spearman": 0.4457586943017829,
        "euclidean_pearson": 0.419276616759822,
        "euclidean_spearman": 0.42826953792135425,
        "hf_subset": "default",
        "languages": [
          "eng-Latn"
        ],
        "main_score": 0.4457586943017829,
        "manhattan_pearson": 0.4764034999495823,
        "manhattan_spearman": 0.46525529535745647,
        "pearson": 0.3991073417346119,
        "spearman": 0.4457586943017829
      }
    ]
  },
  "task_name": "STS12"
}