{
  "dataset_revision": "59042f120c80e8afa9cdbb224f67076cec0fc9a7",
  "evaluation_time": 126.30990529060364,
  "kg_co2_emissions": null,
  "mteb_version": "1.14.20",
  "scores": {
    "test": [
      {
        "hf_subset": "default",
        "languages": [
          "eng-Latn"
        ],
        "main_score": 0.2568565172863966,
        "map": 0.2568565172863966,
        "mrr": 0.26060485637581127,
        "nAUC_map_diff1": 0.15409080689549315,
        "nAUC_map_max": -0.22135556986387753,
        "nAUC_map_std": -0.12619235881173496,
        "nAUC_mrr_diff1": 0.1397502167456165,
        "nAUC_mrr_max": -0.15218854801479337,
        "nAUC_mrr_std": -0.09394750803255267
      }
    ]
  },
  "task_name": "MindSmallReranking"
}