{
  "dataset_revision": "d3c5e1fc0b855ab6097bf1cda04dd73947d7caab",
  "evaluation_time": 93.38426184654236,
  "kg_co2_emissions": null,
  "mteb_version": "1.14.20",
  "scores": {
    "test": [
      {
        "hf_subset": "default",
        "languages": [
          "eng-Latn"
        ],
        "main_score": 0.32051627618597506,
        "map": 0.32051627618597506,
        "mrr": 0.5038805693217457,
        "nAUC_map_diff1": 0.191559067564495,
        "nAUC_map_max": 0.32676773757308336,
        "nAUC_map_std": 0.19671127993730098,
        "nAUC_mrr_diff1": 0.27962564959157893,
        "nAUC_mrr_max": 0.3425130365879305,
        "nAUC_mrr_std": 0.14823411880172974
      }
    ]
  },
  "task_name": "SciDocsRR"
}