{
  "dataset_revision": "7e90230a92c190f1bf69ae9002b8cea547a64cca",
  "evaluation_time": 8.55208420753479,
  "kg_co2_emissions": null,
  "mteb_version": "1.14.20",
  "scores": {
    "test": [
      {
        "cosine_pearson": 0.16978779066094196,
        "cosine_spearman": 0.19188720629903114,
        "euclidean_pearson": 0.19163005119414725,
        "euclidean_spearman": 0.19610782473966817,
        "hf_subset": "default",
        "languages": [
          "eng-Latn"
        ],
        "main_score": 0.19188720629903114,
        "manhattan_pearson": 0.19140326815445902,
        "manhattan_spearman": 0.19622630887910553,
        "pearson": 0.16978779066094196,
        "spearman": 0.19188720629903114
      }
    ]
  },
  "task_name": "STS13"
}