{
  "dataset_revision": "b0fddb56ed78048fa8b90373c8a3cfc37b684831",
  "evaluation_time": 6.163610935211182,
  "kg_co2_emissions": null,
  "mteb_version": "1.14.20",
  "scores": {
    "test": [
      {
        "cosine_pearson": 0.0838797373807041,
        "cosine_spearman": 0.11632580241927343,
        "euclidean_pearson": 0.10970607379784438,
        "euclidean_spearman": 0.11779436393367583,
        "hf_subset": "default",
        "languages": [
          "eng-Latn"
        ],
        "main_score": 0.11632580241927343,
        "manhattan_pearson": 0.11004955582364187,
        "manhattan_spearman": 0.11826244185897078,
        "pearson": 0.0838797373807041,
        "spearman": 0.11632580241927343
      }
    ]
  },
  "task_name": "STSBenchmark"
}