{
  "dataset_revision": "d3c5e1fc0b855ab6097bf1cda04dd73947d7caab",
  "evaluation_time": 30.55066728591919,
  "kg_co2_emissions": null,
  "mteb_version": "1.14.20",
  "scores": {
    "test": [
      {
        "hf_subset": "default",
        "languages": [
          "eng-Latn"
        ],
        "main_score": 0.37357219690274784,
        "map": 0.37357219690274784,
        "mrr": 0.5883551996297095,
        "nAUC_map_diff1": 0.1923124476225099,
        "nAUC_map_max": 0.3857220887600336,
        "nAUC_map_std": 0.27697288328426006,
        "nAUC_mrr_diff1": 0.2860392742874494,
        "nAUC_mrr_max": 0.3931493441077039,
        "nAUC_mrr_std": 0.24209581428355806
      }
    ]
  },
  "task_name": "SciDocsRR"
}