{
  "dataset_revision": "20a6d6f312dd54037fe07a32d58e5e168867909d",
  "evaluation_time": 9.908699035644531,
  "kg_co2_emissions": null,
  "mteb_version": "1.14.20",
  "scores": {
    "test": [
      {
        "cosine_pearson": 0.37413547000950576,
        "cosine_spearman": 0.3671409391386095,
        "euclidean_pearson": 0.37818339678395707,
        "euclidean_spearman": 0.36053458411459305,
        "hf_subset": "default",
        "languages": [
          "eng-Latn"
        ],
        "main_score": 0.3671409391386095,
        "manhattan_pearson": 0.379579184256159,
        "manhattan_spearman": 0.36211609891471885,
        "pearson": 0.37413547000950576,
        "spearman": 0.3671409391386095
      }
    ]
  },
  "task_name": "SICK-R"
}