{
  "dataset_revision": "d3fb88f8f02e40887cd149695127462bbcf29b4a",
  "evaluation_time": 2.621680498123169,
  "kg_co2_emissions": null,
  "mteb_version": "1.14.20",
  "scores": {
    "test": [
      {
        "cosine_pearson": 0.012385510344165554,
        "cosine_spearman": 0.009247198655501682,
        "euclidean_pearson": -0.003571932415995439,
        "euclidean_spearman": -0.00843995134616147,
        "hf_subset": "default",
        "languages": [
          "eng-Latn"
        ],
        "main_score": 0.009247198655501682,
        "manhattan_pearson": -0.00038046541482810657,
        "manhattan_spearman": -0.012928005416746977,
        "pearson": 0.012385510344165554,
        "spearman": 0.009247198655501682
      }
    ]
  },
  "task_name": "BIOSSES"
}