{
  "dataset_revision": "59042f120c80e8afa9cdbb224f67076cec0fc9a7",
  "evaluation_time": 124.69056057929993,
  "kg_co2_emissions": null,
  "mteb_version": "1.14.20",
  "scores": {
    "test": [
      {
        "hf_subset": "default",
        "languages": [
          "eng-Latn"
        ],
        "main_score": 0.2464416955027816,
        "map": 0.2464416955027816,
        "mrr": 0.2500928152327966,
        "nAUC_map_diff1": 0.2058031371804673,
        "nAUC_map_max": -0.2091525361719462,
        "nAUC_map_std": -0.18574951057309888,
        "nAUC_mrr_diff1": 0.1837773527351669,
        "nAUC_mrr_max": -0.1367743900506469,
        "nAUC_mrr_std": -0.16190115802387778
      }
    ]
  },
  "task_name": "MindSmallReranking"
}