{
  "dataset_revision": "d3c5e1fc0b855ab6097bf1cda04dd73947d7caab",
  "evaluation_time": 33.828208446502686,
  "kg_co2_emissions": null,
  "mteb_version": "1.14.20",
  "scores": {
    "test": [
      {
        "hf_subset": "default",
        "languages": [
          "eng-Latn"
        ],
        "main_score": 0.36413446568131985,
        "map": 0.36413446568131985,
        "mrr": 0.5775700878642055,
        "nAUC_map_diff1": 0.22661653066926518,
        "nAUC_map_max": 0.3573567180821946,
        "nAUC_map_std": 0.28275185888542714,
        "nAUC_mrr_diff1": 0.33762236055915834,
        "nAUC_mrr_max": 0.3756789120815243,
        "nAUC_mrr_std": 0.25507755707864943
      }
    ]
  },
  "task_name": "SciDocsRR"
}