{
  "dataset_revision": "4d8694f8f0e0100860b497b999b3dbed754a0513",
  "evaluation_time": 4.650761127471924,
  "kg_co2_emissions": null,
  "mteb_version": "1.14.20",
  "scores": {
    "test": [
      {
        "cosine_pearson": 0.3314825923773766,
        "cosine_spearman": 0.3472412658645598,
        "euclidean_pearson": 0.32706449535112997,
        "euclidean_spearman": 0.31979507389747364,
        "hf_subset": "default",
        "languages": [
          "eng-Latn"
        ],
        "main_score": 0.3472412658645598,
        "manhattan_pearson": 0.3272402275062262,
        "manhattan_spearman": 0.3197329196712617,
        "pearson": 0.3314825923773766,
        "spearman": 0.3472412658645598
      }
    ]
  },
  "task_name": "STS16"
}