{
  "dataset_revision": "ae752c7c21bf194d8b67fd573edf7ae58183cbe3",
  "evaluation_time": 4.7940473556518555,
  "kg_co2_emissions": null,
  "mteb_version": "1.14.20",
  "scores": {
    "test": [
      {
        "cosine_pearson": 0.3910676814025409,
        "cosine_spearman": 0.4020194023119772,
        "euclidean_pearson": 0.37070200919019003,
        "euclidean_spearman": 0.3467285317776465,
        "hf_subset": "default",
        "languages": [
          "eng-Latn"
        ],
        "main_score": 0.4020194023119772,
        "manhattan_pearson": 0.37080333491940315,
        "manhattan_spearman": 0.34686049798264523,
        "pearson": 0.3910676814025409,
        "spearman": 0.4020194023119772
      }
    ]
  },
  "task_name": "STS15"
}