{
  "dataset_revision": "6031580fec1f6af667f0bd2da0a551cf4f0b2375",
  "evaluation_time": 7.086502313613892,
  "kg_co2_emissions": null,
  "mteb_version": "1.14.20",
  "scores": {
    "test": [
      {
        "cosine_pearson": 0.19390087599186692,
        "cosine_spearman": 0.2200668659929927,
        "euclidean_pearson": 0.22787715180495705,
        "euclidean_spearman": 0.22540379269201244,
        "hf_subset": "default",
        "languages": [
          "eng-Latn"
        ],
        "main_score": 0.2200668659929927,
        "manhattan_pearson": 0.22701533994017103,
        "manhattan_spearman": 0.22458103893593054,
        "pearson": 0.19390087599186692,
        "spearman": 0.2200668659929927
      }
    ]
  },
  "task_name": "STS14"
}