{
  "dataset_revision": "b0fddb56ed78048fa8b90373c8a3cfc37b684831",
  "evaluation_time": 4.340944051742554,
  "kg_co2_emissions": null,
  "mteb_version": "1.14.20",
  "scores": {
    "test": [
      {
        "cosine_pearson": 0.16175683561093293,
        "cosine_spearman": 0.17201453601985658,
        "euclidean_pearson": 0.19670843805437624,
        "euclidean_spearman": 0.19174575338274932,
        "hf_subset": "default",
        "languages": [
          "eng-Latn"
        ],
        "main_score": 0.17201453601985658,
        "manhattan_pearson": 0.1972620679049723,
        "manhattan_spearman": 0.19237144627610117,
        "pearson": 0.16175683561093293,
        "spearman": 0.17201453601985658
      }
    ]
  },
  "task_name": "STSBenchmark"
}