{
  "dataset_revision": "d3c5e1fc0b855ab6097bf1cda04dd73947d7caab",
  "evaluation_time": 73.82979202270508,
  "kg_co2_emissions": null,
  "mteb_version": "1.14.20",
  "scores": {
    "test": [
      {
        "hf_subset": "default",
        "languages": [
          "eng-Latn"
        ],
        "main_score": 0.3363922969816756,
        "map": 0.3363922969816756,
        "mrr": 0.5274779142426201,
        "nAUC_map_diff1": 0.19946189391478938,
        "nAUC_map_max": 0.3402392914039717,
        "nAUC_map_std": 0.2057773010252858,
        "nAUC_mrr_diff1": 0.2878849861398631,
        "nAUC_mrr_max": 0.3530150442238562,
        "nAUC_mrr_std": 0.17446321600339204
      }
    ]
  },
  "task_name": "SciDocsRR"
}