{
  "dataset_revision": "20a6d6f312dd54037fe07a32d58e5e168867909d",
  "evaluation_time": 14.949100971221924,
  "kg_co2_emissions": null,
  "mteb_version": "1.14.20",
  "scores": {
    "test": [
      {
        "cosine_pearson": 0.2972897852508658,
        "cosine_spearman": 0.3069221919261846,
        "euclidean_pearson": 0.30909305327442227,
        "euclidean_spearman": 0.3008990839859223,
        "hf_subset": "default",
        "languages": [
          "eng-Latn"
        ],
        "main_score": 0.3069221919261846,
        "manhattan_pearson": 0.30735257212167993,
        "manhattan_spearman": 0.29926401156556337,
        "pearson": 0.2972897852508658,
        "spearman": 0.3069221919261846
      }
    ]
  },
  "task_name": "SICK-R"
}