{
  "dataset_revision": "e185fbe320c72810689fc5848eb6114e1ef5ec69",
  "evaluation_time": 50.625513553619385,
  "kg_co2_emissions": null,
  "mteb_version": "1.14.20",
  "scores": {
    "test": [
      {
        "hf_subset": "default",
        "languages": [
          "eng-Latn"
        ],
        "main_score": 0.2516032721799724,
        "map": 0.2516032721799724,
        "mrr": 0.23714627896613188,
        "nAUC_map_diff1": 0.17780972883293955,
        "nAUC_map_max": 0.22190487326692623,
        "nAUC_map_std": 0.07764782916110007,
        "nAUC_mrr_diff1": 0.17178470965973636,
        "nAUC_mrr_max": 0.22015398832616712,
        "nAUC_mrr_std": 0.08109811329758483
      }
    ]
  },
  "task_name": "StackOverflowDupQuestions"
}