{
  "dataset_revision": "6031580fec1f6af667f0bd2da0a551cf4f0b2375",
  "evaluation_time": 12.379219770431519,
  "kg_co2_emissions": null,
  "mteb_version": "1.14.20",
  "scores": {
    "test": [
      {
        "cosine_pearson": 0.12800470134322253,
        "cosine_spearman": 0.148156642550177,
        "euclidean_pearson": 0.1546830256098431,
        "euclidean_spearman": 0.16089767424742824,
        "hf_subset": "default",
        "languages": [
          "eng-Latn"
        ],
        "main_score": 0.148156642550177,
        "manhattan_pearson": 0.15530882278512634,
        "manhattan_spearman": 0.16141574203242662,
        "pearson": 0.12800470134322253,
        "spearman": 0.148156642550177
      }
    ]
  },
  "task_name": "STS14"
}