{
  "dataset_revision": "2000358ca161889fa9c082cb41daa8dcfb161a54",
  "evaluation_time": 6.527466773986816,
  "kg_co2_emissions": null,
  "mteb_version": "1.14.20",
  "scores": {
    "test": [
      {
        "hf_subset": "default",
        "languages": [
          "eng-Latn"
        ],
        "main_score": 0.42919106018498016,
        "map": 0.42919106018498016,
        "mrr": 0.5397001275117619,
        "nAUC_map_diff1": 0.11431608649893893,
        "nAUC_map_max": 0.16885755641151268,
        "nAUC_map_std": 0.09151288788514376,
        "nAUC_mrr_diff1": 0.15456951377319122,
        "nAUC_mrr_max": 0.22603883535867986,
        "nAUC_mrr_std": 0.10304469184082299
      }
    ]
  },
  "task_name": "AskUbuntuDupQuestions"
}