{
  "dataset_revision": "59042f120c80e8afa9cdbb224f67076cec0fc9a7",
  "evaluation_time": 118.24231624603271,
  "kg_co2_emissions": null,
  "mteb_version": "1.14.20",
  "scores": {
    "test": [
      {
        "hf_subset": "default",
        "languages": [
          "eng-Latn"
        ],
        "main_score": 0.2545846196128357,
        "map": 0.2545846196128357,
        "mrr": 0.25709999610659345,
        "nAUC_map_diff1": 0.1728506631232558,
        "nAUC_map_max": -0.2432916187667428,
        "nAUC_map_std": -0.1615151092585966,
        "nAUC_mrr_diff1": 0.1605440562494695,
        "nAUC_mrr_max": -0.1756808885451084,
        "nAUC_mrr_std": -0.12883332485500573
      }
    ]
  },
  "task_name": "MindSmallReranking"
}