{
  "dataset_revision": "d3c5e1fc0b855ab6097bf1cda04dd73947d7caab",
  "evaluation_time": 64.46804165840149,
  "kg_co2_emissions": null,
  "mteb_version": "1.14.20",
  "scores": {
    "test": [
      {
        "hf_subset": "default",
        "languages": [
          "eng-Latn"
        ],
        "main_score": 0.33957566820751134,
        "map": 0.33957566820751134,
        "mrr": 0.532431747627826,
        "nAUC_map_diff1": 0.1953315271929604,
        "nAUC_map_max": 0.34686317292043506,
        "nAUC_map_std": 0.21473305296974518,
        "nAUC_mrr_diff1": 0.2803693245164798,
        "nAUC_mrr_max": 0.3647003813026383,
        "nAUC_mrr_std": 0.18299094998031515
      }
    ]
  },
  "task_name": "SciDocsRR"
}