{
  "dataset_revision": "20a6d6f312dd54037fe07a32d58e5e168867909d",
  "evaluation_time": 12.411294937133789,
  "kg_co2_emissions": null,
  "mteb_version": "1.14.20",
  "scores": {
    "test": [
      {
        "cosine_pearson": 0.3141135023154222,
        "cosine_spearman": 0.321860913920421,
        "euclidean_pearson": 0.3238027869770338,
        "euclidean_spearman": 0.3135654673011331,
        "hf_subset": "default",
        "languages": [
          "eng-Latn"
        ],
        "main_score": 0.321860913920421,
        "manhattan_pearson": 0.3236374336062683,
        "manhattan_spearman": 0.31363318364981035,
        "pearson": 0.3141135023154222,
        "spearman": 0.321860913920421
      }
    ]
  },
  "task_name": "SICK-R"
}