{
  "dataset_revision": "e185fbe320c72810689fc5848eb6114e1ef5ec69",
  "evaluation_time": 33.68970441818237,
  "kg_co2_emissions": null,
  "mteb_version": "1.14.20",
  "scores": {
    "test": [
      {
        "hf_subset": "default",
        "languages": [
          "eng-Latn"
        ],
        "main_score": 0.25756946972972644,
        "map": 0.25756946972972644,
        "mrr": 0.24470585582717932,
        "nAUC_map_diff1": 0.19800857470771555,
        "nAUC_map_max": 0.23428039084322494,
        "nAUC_map_std": 0.08386253294682966,
        "nAUC_mrr_diff1": 0.19001375345488747,
        "nAUC_mrr_max": 0.2316873741389414,
        "nAUC_mrr_std": 0.08641428041417144
      }
    ]
  },
  "task_name": "StackOverflowDupQuestions"
}