{
  "dataset_revision": "a0d554a64d88156834ff5ae9920b964011b16384",
  "evaluation_time": 6.501655578613281,
  "kg_co2_emissions": null,
  "mteb_version": "1.14.20",
  "scores": {
    "test": [
      {
        "cosine_pearson": 0.0360406847198781,
        "cosine_spearman": 0.14015241265872944,
        "euclidean_pearson": 0.11760890791995772,
        "euclidean_spearman": 0.16248341216434603,
        "hf_subset": "default",
        "languages": [
          "eng-Latn"
        ],
        "main_score": 0.14015241265872944,
        "manhattan_pearson": 0.11727393787844588,
        "manhattan_spearman": 0.16221583257869077,
        "pearson": 0.0360406847198781,
        "spearman": 0.14015241265872944
      }
    ]
  },
  "task_name": "STS12"
}