{
  "dataset_revision": "b0fddb56ed78048fa8b90373c8a3cfc37b684831",
  "evaluation_time": 4.000633001327515,
  "kg_co2_emissions": null,
  "mteb_version": "1.14.20",
  "scores": {
    "test": [
      {
        "cosine_pearson": 0.11816072001667209,
        "cosine_spearman": 0.13859217277626243,
        "euclidean_pearson": 0.1452792010366553,
        "euclidean_spearman": 0.1439653184867916,
        "hf_subset": "default",
        "languages": [
          "eng-Latn"
        ],
        "main_score": 0.13859217277626243,
        "manhattan_pearson": 0.14607889866036589,
        "manhattan_spearman": 0.14496933449221852,
        "pearson": 0.11816072001667209,
        "spearman": 0.13859217277626243
      }
    ]
  },
  "task_name": "STSBenchmark"
}