{
  "dataset_revision": "20a6d6f312dd54037fe07a32d58e5e168867909d",
  "evaluation_time": 16.786158323287964,
  "kg_co2_emissions": null,
  "mteb_version": "1.14.20",
  "scores": {
    "test": [
      {
        "cosine_pearson": 0.24847765167087074,
        "cosine_spearman": 0.2687335476758809,
        "euclidean_pearson": 0.277849894666471,
        "euclidean_spearman": 0.2676047391364071,
        "hf_subset": "default",
        "languages": [
          "eng-Latn"
        ],
        "main_score": 0.2687335476758809,
        "manhattan_pearson": 0.2781308700296535,
        "manhattan_spearman": 0.2678072729419314,
        "pearson": 0.24847765167087074,
        "spearman": 0.2687335476758809
      }
    ]
  },
  "task_name": "SICK-R"
}