{
  "dataset_revision": "70970daeab8776df92f5ea462b6173c0b46fd2d1",
  "evaluation_time": 14.043362617492676,
  "kg_co2_emissions": null,
  "mteb_version": "1.14.20",
  "scores": {
    "test": [
      {
        "cosine_accuracy": 0.7777314180127556,
        "cosine_accuracy_threshold": 0.9878320097923279,
        "cosine_ap": 0.31700469289848776,
        "cosine_f1": 0.37661463116008576,
        "cosine_f1_threshold": 0.8282738924026489,
        "cosine_precision": 0.24519728975687524,
        "cosine_recall": 0.8116094986807388,
        "dot_accuracy": 0.7748107528163557,
        "dot_accuracy_threshold": 898.966796875,
        "dot_ap": 0.29682062501824924,
        "dot_f1": 0.37683223547563943,
        "dot_f1_threshold": 637.0040893554688,
        "dot_precision": 0.24309011561136207,
        "dot_recall": 0.837730870712401,
        "euclidean_accuracy": 0.7774929963640699,
        "euclidean_accuracy_threshold": 3.713043689727783,
        "euclidean_ap": 0.31532359851258696,
        "euclidean_f1": 0.37451118661452654,
        "euclidean_f1_threshold": 16.134185791015625,
        "euclidean_precision": 0.24735371326954017,
        "euclidean_recall": 0.770712401055409,
        "hf_subset": "default",
        "languages": [
          "eng-Latn"
        ],
        "main_score": 0.31700469289848776,
        "manhattan_accuracy": 0.7774333909518985,
        "manhattan_accuracy_threshold": 95.72698974609375,
        "manhattan_ap": 0.3153383507739448,
        "manhattan_f1": 0.37405872395073264,
        "manhattan_f1_threshold": 435.3462219238281,
        "manhattan_precision": 0.24016190690353048,
        "manhattan_recall": 0.8453825857519789,
        "max_accuracy": 0.7777314180127556,
        "max_ap": 0.31700469289848776,
        "max_f1": 0.37683223547563943,
        "max_precision": 0.24735371326954017,
        "max_recall": 0.8453825857519789,
        "similarity_accuracy": 0.7777314180127556,
        "similarity_accuracy_threshold": 0.9878320097923279,
        "similarity_ap": 0.31700469289848776,
        "similarity_f1": 0.37661463116008576,
        "similarity_f1_threshold": 0.8282738924026489,
        "similarity_precision": 0.24519728975687524,
        "similarity_recall": 0.8116094986807388
      }
    ]
  },
  "task_name": "TwitterSemEval2015"
}