{
  "dataset_revision": "20a6d6f312dd54037fe07a32d58e5e168867909d",
  "evaluation_time": 12.106155395507812,
  "kg_co2_emissions": null,
  "mteb_version": "1.14.20",
  "scores": {
    "test": [
      {
        "cosine_pearson": 0.2759026939715578,
        "cosine_spearman": 0.2910398828032832,
        "euclidean_pearson": 0.2969293259754341,
        "euclidean_spearman": 0.28808896059244576,
        "hf_subset": "default",
        "languages": [
          "eng-Latn"
        ],
        "main_score": 0.2910398828032832,
        "manhattan_pearson": 0.2969573492428949,
        "manhattan_spearman": 0.2883190981821689,
        "pearson": 0.2759026939715578,
        "spearman": 0.2910398828032832
      }
    ]
  },
  "task_name": "SICK-R"
}