{
  "dataset_revision": "e185fbe320c72810689fc5848eb6114e1ef5ec69",
  "evaluation_time": 46.237364530563354,
  "kg_co2_emissions": null,
  "mteb_version": "1.14.20",
  "scores": {
    "test": [
      {
        "hf_subset": "default",
        "languages": [
          "eng-Latn"
        ],
        "main_score": 0.25589691007141246,
        "map": 0.25589691007141246,
        "mrr": 0.24147103917324508,
        "nAUC_map_diff1": 0.16813790221183797,
        "nAUC_map_max": 0.2243656881533656,
        "nAUC_map_std": 0.06879638171977438,
        "nAUC_mrr_diff1": 0.16103172373090568,
        "nAUC_mrr_max": 0.2260141977790844,
        "nAUC_mrr_std": 0.07232932678167761
      }
    ]
  },
  "task_name": "StackOverflowDupQuestions"
}