{
  "dataset_revision": "7e90230a92c190f1bf69ae9002b8cea547a64cca",
  "evaluation_time": 5.21430516242981,
  "kg_co2_emissions": null,
  "mteb_version": "1.14.20",
  "scores": {
    "test": [
      {
        "cosine_pearson": 0.19981885752624565,
        "cosine_spearman": 0.23047985934242166,
        "euclidean_pearson": 0.22048889009511563,
        "euclidean_spearman": 0.22661680910830093,
        "hf_subset": "default",
        "languages": [
          "eng-Latn"
        ],
        "main_score": 0.23047985934242166,
        "manhattan_pearson": 0.22033882768801272,
        "manhattan_spearman": 0.2269907128368651,
        "pearson": 0.19981885752624565,
        "spearman": 0.23047985934242166
      }
    ]
  },
  "task_name": "STS13"
}