{
  "dataset_revision": "d3fb88f8f02e40887cd149695127462bbcf29b4a",
  "evaluation_time": 2.4499564170837402,
  "kg_co2_emissions": null,
  "mteb_version": "1.14.20",
  "scores": {
    "test": [
      {
        "cosine_pearson": 0.029824497469989948,
        "cosine_spearman": 0.011885812994986854,
        "euclidean_pearson": 0.011336978055878102,
        "euclidean_spearman": -0.00355429785455765,
        "hf_subset": "default",
        "languages": [
          "eng-Latn"
        ],
        "main_score": 0.011885812994986854,
        "manhattan_pearson": 0.013759184042315614,
        "manhattan_spearman": 0.007319443886928042,
        "pearson": 0.029824497469989948,
        "spearman": 0.011885812994986854
      }
    ]
  },
  "task_name": "BIOSSES"
}