{
  "dataset_revision": "b0fddb56ed78048fa8b90373c8a3cfc37b684831",
  "evaluation_time": 6.944491386413574,
  "kg_co2_emissions": null,
  "mteb_version": "1.14.20",
  "scores": {
    "test": [
      {
        "cosine_pearson": 0.13419737532648782,
        "cosine_spearman": 0.16619237571810463,
        "euclidean_pearson": 0.14446944481161536,
        "euclidean_spearman": 0.15168450272812398,
        "hf_subset": "default",
        "languages": [
          "eng-Latn"
        ],
        "main_score": 0.16619237571810463,
        "manhattan_pearson": 0.1450780453633942,
        "manhattan_spearman": 0.15143594406552258,
        "pearson": 0.13419737532648782,
        "spearman": 0.16619237571810463
      }
    ]
  },
  "task_name": "STSBenchmark"
}