{
  "dataset_revision": "2000358ca161889fa9c082cb41daa8dcfb161a54",
  "evaluation_time": 6.78580379486084,
  "kg_co2_emissions": null,
  "mteb_version": "1.14.20",
  "scores": {
    "test": [
      {
        "hf_subset": "default",
        "languages": [
          "eng-Latn"
        ],
        "main_score": 0.4342926109553116,
        "map": 0.4342926109553116,
        "mrr": 0.5468539770478829,
        "nAUC_map_diff1": 0.10519564164934782,
        "nAUC_map_max": 0.11292762905245285,
        "nAUC_map_std": -0.013993052509980312,
        "nAUC_mrr_diff1": 0.14968765035639317,
        "nAUC_mrr_max": 0.1397014395282772,
        "nAUC_mrr_std": -0.006153200857110093
      }
    ]
  },
  "task_name": "AskUbuntuDupQuestions"
}