{
  "dataset_revision": "20a6d6f312dd54037fe07a32d58e5e168867909d",
  "evaluation_time": 13.546245336532593,
  "kg_co2_emissions": null,
  "mteb_version": "1.14.20",
  "scores": {
    "test": [
      {
        "cosine_pearson": 0.3047909558729266,
        "cosine_spearman": 0.315433908661545,
        "euclidean_pearson": 0.3249917734247706,
        "euclidean_spearman": 0.3152229685804178,
        "hf_subset": "default",
        "languages": [
          "eng-Latn"
        ],
        "main_score": 0.315433908661545,
        "manhattan_pearson": 0.32536387367357994,
        "manhattan_spearman": 0.31562500180470815,
        "pearson": 0.3047909558729266,
        "spearman": 0.315433908661545
      }
    ]
  },
  "task_name": "SICK-R"
}