{
  "dataset_revision": "e185fbe320c72810689fc5848eb6114e1ef5ec69",
  "evaluation_time": 44.16715383529663,
  "kg_co2_emissions": null,
  "mteb_version": "1.14.20",
  "scores": {
    "test": [
      {
        "hf_subset": "default",
        "languages": [
          "eng-Latn"
        ],
        "main_score": 0.2609953551981306,
        "map": 0.2609953551981306,
        "mrr": 0.2492948126220185,
        "nAUC_map_diff1": 0.19209304134851743,
        "nAUC_map_max": 0.20437301620884182,
        "nAUC_map_std": 0.09844633497649802,
        "nAUC_mrr_diff1": 0.17741615847800535,
        "nAUC_mrr_max": 0.2049486009407321,
        "nAUC_mrr_std": 0.10475185493591443
      }
    ]
  },
  "task_name": "StackOverflowDupQuestions"
}