{
  "dataset_revision": "d3c5e1fc0b855ab6097bf1cda04dd73947d7caab",
  "evaluation_time": 113.63351345062256,
  "kg_co2_emissions": null,
  "mteb_version": "1.14.20",
  "scores": {
    "test": [
      {
        "hf_subset": "default",
        "languages": [
          "eng-Latn"
        ],
        "main_score": 0.3252964034054138,
        "map": 0.3252964034054138,
        "mrr": 0.5004935877484897,
        "nAUC_map_diff1": 0.17958591467300564,
        "nAUC_map_max": 0.2981917680352611,
        "nAUC_map_std": 0.08986396048276415,
        "nAUC_mrr_diff1": 0.25506839770002254,
        "nAUC_mrr_max": 0.29969963246305203,
        "nAUC_mrr_std": 0.0563902809419341
      }
    ]
  },
  "task_name": "SciDocsRR"
}