{
  "dataset_revision": "ae752c7c21bf194d8b67fd573edf7ae58183cbe3",
  "evaluation_time": 11.392259359359741,
  "kg_co2_emissions": null,
  "mteb_version": "1.14.20",
  "scores": {
    "test": [
      {
        "cosine_pearson": 0.2864988950957389,
        "cosine_spearman": 0.30091988204447273,
        "euclidean_pearson": 0.29756818831890086,
        "euclidean_spearman": 0.2848167173109888,
        "hf_subset": "default",
        "languages": [
          "eng-Latn"
        ],
        "main_score": 0.30091988204447273,
        "manhattan_pearson": 0.29675284363995713,
        "manhattan_spearman": 0.28408157015186464,
        "pearson": 0.2864988950957389,
        "spearman": 0.30091988204447273
      }
    ]
  },
  "task_name": "STS15"
}