{
  "dataset_revision": "2000358ca161889fa9c082cb41daa8dcfb161a54",
  "evaluation_time": 8.733933448791504,
  "kg_co2_emissions": null,
  "mteb_version": "1.14.20",
  "scores": {
    "test": [
      {
        "hf_subset": "default",
        "languages": [
          "eng-Latn"
        ],
        "main_score": 0.42500899040526596,
        "map": 0.42500899040526596,
        "mrr": 0.5360242712043266,
        "nAUC_map_diff1": 0.1352316982601629,
        "nAUC_map_max": 0.1869102833919142,
        "nAUC_map_std": 0.02114593352681416,
        "nAUC_mrr_diff1": 0.16596179881856785,
        "nAUC_mrr_max": 0.2511153705927165,
        "nAUC_mrr_std": 0.04916534250550015
      }
    ]
  },
  "task_name": "AskUbuntuDupQuestions"
}