{
  "dataset_revision": "d3fb88f8f02e40887cd149695127462bbcf29b4a",
  "evaluation_time": 2.317211389541626,
  "kg_co2_emissions": null,
  "mteb_version": "1.14.20",
  "scores": {
    "test": [
      {
        "cosine_pearson": 0.04219038579054464,
        "cosine_spearman": 0.08215849854314786,
        "euclidean_pearson": 0.04051506081493194,
        "euclidean_spearman": 0.07600775598466758,
        "hf_subset": "default",
        "languages": [
          "eng-Latn"
        ],
        "main_score": 0.08215849854314786,
        "manhattan_pearson": 0.04416264046777573,
        "manhattan_spearman": 0.08505013069600831,
        "pearson": 0.04219038579054464,
        "spearman": 0.08215849854314786
      }
    ]
  },
  "task_name": "BIOSSES"
}