{
  "dataset_revision": "d3c5e1fc0b855ab6097bf1cda04dd73947d7caab",
  "evaluation_time": 116.72673296928406,
  "kg_co2_emissions": null,
  "mteb_version": "1.14.20",
  "scores": {
    "test": [
      {
        "hf_subset": "default",
        "languages": [
          "eng-Latn"
        ],
        "main_score": 0.31553089144361307,
        "map": 0.31553089144361307,
        "mrr": 0.4885784513235494,
        "nAUC_map_diff1": 0.17420361444192095,
        "nAUC_map_max": 0.31246500620801376,
        "nAUC_map_std": 0.10251742850923082,
        "nAUC_mrr_diff1": 0.25020803072740727,
        "nAUC_mrr_max": 0.33225641418991114,
        "nAUC_mrr_std": 0.05436865952800261
      }
    ]
  },
  "task_name": "SciDocsRR"
}