{
  "dataset_revision": "d3fb88f8f02e40887cd149695127462bbcf29b4a",
  "evaluation_time": 2.9455296993255615,
  "kg_co2_emissions": null,
  "mteb_version": "1.14.20",
  "scores": {
    "test": [
      {
        "cosine_pearson": 0.031099206165238598,
        "cosine_spearman": 0.0837488962272211,
        "euclidean_pearson": 0.05200915954102494,
        "euclidean_spearman": 0.07825479513678622,
        "hf_subset": "default",
        "languages": [
          "eng-Latn"
        ],
        "main_score": 0.0837488962272211,
        "manhattan_pearson": 0.051045509480540034,
        "manhattan_spearman": 0.08070665823306583,
        "pearson": 0.031099206165238598,
        "spearman": 0.0837488962272211
      }
    ]
  },
  "task_name": "BIOSSES"
}