{
  "dataset_revision": "59042f120c80e8afa9cdbb224f67076cec0fc9a7",
  "evaluation_time": 135.6378653049469,
  "kg_co2_emissions": null,
  "mteb_version": "1.14.20",
  "scores": {
    "test": [
      {
        "hf_subset": "default",
        "languages": [
          "eng-Latn"
        ],
        "main_score": 0.25114536204159593,
        "map": 0.25114536204159593,
        "mrr": 0.25155217142445424,
        "nAUC_map_diff1": 0.2051686899598357,
        "nAUC_map_max": -0.270751393422823,
        "nAUC_map_std": -0.23459737728375007,
        "nAUC_mrr_diff1": 0.18746515482305853,
        "nAUC_mrr_max": -0.2076020507224495,
        "nAUC_mrr_std": -0.2166147010469569
      }
    ]
  },
  "task_name": "MindSmallReranking"
}