{
  "dataset_revision": "20a6d6f312dd54037fe07a32d58e5e168867909d",
  "evaluation_time": 18.94458270072937,
  "kg_co2_emissions": null,
  "mteb_version": "1.14.20",
  "scores": {
    "test": [
      {
        "cosine_pearson": 0.28513643629902347,
        "cosine_spearman": 0.2970743450914989,
        "euclidean_pearson": 0.3028219898104708,
        "euclidean_spearman": 0.29365681523293974,
        "hf_subset": "default",
        "languages": [
          "eng-Latn"
        ],
        "main_score": 0.2970743450914989,
        "manhattan_pearson": 0.30241119653033716,
        "manhattan_spearman": 0.29290101341450747,
        "pearson": 0.28513643629902347,
        "spearman": 0.2970743450914989
      }
    ]
  },
  "task_name": "SICK-R"
}